sale_id,order_id,date_id,product_id,customer_id,store_id,quantity,unit_price,discount,total_amount,payment_method,device_type
1,1319,20260216,33,1806,50,3,674.65,0.18,1659.64,Debit Card,Mobile
2,1205,20260216,29,1649,18,4,427.98,0.1,1540.73,Credit Card,Desktop
3,1225,20260216,45,1122,41,1,715.01,0.22,557.71,PayPal,Mobile
4,2813,20260216,23,1887,87,3,249.23,0.21,590.68,Credit Card,Mobile
5,2910,20260216,8,1559,46,3,565.37,0.19,1373.85,PayPal,Desktop
6,1710,20260216,44,1532,69,4,592.11,0.2,1894.75,Debit Card,Desktop
7,596,20260216,4,1373,8,1,546.59,0.01,541.12,Credit Card,Desktop
8,600,20260216,4,1415,38,1,984.36,0.21,777.64,Credit Card,Mobile
9,3556,20260216,44,1515,72,3,823.32,0.03,2395.86,Credit Card,Desktop
10,2852,20260216,19,1420,86,2,535.38,0.24,813.78,Credit Card,Desktop
11,2807,20260216,21,1979,71,3,445.74,0.24,1016.29,Credit Card,Mobile
12,3525,20260216,29,1700,29,3,242.93,0.26,539.3,PayPal,Desktop
13,3180,20260216,47,1975,25,3,569.28,0.18,1400.43,Debit Card,Desktop
14,3943,20260216,12,1506,66,3,984.28,0.02,2893.78,Credit Card,Desktop
15,533,20260216,11,1197,33,4,457.08,0.17,1517.51,Credit Card,Desktop
16,630,20260216,21,1223,7,1,724.2,0.05,687.99,PayPal,Desktop
17,299,20260216,46,651,68,4,800.41,0.17,2657.36,Credit Card,Mobile
18,1704,20260216,35,1100,52,4,114.77,0.15,390.22,Credit Card,Desktop
19,1357,20260216,24,602,28,4,889.23,0.2,2845.54,PayPal,Desktop
20,37,20260216,8,1370,45,3,832.5,0.29,1773.22,Debit Card,Mobile
21,3928,20260216,3,1398,42,2,633.02,0.19,1025.49,Debit Card,Mobile
22,102,20260216,34,1684,99,1,293.76,0.22,229.13,Debit Card,Desktop
23,789,20260216,21,1053,11,2,91.66,0.27,133.82,Credit Card,Mobile
24,864,20260216,43,1290,100,4,556.55,0.19,1803.22,Credit Card,Desktop
25,3599,20260216,48,1588,56,4,245.3,0.25,735.9,PayPal,Mobile
26,1359,20260216,3,180,10,2,196.07,0.14,337.24,Credit Card,Mobile
27,933,20260216,17,835,50,2,580.18,0.17,963.1,Debit Card,Desktop
28,485,20260216,35,13,83,2,350.58,0.12,617.02,PayPal,Mobile
29,1466,20260216,33,218,38,4,93.24,0.25,279.72,PayPal,Desktop
30,1793,20260216,25,810,85,4,132.18,0.23,407.11,Credit Card,Desktop
31,1602,20260216,35,605,82,1,556.79,0.04,534.52,Credit Card,Desktop
32,3552,20260216,47,1327,48,1,892.63,0.29,633.77,Credit Card,Mobile
33,1615,20260216,35,1122,11,4,89.68,0.17,297.74,Debit Card,Mobile
34,3488,20260216,33,292,21,2,251.15,0.27,366.68,Credit Card,Mobile
35,743,20260216,43,1638,73,2,843.01,0.06,1584.86,Credit Card,Desktop
36,276,20260216,17,202,26,1,572.18,0.09,520.68,PayPal,Desktop
37,961,20260216,7,584,80,4,389.28,0.2,1245.7,Credit Card,Mobile
38,2701,20260216,20,1421,75,1,511.57,0.1,460.41,Credit Card,Desktop
39,1283,20260216,16,1610,29,1,960.73,0.05,912.69,PayPal,Desktop
40,3003,20260216,22,1798,62,3,848.1,0.04,2442.53,Debit Card,Desktop
41,446,20260216,12,1323,78,3,786.03,0.15,2004.38,Credit Card,Desktop
42,3005,20260216,41,157,94,3,896.73,0.06,2528.78,Credit Card,Mobile
43,2372,20260216,26,1576,76,2,650.05,0.24,988.08,Credit Card,Mobile
44,2211,20260216,31,1340,100,4,297.59,0.27,868.96,Credit Card,Desktop
45,3004,20260216,19,275,60,4,262.14,0.23,807.39,PayPal,Mobile
46,979,20260216,40,1402,22,4,395.67,0.0,1582.68,PayPal,Mobile
47,2318,20260216,43,1787,19,4,201.26,0.17,668.18,PayPal,Desktop
48,950,20260216,5,542,48,3,88.4,0.23,204.2,Credit Card,Mobile
49,1480,20260216,25,962,59,2,246.44,0.27,359.8,Credit Card,Mobile
50,2136,20260216,41,1700,36,2,357.87,0.21,565.43,PayPal,Desktop
51,2678,20260216,25,749,76,3,567.13,0.05,1616.32,PayPal,Mobile
52,913,20260216,34,832,46,2,289.01,0.29,410.39,Debit Card,Desktop
53,3613,20260216,9,901,22,3,892.81,0.0,2678.43,Credit Card,Mobile
54,766,20260216,11,742,78,4,661.3,0.06,2486.49,PayPal,Mobile
55,2951,20260216,8,987,87,3,268.83,0.24,612.93,Debit Card,Desktop
56,1684,20260216,2,500,6,4,611.25,0.19,1980.45,Credit Card,Mobile
57,2345,20260216,10,115,22,4,648.06,0.01,2566.32,Debit Card,Mobile
58,2309,20260216,41,39,93,1,960.33,0.18,787.47,PayPal,Desktop
59,1931,20260216,31,350,29,3,255.76,0.18,629.17,Debit Card,Mobile
60,2702,20260216,33,542,22,1,829.43,0.05,787.96,PayPal,Desktop
61,1550,20260216,25,271,14,3,616.71,0.02,1813.13,Credit Card,Mobile
62,1720,20260216,10,1241,13,3,866.61,0.15,2209.86,Credit Card,Desktop
63,2177,20260216,33,1541,16,1,619.82,0.26,458.67,Credit Card,Desktop
64,3390,20260216,1,1837,100,1,173.81,0.18,142.52,PayPal,Desktop
65,2858,20260216,34,879,30,3,449.65,0.26,998.22,Debit Card,Desktop
66,3120,20260216,45,1180,13,2,609.6,0.22,950.98,Debit Card,Mobile
67,3519,20260216,6,581,77,4,503.28,0.07,1872.2,PayPal,Desktop
68,3234,20260216,1,1184,67,1,229.57,0.21,181.36,Credit Card,Mobile
69,1294,20260216,27,742,14,4,671.82,0.21,2122.95,Credit Card,Desktop
70,2196,20260216,28,1157,47,2,606.1,0.08,1115.22,PayPal,Desktop
71,2262,20260216,36,989,23,2,427.58,0.06,803.85,Debit Card,Desktop
72,3172,20260216,46,816,95,2,989.08,0.17,1641.87,Credit Card,Mobile
73,663,20260216,7,440,66,1,474.27,0.21,374.67,Debit Card,Desktop
74,214,20260216,11,797,82,2,633.32,0.21,1000.65,Credit Card,Mobile
75,362,20260216,5,539,29,1,498.09,0.18,408.43,Debit Card,Mobile
76,1642,20260216,40,1344,67,2,85.87,0.12,151.13,Debit Card,Mobile
77,827,20260216,43,1907,67,4,658.28,0.13,2290.81,Debit Card,Mobile
78,2861,20260216,15,1260,22,4,794.76,0.15,2702.18,PayPal,Mobile
79,645,20260216,6,566,100,3,277.29,0.0,831.87,Debit Card,Desktop
80,2121,20260216,1,1510,91,4,425.39,0.18,1395.28,Credit Card,Mobile
81,3748,20260216,38,713,45,3,320.27,0.25,720.61,Debit Card,Mobile
82,1655,20260216,37,10,34,4,964.9,0.14,3319.26,Credit Card,Desktop
83,1206,20260216,22,1940,15,1,151.14,0.02,148.12,PayPal,Desktop
84,2844,20260216,29,1979,49,4,822.49,0.17,2730.67,PayPal,Desktop
85,1880,20260216,44,944,76,3,769.6,0.29,1639.25,Credit Card,Desktop
86,3231,20260216,15,1387,90,3,294.93,0.11,787.46,Credit Card,Desktop
87,40,20260216,45,1705,34,2,957.67,0.15,1628.04,Credit Card,Desktop
88,1401,20260216,5,1136,23,1,428.98,0.22,334.6,Debit Card,Desktop
89,749,20260216,48,1400,25,4,257.64,0.17,855.36,Debit Card,Mobile
90,847,20260216,15,416,32,2,748.66,0.26,1108.02,PayPal,Desktop
91,322,20260216,44,1958,85,4,789.99,0.04,3033.56,Debit Card,Mobile
92,1521,20260216,40,646,64,4,960.09,0.25,2880.27,PayPal,Desktop
93,2094,20260216,18,815,29,2,223.73,0.23,344.54,PayPal,Mobile
94,3849,20260216,35,67,65,2,549.45,0.13,956.04,Debit Card,Desktop
95,494,20260216,45,1062,59,2,787.11,0.14,1353.83,Debit Card,Mobile
96,413,20260216,21,741,79,2,690.4,0.11,1228.91,Debit Card,Mobile
97,3927,20260216,40,703,47,2,299.71,0.08,551.47,Credit Card,Desktop
98,1525,20260216,24,1750,52,4,250.01,0.21,790.03,Debit Card,Desktop
99,2810,20260216,15,1668,13,2,592.84,0.29,841.83,PayPal,Desktop
100,804,20260216,10,1639,95,1,577.57,0.26,427.4,Credit Card,Desktop
101,3659,20260216,41,1059,69,3,217.78,0.15,555.34,PayPal,Desktop
102,2326,20260216,4,816,13,2,335.03,0.17,556.15,PayPal,Mobile
103,3437,20260216,41,198,58,2,254.69,0.08,468.63,PayPal,Desktop
104,3817,20260216,17,705,3,4,392.91,0.17,1304.46,Debit Card,Mobile
105,815,20260216,37,1180,84,2,874.0,0.29,1241.08,PayPal,Mobile
106,1997,20260216,50,1509,58,2,387.35,0.2,619.76,Credit Card,Desktop
107,594,20260216,11,1312,44,2,322.2,0.19,521.96,Debit Card,Desktop
108,1285,20260216,21,1338,38,4,125.16,0.1,450.58,PayPal,Desktop
109,1823,20260216,50,1768,47,2,662.41,0.08,1218.83,PayPal,Desktop
110,513,20260216,47,481,85,3,208.95,0.26,463.87,Debit Card,Mobile
111,262,20260216,31,1124,7,4,208.56,0.03,809.21,Credit Card,Desktop
112,1076,20260216,40,319,11,3,776.75,0.02,2283.64,PayPal,Desktop
113,1816,20260216,41,259,17,4,267.89,0.22,835.82,PayPal,Mobile
114,3749,20260216,21,1770,61,2,83.4,0.11,148.45,Debit Card,Desktop
115,2858,20260216,35,363,76,3,472.6,0.29,1006.64,PayPal,Desktop
116,1782,20260216,34,1311,82,4,761.47,0.26,2253.95,PayPal,Desktop
117,367,20260216,29,631,47,1,507.57,0.07,472.04,Debit Card,Desktop
118,3340,20260216,49,1737,18,2,338.39,0.0,676.78,Debit Card,Desktop
119,2015,20260216,49,978,39,4,558.34,0.21,1764.35,Credit Card,Desktop
120,2246,20260216,24,387,53,1,617.15,0.24,469.03,PayPal,Desktop
121,2646,20260216,25,1697,49,4,287.4,0.21,908.18,Credit Card,Desktop
122,3132,20260216,40,1654,89,1,451.13,0.07,419.55,PayPal,Desktop
123,1102,20260216,27,386,9,2,666.03,0.16,1118.93,Credit Card,Mobile
124,1855,20260216,18,1435,80,3,154.84,0.14,399.49,Debit Card,Mobile
125,2192,20260216,2,381,14,1,68.43,0.01,67.75,Debit Card,Desktop
126,954,20260216,6,309,2,4,729.44,0.22,2275.85,Debit Card,Mobile
127,2042,20260216,24,950,90,2,449.23,0.24,682.83,Credit Card,Desktop
128,230,20260216,18,1589,51,1,851.37,0.29,604.47,Credit Card,Desktop
129,3348,20260216,25,1697,2,4,232.58,0.25,697.74,Credit Card,Mobile
130,3022,20260216,3,408,59,4,782.66,0.13,2723.66,PayPal,Mobile
131,1594,20260216,44,1969,40,4,682.71,0.06,2566.99,Debit Card,Mobile
132,2252,20260216,34,251,33,1,741.83,0.22,578.63,Debit Card,Desktop
133,2731,20260216,14,1994,15,1,392.41,0.02,384.56,Credit Card,Desktop
134,2395,20260216,8,811,32,1,64.31,0.24,48.88,Credit Card,Mobile
135,2443,20260216,10,761,99,3,794.3,0.14,2049.29,Credit Card,Mobile
136,1387,20260216,49,1281,8,1,524.92,0.21,414.69,Credit Card,Desktop
137,440,20260216,9,1000,30,1,196.22,0.16,164.82,Debit Card,Desktop
138,1548,20260216,23,1484,18,1,746.53,0.01,739.06,Debit Card,Mobile
139,2224,20260216,45,1004,25,3,721.29,0.17,1796.01,PayPal,Mobile
140,1128,20260216,39,1873,71,1,380.28,0.22,296.62,Credit Card,Mobile
141,1079,20260216,35,752,59,4,197.27,0.09,718.06,Credit Card,Desktop
142,1492,20260216,50,1271,31,1,888.79,0.19,719.92,Debit Card,Mobile
143,778,20260216,34,1400,64,4,968.8,0.25,2906.4,PayPal,Mobile
144,1320,20260216,8,198,67,4,318.97,0.12,1122.77,PayPal,Mobile
145,3578,20260216,3,414,14,4,843.43,0.04,3238.77,Debit Card,Mobile
146,1592,20260216,43,1004,68,3,80.23,0.19,194.96,PayPal,Desktop
147,291,20260216,1,1906,27,3,398.04,0.18,979.18,PayPal,Desktop
148,1479,20260216,36,1523,54,3,494.66,0.19,1202.02,Debit Card,Mobile
149,289,20260216,20,160,28,1,302.52,0.01,299.49,PayPal,Mobile
150,777,20260216,13,1078,85,4,738.91,0.16,2482.74,Credit Card,Mobile
151,433,20260216,50,1308,74,3,761.73,0.12,2010.97,Debit Card,Desktop
152,684,20260216,12,1127,52,3,681.98,0.26,1514.0,PayPal,Desktop
153,1815,20260216,23,1849,41,1,200.27,0.3,140.19,PayPal,Desktop
154,3384,20260216,47,663,78,3,441.73,0.19,1073.4,Credit Card,Mobile
155,1041,20260216,24,1970,58,1,777.42,0.28,559.74,Debit Card,Desktop
156,2441,20260216,2,1061,18,2,740.0,0.29,1050.8,Debit Card,Mobile
157,1290,20260216,2,1581,89,3,985.17,0.06,2778.18,Debit Card,Mobile
158,567,20260216,17,752,75,2,85.85,0.11,152.81,Credit Card,Mobile
159,1638,20260216,37,1880,28,1,820.52,0.03,795.9,PayPal,Mobile
160,3383,20260216,45,1440,74,4,803.26,0.05,3052.39,Credit Card,Desktop
161,322,20260216,50,115,99,3,744.25,0.17,1853.18,Debit Card,Desktop
162,3563,20260216,50,465,96,1,445.7,0.26,329.82,PayPal,Mobile
163,1249,20260216,34,85,41,4,788.55,0.11,2807.24,PayPal,Mobile
164,207,20260216,44,1499,51,4,527.28,0.07,1961.48,Debit Card,Mobile
165,607,20260216,9,689,11,2,460.34,0.24,699.72,Debit Card,Mobile
166,2056,20260216,28,1585,90,1,429.23,0.03,416.35,Credit Card,Mobile
167,2672,20260216,37,402,72,4,581.33,0.15,1976.52,PayPal,Mobile
168,1325,20260216,44,1893,74,3,118.06,0.23,272.72,Credit Card,Mobile
169,781,20260216,21,706,77,3,442.9,0.11,1182.54,PayPal,Mobile
170,3366,20260216,29,1277,19,2,210.79,0.1,379.42,Debit Card,Mobile
171,3104,20260216,47,1747,11,4,239.7,0.11,853.33,Credit Card,Mobile
172,3559,20260216,19,29,44,1,951.49,0.28,685.07,PayPal,Mobile
173,857,20260216,48,1102,28,3,477.56,0.01,1418.35,Credit Card,Desktop
174,579,20260216,45,1432,86,4,508.88,0.22,1587.71,Credit Card,Desktop
175,1047,20260216,11,124,37,4,910.74,0.16,3060.09,Credit Card,Desktop
176,273,20260216,25,1353,35,2,491.71,0.28,708.06,PayPal,Desktop
177,2660,20260216,25,474,49,3,68.12,0.26,151.23,PayPal,Mobile
178,361,20260216,12,408,65,3,510.43,0.18,1255.66,Debit Card,Mobile
179,1367,20260216,32,806,96,1,285.02,0.16,239.42,Credit Card,Mobile
180,1239,20260216,16,1027,36,3,700.1,0.11,1869.27,Credit Card,Desktop
181,121,20260216,36,1944,36,1,895.88,0.24,680.87,Credit Card,Mobile
182,360,20260216,47,783,67,3,902.32,0.2,2165.57,PayPal,Mobile
183,3976,20260216,20,1864,78,2,278.34,0.05,528.85,Debit Card,Desktop
184,2380,20260216,35,1401,26,3,175.18,0.2,420.43,Credit Card,Desktop
185,554,20260216,28,1862,99,1,719.88,0.16,604.7,Credit Card,Mobile
186,2947,20260216,8,378,41,1,114.42,0.16,96.11,Credit Card,Mobile
187,1685,20260216,20,908,96,2,886.13,0.12,1559.59,PayPal,Desktop
188,757,20260216,2,1562,79,3,790.15,0.03,2299.34,PayPal,Desktop
189,952,20260216,15,1408,4,3,588.69,0.07,1642.45,Debit Card,Mobile
190,3466,20260216,39,961,92,2,790.83,0.04,1518.39,PayPal,Desktop
191,564,20260216,11,396,29,3,859.52,0.15,2191.78,Credit Card,Desktop
192,912,20260216,48,1375,26,3,929.16,0.29,1979.11,Credit Card,Mobile
193,3552,20260216,40,1004,89,1,930.75,0.3,651.52,Debit Card,Desktop
194,2491,20260216,48,1689,49,3,456.18,0.23,1053.78,PayPal,Desktop
195,2433,20260216,35,1076,83,3,630.93,0.22,1476.38,PayPal,Mobile
196,3596,20260216,3,1798,32,2,153.85,0.14,264.62,PayPal,Desktop
197,2584,20260216,4,389,38,2,579.82,0.15,985.69,Debit Card,Desktop
198,682,20260216,28,603,79,4,784.99,0.09,2857.36,Credit Card,Mobile
199,2960,20260216,33,232,24,1,838.4,0.14,721.02,PayPal,Mobile
200,733,20260216,30,1209,92,3,442.88,0.14,1142.63,Credit Card,Desktop
201,3716,20260216,46,1632,21,3,287.58,0.21,681.56,PayPal,Mobile
202,1487,20260216,6,1073,91,4,158.46,0.13,551.44,Debit Card,Mobile
203,700,20260713,22,1159,85,3,572.83,0.01,1701.31,Credit Card,Mobile
204,1719,20260316,20,634,94,1,219.92,0.21,173.74,Debit Card,Desktop
205,3934,20261117,13,8,80,4,221.66,0.27,647.25,Debit Card,Mobile
206,3308,20260823,1,1246,64,1,522.75,0.15,444.34,Credit Card,Mobile
207,1810,20261029,6,1232,77,4,676.5,0.14,2327.16,Credit Card,Mobile
208,3360,20261008,14,101,24,4,314.21,0.19,1018.04,Credit Card,Mobile
209,133,20261201,43,1184,78,2,381.57,0.04,732.61,Debit Card,Desktop
210,731,20260214,11,1377,37,1,96.58,0.13,84.02,PayPal,Mobile
211,147,20260822,6,1574,39,3,761.87,0.11,2034.19,Debit Card,Desktop
212,3455,20260714,36,133,38,3,829.25,0.23,1915.57,Debit Card,Mobile
213,2159,20260304,27,1075,27,1,709.89,0.08,653.1,PayPal,Mobile
214,2577,20261110,34,180,62,3,105.28,0.17,262.15,PayPal,Desktop
215,2153,20260807,37,1277,46,3,628.4,0.09,1715.53,Credit Card,Desktop
216,3310,20260924,12,1810,79,1,742.73,0.15,631.32,Credit Card,Desktop
217,2562,20260410,8,1511,27,4,51.5,0.01,203.94,PayPal,Desktop
218,3302,20260731,41,435,2,1,93.22,0.1,83.9,PayPal,Mobile
219,1261,20261220,20,1038,71,4,317.55,0.24,965.35,Debit Card,Mobile
220,2968,20260228,37,1262,4,3,701.54,0.1,1894.16,Credit Card,Mobile
221,1963,20260619,31,1633,5,3,842.13,0.28,1819.0,PayPal,Mobile
222,3544,20260904,35,1835,43,3,197.62,0.14,509.86,Debit Card,Desktop
223,2970,20260129,44,647,72,2,843.35,0.09,1534.9,PayPal,Mobile
224,3753,20260417,23,136,20,4,598.53,0.1,2154.71,Debit Card,Mobile
225,3451,20260623,11,1170,78,2,984.44,0.19,1594.79,Debit Card,Mobile
226,1263,20261101,46,1757,41,2,161.0,0.23,247.94,PayPal,Mobile
227,974,20260520,24,926,39,1,443.18,0.15,376.7,Credit Card,Desktop
228,3186,20260331,13,1871,12,2,156.62,0.24,238.06,Debit Card,Mobile
229,1394,20260905,31,1501,68,1,909.71,0.05,864.22,Debit Card,Desktop
230,3843,20260315,34,1386,17,1,781.01,0.03,757.58,Credit Card,Mobile
231,475,20260824,1,637,6,2,418.21,0.26,618.95,PayPal,Mobile
232,2133,20260620,50,1350,96,4,493.53,0.01,1954.38,Debit Card,Mobile
233,860,20261023,21,411,25,4,770.57,0.19,2496.65,Debit Card,Desktop
234,482,20260930,18,306,21,4,353.19,0.13,1229.1,Debit Card,Mobile
235,420,20260108,14,1112,45,4,960.38,0.17,3188.46,PayPal,Desktop
236,1161,20260519,37,502,22,4,184.48,0.21,582.96,Credit Card,Desktop
237,208,20261110,9,60,61,2,897.63,0.16,1508.02,PayPal,Mobile
238,1606,20260224,12,1444,77,2,414.42,0.03,803.97,PayPal,Desktop
239,812,20261112,46,1554,86,3,387.84,0.1,1047.17,PayPal,Mobile
240,3287,20260827,45,960,13,4,589.4,0.03,2286.87,Debit Card,Desktop
241,1928,20261217,15,1941,29,2,662.2,0.23,1019.79,Credit Card,Desktop
242,2725,20260706,22,1616,42,3,422.47,0.21,1001.25,Debit Card,Desktop
243,1961,20260116,30,1733,22,4,112.1,0.03,434.95,Debit Card,Desktop
244,1662,20261106,46,1632,14,1,595.94,0.15,506.55,Debit Card,Mobile
245,1694,20260604,16,1272,32,3,556.11,0.12,1468.13,PayPal,Mobile
246,3334,20260904,45,1211,56,2,414.63,0.1,746.33,Debit Card,Desktop
247,2743,20261006,5,1515,92,1,709.43,0.05,673.96,PayPal,Desktop
248,2274,20260228,7,1684,57,1,612.55,0.14,526.79,Credit Card,Desktop
249,3335,20260727,39,1580,49,1,116.13,0.03,112.65,Debit Card,Desktop
250,3347,20261127,9,1818,75,3,677.16,0.03,1970.54,PayPal,Mobile
251,1194,20260317,25,1261,74,2,677.84,0.14,1165.88,Debit Card,Mobile
252,2336,20260416,44,624,56,1,697.44,0.09,634.67,PayPal,Desktop
253,2091,20260215,26,1736,17,4,603.59,0.18,1979.78,Debit Card,Mobile
254,4,20260709,46,1147,46,1,906.02,0.29,643.27,Credit Card,Desktop
255,1615,20260116,41,652,92,1,273.48,0.21,216.05,Debit Card,Desktop
256,711,20260715,31,285,25,3,463.43,0.06,1306.87,PayPal,Desktop
257,3575,20260704,43,258,18,3,847.96,0.05,2416.69,Credit Card,Mobile
258,1994,20261128,43,895,18,2,64.92,0.22,101.28,Credit Card,Mobile
259,3661,20261125,45,1238,55,4,815.64,0.26,2414.29,PayPal,Mobile
260,1844,20260821,25,728,29,3,533.94,0.17,1329.51,Credit Card,Desktop
261,2994,20261106,16,1459,65,1,57.06,0.15,48.5,Debit Card,Desktop
262,156,20261007,37,990,91,2,597.53,0.01,1183.11,Debit Card,Mobile
263,582,20261025,47,1498,68,1,507.46,0.21,400.89,Debit Card,Desktop
264,363,20260922,16,968,81,1,124.32,0.27,90.75,PayPal,Mobile
265,1280,20261217,40,109,44,3,652.0,0.24,1486.56,PayPal,Mobile
266,2351,20260829,47,679,54,2,481.33,0.27,702.74,Debit Card,Desktop
267,2448,20260529,48,623,94,4,209.13,0.21,660.85,PayPal,Desktop
268,2347,20260201,4,1345,38,4,647.84,0.17,2150.83,PayPal,Mobile
269,315,20260527,18,517,17,3,510.52,0.04,1470.3,PayPal,Desktop
270,457,20260521,39,358,76,3,864.97,0.0,2594.91,PayPal,Mobile
271,1071,20261204,45,484,63,2,474.32,0.24,720.97,Credit Card,Mobile
272,2440,20260625,10,1716,64,4,984.87,0.29,2797.03,Debit Card,Desktop
273,686,20260502,14,1184,94,4,677.63,0.22,2114.21,Debit Card,Mobile
274,216,20261125,11,951,52,4,301.18,0.25,903.54,Debit Card,Desktop
275,2182,20260901,15,778,88,1,758.84,0.23,584.31,PayPal,Desktop
276,1781,20260831,1,592,58,4,299.49,0.16,1006.29,Debit Card,Desktop
277,3759,20260929,35,1306,46,1,698.73,0.01,691.74,Debit Card,Desktop
278,1046,20260621,42,1197,51,2,306.81,0.24,466.35,Debit Card,Mobile
279,1383,20261211,44,1414,24,1,609.29,0.06,572.73,Debit Card,Mobile
280,1685,20261211,7,1076,14,2,58.05,0.02,113.78,PayPal,Desktop
281,791,20260629,3,49,80,4,258.45,0.08,951.1,Credit Card,Mobile
282,3894,20261101,39,1307,16,4,673.78,0.25,2021.34,PayPal,Mobile
283,2689,20260214,49,1843,83,2,863.62,0.04,1658.15,PayPal,Mobile
284,1913,20260226,43,1918,10,3,710.87,0.08,1962.0,PayPal,Desktop
285,2735,20260522,50,1578,42,2,780.89,0.21,1233.81,Debit Card,Mobile
286,1592,20260207,22,124,34,3,313.42,0.02,921.45,Debit Card,Mobile
287,822,20260814,40,805,23,1,115.93,0.29,82.31,PayPal,Desktop
288,895,20260225,40,1318,14,1,186.68,0.23,143.74,Debit Card,Desktop
289,2981,20260222,17,1592,58,1,83.12,0.02,81.46,Credit Card,Desktop
290,155,20260318,43,800,35,4,670.22,0.0,2680.88,Credit Card,Desktop
291,3850,20260720,50,1005,62,1,595.91,0.15,506.52,Debit Card,Desktop
292,3909,20260205,45,1676,100,3,563.12,0.0,1689.36,Debit Card,Mobile
293,1366,20261018,44,621,52,1,558.54,0.3,390.98,Credit Card,Mobile
294,330,20260707,30,1558,99,2,557.89,0.29,792.2,Debit Card,Mobile
295,2707,20260401,13,613,90,2,576.75,0.29,818.99,Debit Card,Mobile
296,3626,20261119,41,897,95,4,704.4,0.15,2394.96,Credit Card,Mobile
297,2429,20260119,16,1002,50,2,233.44,0.22,364.17,Credit Card,Desktop
298,1841,20260913,2,76,44,3,557.24,0.25,1253.79,Credit Card,Desktop
299,2679,20260122,43,1072,59,1,435.23,0.06,409.12,PayPal,Mobile
300,3013,20261024,10,1002,84,4,271.34,0.02,1063.65,Credit Card,Desktop
301,535,20261113,1,353,81,1,93.51,0.21,73.87,Credit Card,Desktop
302,2421,20260219,5,1675,14,1,483.38,0.05,459.21,Credit Card,Desktop
303,3296,20261101,13,873,44,3,809.22,0.07,2257.72,PayPal,Desktop
304,2236,20260616,9,659,28,2,164.76,0.21,260.32,Credit Card,Mobile
305,3103,20260621,27,345,90,2,110.06,0.08,202.51,Debit Card,Mobile
306,547,20260813,7,1621,81,1,281.46,0.17,233.61,PayPal,Desktop
307,27,20260322,1,368,12,4,64.85,0.15,220.49,PayPal,Desktop
308,1950,20260802,45,260,27,2,708.83,0.24,1077.42,Credit Card,Desktop
309,715,20260925,40,1417,5,4,477.9,0.07,1777.79,PayPal,Mobile
310,3386,20260913,20,713,54,2,631.45,0.03,1225.01,Credit Card,Mobile
311,392,20260409,40,742,98,4,161.63,0.16,543.08,PayPal,Mobile
312,1133,20260826,4,397,15,3,781.81,0.2,1876.34,Credit Card,Desktop
313,177,20260912,4,1321,47,4,217.51,0.2,696.03,Debit Card,Mobile
314,3646,20260811,49,929,6,3,288.81,0.19,701.81,Credit Card,Mobile
315,1987,20261003,33,238,10,3,217.09,0.24,494.97,Credit Card,Desktop
316,3061,20261031,44,1840,42,4,600.77,0.13,2090.68,Credit Card,Mobile
317,1690,20260616,13,770,29,3,266.39,0.07,743.23,Credit Card,Desktop
318,594,20261027,14,1901,79,1,510.19,0.27,372.44,Debit Card,Mobile
319,796,20260718,41,735,35,3,404.81,0.14,1044.41,Credit Card,Desktop
320,1150,20260307,9,228,60,2,80.49,0.17,133.61,Debit Card,Desktop
321,1209,20260329,39,322,82,4,772.32,0.07,2873.03,PayPal,Mobile
322,355,20261023,27,1756,67,1,971.63,0.26,719.01,Debit Card,Mobile
323,60,20261030,47,877,95,4,499.81,0.14,1719.35,Credit Card,Mobile
324,3799,20260617,38,1938,20,2,462.54,0.07,860.32,PayPal,Mobile
325,1928,20260802,47,1575,65,2,981.17,0.01,1942.72,Credit Card,Desktop
326,2854,20260929,7,927,64,2,424.6,0.24,645.39,Credit Card,Mobile
327,1666,20261013,14,272,46,3,765.42,0.21,1814.05,Debit Card,Mobile
328,2741,20261128,20,332,91,3,999.0,0.0,2997.0,Debit Card,Mobile
329,2881,20260821,26,379,48,4,490.57,0.04,1883.79,PayPal,Desktop
330,290,20261227,25,1830,89,4,651.73,0.26,1929.12,Debit Card,Mobile
331,3876,20260601,40,1111,74,1,454.61,0.08,418.24,Credit Card,Mobile
332,225,20261114,33,1937,87,1,886.8,0.22,691.7,Debit Card,Mobile
333,168,20260226,24,751,23,4,413.81,0.14,1423.51,PayPal,Mobile
334,1372,20261015,16,1106,15,3,723.87,0.06,2041.31,PayPal,Desktop
335,3085,20261025,48,1559,29,2,877.57,0.21,1386.56,Debit Card,Desktop
336,224,20260517,5,764,45,4,528.39,0.13,1838.8,Debit Card,Desktop
337,2908,20260914,35,1390,69,1,550.35,0.04,528.34,Debit Card,Desktop
338,2840,20261114,5,386,59,3,399.74,0.2,959.38,Credit Card,Mobile
339,3919,20260720,5,224,22,4,903.05,0.09,3287.1,Debit Card,Mobile
340,837,20261223,34,1950,81,4,190.56,0.05,724.13,Credit Card,Desktop
341,541,20260802,31,711,54,3,971.1,0.16,2447.17,Debit Card,Mobile
342,3285,20260530,15,1710,67,4,229.61,0.01,909.26,PayPal,Desktop
343,3223,20260730,21,996,76,3,599.77,0.2,1439.45,PayPal,Desktop
344,3234,20260823,20,352,34,2,338.88,0.04,650.65,Credit Card,Desktop
345,194,20260710,10,724,37,3,972.19,0.23,2245.76,Debit Card,Mobile
346,1169,20261113,12,1994,23,3,927.93,0.21,2199.19,PayPal,Mobile
347,1297,20260324,37,260,57,3,276.01,0.01,819.75,Debit Card,Desktop
348,2727,20260405,21,705,19,4,244.9,0.21,773.88,Debit Card,Desktop
349,498,20261004,2,829,64,4,976.69,0.16,3281.68,Credit Card,Desktop
350,2238,20260613,33,679,83,3,198.25,0.29,422.27,PayPal,Desktop
351,3090,20260831,37,1366,19,4,901.18,0.29,2559.35,PayPal,Desktop
352,3688,20260623,3,286,87,1,704.69,0.22,549.66,PayPal,Mobile
353,903,20260607,29,732,12,1,73.56,0.19,59.58,Debit Card,Mobile
354,910,20261108,50,570,26,4,659.25,0.18,2162.34,Credit Card,Mobile
355,3923,20261003,6,1999,66,4,856.98,0.2,2742.34,Debit Card,Mobile
356,3865,20260909,4,1861,86,3,351.87,0.18,865.6,Debit Card,Desktop
357,1582,20260317,24,25,37,2,730.17,0.13,1270.5,Debit Card,Desktop
358,359,20260607,14,1491,57,4,978.65,0.26,2896.8,PayPal,Desktop
359,3975,20260815,28,1493,54,1,324.2,0.24,246.39,Credit Card,Mobile
360,3554,20260315,34,687,9,3,247.39,0.14,638.27,PayPal,Desktop
361,1120,20260215,27,359,72,4,56.29,0.19,182.38,Debit Card,Mobile
362,2269,20260413,32,87,39,1,226.71,0.11,201.77,PayPal,Desktop
363,110,20260910,1,316,34,1,581.32,0.14,499.94,Debit Card,Desktop
364,1709,20260305,12,1008,89,2,671.12,0.27,979.84,PayPal,Mobile
365,3976,20260115,5,1227,96,3,163.39,0.08,450.96,Debit Card,Desktop
366,2810,20261017,31,1996,89,3,464.27,0.08,1281.39,Credit Card,Desktop
367,1064,20260920,11,1192,8,2,746.31,0.01,1477.69,Credit Card,Desktop
368,669,20260825,4,559,47,2,884.4,0.04,1698.05,Debit Card,Desktop
369,3836,20260125,5,1053,25,3,325.36,0.16,819.91,PayPal,Mobile
370,1322,20260218,21,1694,88,3,618.82,0.05,1763.64,Debit Card,Desktop
371,2189,20261217,38,721,19,4,713.07,0.11,2538.53,Credit Card,Mobile
372,1688,20260923,22,1887,21,4,317.35,0.23,977.44,Credit Card,Mobile
373,3257,20260321,36,1257,89,2,528.21,0.25,792.32,PayPal,Mobile
374,3354,20260802,9,1892,3,4,487.47,0.02,1910.88,Debit Card,Desktop
375,1811,20260609,39,1072,98,1,706.5,0.04,678.24,Debit Card,Mobile
376,486,20261230,15,264,89,4,339.45,0.22,1059.08,Credit Card,Mobile
377,322,20260607,28,1415,98,4,169.08,0.04,649.27,Credit Card,Mobile
378,175,20260110,13,221,5,1,785.96,0.23,605.19,PayPal,Mobile
379,272,20260829,20,1368,2,2,162.98,0.08,299.88,Credit Card,Mobile
380,757,20261105,43,720,4,1,245.13,0.27,178.94,Credit Card,Mobile
381,658,20260523,33,1600,94,4,951.35,0.1,3424.86,PayPal,Mobile
382,2369,20260916,49,29,68,2,591.72,0.03,1147.94,Credit Card,Mobile
383,18,20260525,47,203,28,4,213.18,0.23,656.59,PayPal,Desktop
384,2759,20260707,7,371,46,1,713.23,0.06,670.44,Debit Card,Desktop
385,3119,20260420,21,254,60,1,538.54,0.12,473.92,Credit Card,Mobile
386,2283,20260911,47,84,11,4,774.16,0.21,2446.35,Debit Card,Desktop
387,3016,20260301,20,1408,57,3,415.54,0.14,1072.09,Credit Card,Desktop
388,3510,20260529,5,1833,61,3,985.71,0.13,2572.7,PayPal,Desktop
389,2753,20260402,7,812,57,1,62.15,0.2,49.72,PayPal,Mobile
390,2419,20260303,7,1519,22,1,186.2,0.12,163.86,Credit Card,Desktop
391,1656,20260412,8,477,55,3,371.7,0.18,914.38,PayPal,Desktop
392,2432,20260523,18,1549,83,3,776.58,0.23,1793.9,Debit Card,Desktop
393,1985,20260901,33,572,19,4,683.34,0.29,1940.69,Debit Card,Mobile
394,2574,20260304,9,61,13,4,288.16,0.15,979.74,PayPal,Mobile
395,734,20260204,25,1239,87,3,523.23,0.01,1553.99,Debit Card,Mobile
396,314,20260605,43,1540,67,4,640.87,0.03,2486.58,Debit Card,Desktop
397,2068,20260414,17,1111,44,4,328.88,0.15,1118.19,PayPal,Mobile
398,488,20260117,25,922,41,2,991.18,0.26,1466.95,Debit Card,Desktop
399,2701,20260824,50,621,91,4,84.18,0.05,319.88,Credit Card,Desktop
400,1997,20260809,49,225,73,1,177.76,0.21,140.43,PayPal,Desktop
401,1925,20261204,31,1152,21,4,576.09,0.16,1935.66,PayPal,Mobile
402,1548,20260720,40,1386,46,4,300.22,0.18,984.72,Debit Card,Desktop
403,3429,20260201,24,715,95,3,76.74,0.01,227.92,PayPal,Mobile
404,1414,20261117,23,844,45,1,374.19,0.03,362.96,Credit Card,Mobile
405,348,20260507,45,135,40,4,272.89,0.09,993.32,Credit Card,Desktop
406,1888,20260328,43,1769,55,4,68.73,0.1,247.43,PayPal,Desktop
407,92,20260517,21,774,74,2,69.38,0.14,119.33,Debit Card,Desktop
408,2830,20261021,44,422,44,4,142.84,0.15,485.66,Debit Card,Desktop
409,1786,20260327,13,1018,82,4,634.09,0.11,2257.36,Credit Card,Mobile
410,2350,20260528,26,1648,29,2,301.9,0.09,549.46,PayPal,Mobile
411,276,20261024,37,1641,68,3,140.0,0.1,378.0,Debit Card,Desktop
412,3375,20260418,20,1034,39,4,379.95,0.02,1489.4,Debit Card,Desktop
413,2111,20260413,30,1376,98,2,443.6,0.08,816.22,PayPal,Mobile
414,765,20260110,37,1023,28,1,646.45,0.15,549.48,PayPal,Desktop
415,2517,20260518,50,1858,56,3,940.3,0.16,2369.56,PayPal,Mobile
416,985,20260925,10,1529,88,1,240.62,0.14,206.93,Debit Card,Desktop
417,264,20260730,41,417,53,1,352.72,0.25,264.54,Debit Card,Desktop
418,968,20261127,26,489,15,2,202.56,0.21,320.04,Credit Card,Mobile
419,1902,20260115,32,1147,56,4,283.31,0.25,849.93,Debit Card,Mobile
420,1059,20260414,18,1349,71,2,201.39,0.04,386.67,Credit Card,Mobile
421,3673,20260906,6,643,78,2,793.12,0.02,1554.52,Debit Card,Mobile
422,3628,20260728,6,813,93,2,901.93,0.2,1443.09,Credit Card,Mobile
423,495,20260227,34,1361,75,2,592.42,0.15,1007.11,PayPal,Desktop
424,501,20260912,50,1653,41,3,890.34,0.07,2484.05,Debit Card,Desktop
425,438,20260501,12,439,36,4,938.73,0.07,3492.08,Debit Card,Desktop
426,2186,20260511,24,1433,15,1,869.75,0.02,852.36,Debit Card,Desktop
427,3603,20260901,10,744,61,1,698.6,0.29,496.01,PayPal,Desktop
428,2482,20260607,3,1724,95,4,70.02,0.29,198.86,PayPal,Mobile
429,1037,20261220,36,788,40,1,921.58,0.2,737.26,PayPal,Desktop
430,3513,20261217,29,796,2,4,165.95,0.26,491.21,Debit Card,Desktop
431,965,20260604,20,431,21,1,135.74,0.25,101.81,Debit Card,Desktop
432,3549,20261126,6,1686,100,2,435.97,0.01,863.22,Debit Card,Desktop
433,1731,20260731,7,1689,21,1,930.17,0.1,837.15,PayPal,Desktop
434,2987,20260917,36,1511,42,4,113.05,0.13,393.41,Debit Card,Mobile
435,1817,20260127,42,279,1,4,659.3,0.06,2478.97,Debit Card,Mobile
436,454,20261118,11,512,67,4,340.27,0.17,1129.7,PayPal,Mobile
437,1309,20261101,29,980,95,4,701.47,0.24,2132.47,Credit Card,Desktop
438,3275,20260330,19,407,11,4,703.09,0.25,2109.27,Debit Card,Desktop
439,3419,20260404,37,460,3,3,423.82,0.11,1131.6,Credit Card,Mobile
440,2873,20260215,11,102,52,3,975.42,0.06,2750.68,PayPal,Desktop
441,1508,20261104,11,1940,73,1,297.15,0.03,288.24,Credit Card,Mobile
442,1859,20260927,44,1013,16,4,463.4,0.28,1334.59,Credit Card,Mobile
443,1091,20260408,19,1529,64,1,948.75,0.24,721.05,Debit Card,Mobile
444,3376,20260809,19,1489,87,4,863.52,0.18,2832.35,Credit Card,Desktop
445,1189,20260403,17,483,80,4,438.1,0.04,1682.3,Debit Card,Mobile
446,352,20260709,1,961,18,3,603.76,0.19,1467.14,Debit Card,Desktop
447,1734,20261218,48,1224,33,3,251.61,0.12,664.25,Credit Card,Mobile
448,962,20261013,31,1861,46,2,105.81,0.1,190.46,PayPal,Mobile
449,1240,20260103,26,1375,48,3,290.97,0.19,707.06,Credit Card,Mobile
450,2019,20261025,22,1798,60,2,220.4,0.05,418.76,Credit Card,Mobile
451,1067,20260612,8,642,6,2,724.74,0.13,1261.05,Credit Card,Desktop
452,1159,20260524,17,1256,98,2,760.43,0.28,1095.02,Debit Card,Desktop
453,2013,20260812,49,1946,20,2,898.04,0.09,1634.43,PayPal,Desktop
454,751,20260128,3,964,34,2,229.47,0.02,449.76,Credit Card,Desktop
455,2028,20260812,3,905,46,1,160.22,0.27,116.96,PayPal,Desktop
456,3551,20260823,10,254,45,3,518.34,0.25,1166.26,Credit Card,Mobile
457,2084,20260526,18,1154,85,2,221.62,0.05,421.08,PayPal,Mobile
458,3142,20261026,37,370,54,4,998.1,0.0,3992.4,Credit Card,Mobile
459,107,20260913,19,1396,88,3,693.06,0.27,1517.8,Credit Card,Desktop
460,3429,20260711,21,315,4,3,610.82,0.29,1301.05,Credit Card,Desktop
461,3913,20261229,18,1217,85,2,676.56,0.14,1163.68,Credit Card,Desktop
462,1331,20260123,47,1504,73,1,673.36,0.29,478.09,Credit Card,Mobile
463,3270,20260125,4,1524,10,2,811.48,0.08,1493.12,PayPal,Desktop
464,3953,20260217,50,1773,52,1,428.92,0.05,407.47,Credit Card,Mobile
465,1168,20260417,42,1542,84,4,204.79,0.23,630.75,Credit Card,Mobile
466,3303,20260602,20,1851,88,3,516.3,0.13,1347.54,PayPal,Mobile
467,2100,20260703,13,1003,58,4,682.24,0.25,2046.72,Debit Card,Desktop
468,3099,20260518,28,1661,48,1,584.9,0.13,508.86,PayPal,Mobile
469,2103,20260811,22,1994,60,1,649.15,0.03,629.68,PayPal,Mobile
470,2029,20261128,34,1290,83,4,701.92,0.05,2667.3,PayPal,Mobile
471,3284,20260529,31,616,20,1,494.81,0.02,484.91,Credit Card,Desktop
472,196,20260508,36,157,6,4,546.94,0.09,1990.86,PayPal,Mobile
473,2707,20260919,47,1165,33,3,453.67,0.03,1320.18,Debit Card,Desktop
474,467,20261027,48,1355,60,4,127.68,0.15,434.11,Credit Card,Mobile
475,2886,20260721,20,643,76,3,93.0,0.12,245.52,PayPal,Desktop
476,1399,20261210,12,433,24,4,477.45,0.24,1451.45,Credit Card,Desktop
477,24,20261211,26,239,2,1,151.01,0.16,126.85,Credit Card,Desktop
478,3956,20260824,48,1233,93,4,707.22,0.26,2093.37,Debit Card,Desktop
479,2829,20261113,44,1973,89,1,822.48,0.19,666.21,PayPal,Desktop
480,782,20260604,8,1672,3,4,133.25,0.04,511.68,PayPal,Mobile
481,2662,20260114,16,893,81,4,248.77,0.19,806.01,PayPal,Mobile
482,1942,20260214,28,45,15,2,335.87,0.14,577.7,Credit Card,Mobile
483,81,20261226,29,1199,32,1,473.0,0.15,402.05,Credit Card,Desktop
484,1368,20261019,1,211,81,2,837.98,0.12,1474.84,PayPal,Desktop
485,2441,20260801,47,1136,38,1,856.19,0.22,667.83,Credit Card,Desktop
486,2505,20260724,44,1854,63,2,511.8,0.18,839.35,Credit Card,Mobile
487,2267,20260928,5,549,83,3,68.07,0.17,169.49,Debit Card,Desktop
488,1421,20260301,29,1429,56,4,520.05,0.28,1497.74,Credit Card,Mobile
489,1795,20260528,15,1040,29,1,739.9,0.14,636.31,PayPal,Desktop
490,1919,20261105,9,1809,38,1,860.78,0.21,680.02,PayPal,Desktop
491,3009,20260802,24,1631,61,4,841.43,0.2,2692.58,Credit Card,Mobile
492,1978,20260525,9,355,26,1,706.16,0.03,684.98,Credit Card,Desktop
493,2023,20260221,20,481,27,1,803.81,0.28,578.74,PayPal,Mobile
494,2773,20260110,11,358,65,2,390.85,0.08,719.16,Credit Card,Mobile
495,495,20260622,36,459,63,1,459.09,0.19,371.86,Debit Card,Desktop
496,2282,20260701,18,1836,20,3,780.91,0.23,1803.9,PayPal,Mobile
497,3273,20261228,30,1972,97,3,97.9,0.28,211.46,Credit Card,Mobile
498,418,20261109,36,86,65,4,629.17,0.26,1862.34,Credit Card,Mobile
499,1482,20261119,11,1492,38,1,162.16,0.06,152.43,PayPal,Desktop
500,632,20260917,42,745,43,4,523.47,0.26,1549.47,Credit Card,Mobile
501,3150,20260414,1,503,61,3,467.15,0.12,1233.28,Debit Card,Desktop
502,2930,20260916,49,850,47,1,212.7,0.08,195.68,PayPal,Mobile
503,3225,20260319,15,283,55,1,765.55,0.16,643.06,Debit Card,Desktop
504,2795,20260823,24,1933,4,4,954.25,0.15,3244.45,Debit Card,Mobile
505,286,20260106,6,693,41,3,731.74,0.16,1843.98,Debit Card,Mobile
506,2705,20260811,42,310,74,1,108.39,0.23,83.46,Credit Card,Desktop
507,2268,20260803,20,1478,96,4,431.9,0.2,1382.08,Debit Card,Desktop
508,2501,20260105,10,1435,52,3,835.65,0.27,1830.07,Debit Card,Mobile
509,1812,20261006,45,708,84,4,643.14,0.19,2083.77,Debit Card,Mobile
510,1598,20260604,47,1473,95,2,130.07,0.16,218.52,Credit Card,Desktop
511,2136,20260420,22,1551,82,1,138.18,0.17,114.69,Credit Card,Mobile
512,1060,20260115,16,1705,100,2,895.8,0.16,1504.94,Debit Card,Desktop
513,1528,20260916,17,1285,65,3,154.92,0.02,455.46,Debit Card,Mobile
514,1839,20260125,20,1173,95,2,768.73,0.28,1106.97,Credit Card,Desktop
515,2383,20260623,37,1464,81,2,983.8,0.24,1495.38,PayPal,Mobile
516,3339,20260629,46,1174,87,3,334.24,0.2,802.18,Credit Card,Desktop
517,2116,20260924,38,395,100,4,750.64,0.03,2912.48,Debit Card,Desktop
518,1688,20260220,6,189,8,2,189.23,0.13,329.26,Debit Card,Mobile
519,2773,20260901,34,825,76,4,254.05,0.02,995.88,PayPal,Desktop
520,1803,20260516,45,1907,63,2,605.09,0.19,980.25,PayPal,Desktop
521,2913,20260325,30,265,91,4,187.13,0.04,718.58,PayPal,Mobile
522,3058,20261222,11,1934,72,3,252.01,0.14,650.19,Debit Card,Mobile
523,1514,20261105,37,594,6,2,859.7,0.03,1667.82,PayPal,Mobile
524,1243,20260302,19,996,4,3,402.89,0.3,846.07,Credit Card,Mobile
525,1250,20261029,19,442,24,2,450.67,0.28,648.96,PayPal,Desktop
526,3566,20260102,3,856,62,3,166.21,0.1,448.77,PayPal,Desktop
527,1546,20261017,31,1709,93,3,479.76,0.1,1295.35,PayPal,Mobile
528,1843,20260312,43,920,20,2,529.53,0.14,910.79,PayPal,Desktop
529,1678,20260215,25,477,51,2,809.82,0.2,1295.71,Debit Card,Mobile
530,2646,20261210,6,1774,22,2,895.54,0.22,1397.04,PayPal,Mobile
531,1266,20261020,36,1322,16,1,648.6,0.23,499.42,PayPal,Mobile
532,3104,20260409,4,1961,73,4,957.41,0.16,3216.9,PayPal,Mobile
533,2697,20260901,35,369,3,1,527.51,0.01,522.23,Debit Card,Mobile
534,2374,20260506,29,174,69,1,838.21,0.25,628.66,PayPal,Desktop
535,3826,20260725,2,697,56,3,609.45,0.15,1554.1,Credit Card,Desktop
536,1054,20260113,6,235,13,2,866.67,0.1,1560.01,PayPal,Mobile
537,368,20260527,10,629,53,4,186.83,0.08,687.53,PayPal,Mobile
538,112,20260131,46,120,39,3,633.75,0.1,1711.12,Debit Card,Mobile
539,1057,20260613,25,1929,16,1,185.34,0.27,135.3,Credit Card,Mobile
540,2020,20260503,33,1541,65,2,764.53,0.18,1253.83,Debit Card,Mobile
541,1668,20260518,5,992,4,3,107.6,0.14,277.61,Debit Card,Mobile
542,2766,20260110,7,505,98,2,305.7,0.29,434.09,PayPal,Mobile
543,3467,20260605,41,1025,27,3,589.83,0.13,1539.46,Credit Card,Desktop
544,2202,20261004,28,1969,72,2,986.04,0.23,1518.5,Debit Card,Mobile
545,2543,20260101,19,1338,22,1,822.01,0.29,583.63,Credit Card,Mobile
546,2786,20260904,25,720,81,4,309.64,0.08,1139.48,Credit Card,Desktop
547,287,20260124,20,184,51,1,203.35,0.16,170.81,PayPal,Mobile
548,3598,20260313,28,432,79,4,738.82,0.3,2068.7,PayPal,Desktop
549,3084,20261216,46,928,35,2,948.14,0.19,1535.99,Credit Card,Desktop
550,1346,20260624,2,1872,89,3,250.09,0.29,532.69,Credit Card,Mobile
551,2756,20261108,12,847,72,1,502.7,0.27,366.97,PayPal,Desktop
552,2659,20260721,42,159,69,4,561.22,0.24,1706.11,Credit Card,Desktop
553,1542,20261211,39,734,50,1,167.24,0.29,118.74,Credit Card,Mobile
554,1821,20260305,1,454,96,4,489.56,0.28,1409.93,Credit Card,Desktop
555,369,20261215,40,1281,39,1,925.33,0.11,823.54,PayPal,Mobile
556,151,20260430,18,1010,91,4,981.11,0.29,2786.35,PayPal,Mobile
557,1623,20260104,8,1782,36,4,236.28,0.25,708.84,PayPal,Desktop
558,2318,20260329,44,1398,78,2,574.2,0.2,918.72,PayPal,Mobile
559,522,20260203,17,1912,73,4,608.76,0.22,1899.33,Credit Card,Desktop
560,3973,20260409,45,1389,69,2,855.28,0.01,1693.45,PayPal,Desktop
561,3842,20261215,28,1313,87,4,582.11,0.14,2002.46,PayPal,Mobile
562,1123,20260615,8,1393,67,3,460.92,0.3,967.93,Debit Card,Desktop
563,2955,20260705,15,97,36,3,541.39,0.01,1607.93,Debit Card,Desktop
564,336,20260611,37,1655,4,3,54.9,0.06,154.82,PayPal,Mobile
565,1024,20261220,13,337,43,4,452.63,0.02,1774.31,Debit Card,Mobile
566,1770,20261117,2,1214,81,2,644.03,0.01,1275.18,Debit Card,Desktop
567,1396,20260507,4,1683,43,2,152.45,0.07,283.56,PayPal,Mobile
568,3130,20260207,7,1281,58,4,786.96,0.19,2549.75,PayPal,Mobile
569,1546,20260213,21,1823,89,3,975.8,0.28,2107.73,Credit Card,Mobile
570,1235,20260201,40,1283,56,3,923.16,0.13,2409.45,Credit Card,Mobile
571,3482,20261213,25,823,13,2,103.0,0.02,201.88,PayPal,Desktop
572,2556,20260430,1,929,50,3,871.35,0.24,1986.68,Debit Card,Desktop
573,3841,20261114,44,1604,4,1,638.27,0.1,574.44,Debit Card,Desktop
574,2438,20261028,46,139,76,2,232.86,0.03,451.75,Credit Card,Mobile
575,1972,20261123,47,1272,57,3,533.45,0.11,1424.31,Credit Card,Mobile
576,1277,20260312,38,893,66,2,807.17,0.02,1582.05,PayPal,Desktop
577,597,20260609,10,962,40,1,604.48,0.16,507.76,PayPal,Desktop
578,2403,20260530,43,1390,19,2,400.39,0.0,800.78,Credit Card,Mobile
579,224,20260917,28,705,26,2,828.22,0.17,1374.85,Credit Card,Mobile
580,2846,20260205,45,958,77,2,374.47,0.2,599.15,PayPal,Desktop
581,1228,20261024,27,674,21,2,587.79,0.1,1058.02,Credit Card,Desktop
582,2617,20260122,15,1420,30,1,521.13,0.28,375.21,Debit Card,Mobile
583,3337,20260503,22,1654,95,4,506.71,0.23,1560.67,Debit Card,Mobile
584,1487,20260724,1,152,46,2,225.03,0.3,315.04,Credit Card,Mobile
585,2399,20260314,49,738,6,2,326.05,0.06,612.97,Credit Card,Mobile
586,1074,20260412,47,357,44,3,319.9,0.07,892.52,PayPal,Mobile
587,1073,20260402,7,43,87,2,236.19,0.05,448.76,Credit Card,Desktop
588,3835,20261202,14,625,59,3,798.04,0.03,2322.3,Credit Card,Desktop
589,3273,20260710,40,1806,56,4,677.86,0.28,1952.24,PayPal,Mobile
590,3256,20260302,13,393,69,1,187.21,0.28,134.79,Debit Card,Desktop
591,1002,20260612,3,1563,79,1,619.57,0.29,439.89,PayPal,Mobile
592,1013,20261002,4,1290,36,4,329.47,0.04,1265.16,Credit Card,Desktop
593,3240,20260418,43,1260,9,1,740.93,0.24,563.11,Credit Card,Desktop
594,2126,20261127,30,367,42,4,763.58,0.11,2718.34,PayPal,Desktop
595,2027,20260927,31,550,75,4,709.78,0.21,2242.9,Debit Card,Mobile
596,3536,20260417,16,811,28,4,258.55,0.06,972.15,Debit Card,Desktop
597,1533,20260713,17,1128,11,1,592.8,0.28,426.82,Credit Card,Mobile
598,2392,20260601,3,953,66,3,472.28,0.11,1260.99,PayPal,Desktop
599,1506,20260807,32,650,35,4,478.59,0.13,1665.49,Debit Card,Mobile
600,311,20260402,23,1847,11,2,469.6,0.08,864.06,Debit Card,Mobile
601,293,20260522,24,79,70,1,930.28,0.03,902.37,Credit Card,Desktop
602,3053,20260411,50,1400,36,4,691.35,0.08,2544.17,Credit Card,Mobile
603,1227,20261006,19,1685,45,4,916.76,0.0,3667.04,Debit Card,Desktop
604,2680,20261024,33,1559,20,2,769.92,0.0,1539.84,Debit Card,Mobile
605,958,20260427,34,1203,71,3,737.17,0.06,2078.82,Debit Card,Desktop
606,770,20260624,28,1578,90,3,802.32,0.09,2190.33,Debit Card,Mobile
607,1535,20260813,9,1183,17,3,477.47,0.17,1188.9,Debit Card,Mobile
608,1392,20260913,15,859,55,4,819.88,0.25,2459.64,PayPal,Desktop
609,96,20261220,37,1609,5,4,560.72,0.1,2018.59,Credit Card,Mobile
610,3743,20260619,39,1176,51,4,589.78,0.24,1792.93,Debit Card,Mobile
611,1945,20260720,7,674,73,1,110.52,0.12,97.26,Debit Card,Desktop
612,728,20260217,3,1693,89,2,212.85,0.2,340.56,PayPal,Desktop
613,3945,20260114,25,582,27,4,227.36,0.02,891.25,Credit Card,Desktop
614,1510,20261204,34,23,22,2,548.18,0.14,942.87,Debit Card,Desktop
615,2198,20260720,27,980,96,2,199.18,0.03,386.41,Credit Card,Desktop
616,1771,20260416,46,1362,61,3,173.44,0.06,489.1,Credit Card,Desktop
617,1880,20261028,18,414,1,1,242.82,0.22,189.4,Credit Card,Desktop
618,1012,20260202,34,674,73,4,833.35,0.18,2733.39,Debit Card,Desktop
619,1180,20260825,42,1805,59,3,597.33,0.22,1397.75,Debit Card,Desktop
620,718,20260720,27,511,23,3,632.38,0.24,1441.83,PayPal,Desktop
621,2862,20260823,37,196,51,4,415.43,0.2,1329.38,PayPal,Mobile
622,3615,20260503,41,1102,38,2,891.26,0.05,1693.39,PayPal,Mobile
623,3723,20261224,32,843,98,3,740.21,0.27,1621.06,PayPal,Mobile
624,3140,20260708,50,668,53,2,122.71,0.03,238.06,Debit Card,Mobile
625,110,20260510,5,1309,89,1,247.0,0.01,244.53,PayPal,Desktop
626,797,20260715,26,78,2,2,376.47,0.12,662.59,Debit Card,Mobile
627,3067,20261230,30,993,60,1,921.28,0.1,829.15,Credit Card,Mobile
628,1793,20261008,9,965,36,2,674.17,0.21,1065.19,Credit Card,Mobile
629,509,20260110,35,1519,51,3,626.64,0.05,1785.92,Credit Card,Mobile
630,629,20261210,29,734,23,3,775.41,0.2,1860.98,Credit Card,Mobile
631,196,20261212,41,1662,67,1,555.68,0.13,483.44,PayPal,Mobile
632,2451,20260719,1,100,99,4,705.83,0.13,2456.29,Debit Card,Mobile
633,375,20260508,2,864,4,1,405.91,0.07,377.5,Credit Card,Desktop
634,3928,20260409,7,1633,86,1,695.96,0.02,682.04,Credit Card,Mobile
635,1340,20260123,21,1152,81,2,444.9,0.03,863.11,Credit Card,Mobile
636,952,20261005,14,217,46,2,425.31,0.13,740.04,Debit Card,Mobile
637,1595,20260108,14,940,29,1,432.03,0.09,393.15,Credit Card,Desktop
638,3627,20261129,14,842,39,3,642.71,0.01,1908.85,PayPal,Desktop
639,3778,20260222,37,352,33,2,726.9,0.24,1104.89,Credit Card,Desktop
640,3983,20261120,50,1421,18,4,711.5,0.2,2276.8,Debit Card,Mobile
641,3488,20261122,43,988,9,2,773.63,0.21,1222.34,Debit Card,Mobile
642,2094,20261108,41,1520,30,2,916.5,0.13,1594.71,PayPal,Mobile
643,509,20260430,20,485,95,4,70.15,0.23,216.06,Debit Card,Mobile
644,2043,20261114,19,414,20,1,125.42,0.04,120.4,Debit Card,Mobile
645,2450,20261125,29,1514,43,4,86.01,0.28,247.71,Credit Card,Desktop
646,2134,20260612,27,1328,37,1,661.42,0.23,509.29,Credit Card,Mobile
647,222,20260619,43,509,88,1,375.59,0.06,353.05,PayPal,Mobile
648,752,20261108,29,1290,1,1,879.07,0.16,738.42,Credit Card,Desktop
649,580,20260205,14,258,12,4,955.98,0.02,3747.44,Credit Card,Mobile
650,1914,20260501,20,337,93,1,532.05,0.13,462.88,Credit Card,Mobile
651,1169,20260806,37,919,82,3,217.61,0.07,607.13,Credit Card,Desktop
652,1632,20260904,25,344,61,4,126.02,0.29,357.9,Debit Card,Desktop
653,639,20260916,31,41,98,3,628.92,0.13,1641.48,Debit Card,Desktop
654,2438,20260212,35,313,71,1,770.92,0.28,555.06,PayPal,Mobile
655,1161,20260512,25,1152,78,2,411.43,0.09,748.8,Debit Card,Mobile
656,634,20260620,13,9,2,1,179.82,0.14,154.65,PayPal,Desktop
657,1617,20260909,48,765,50,3,434.33,0.12,1146.63,Debit Card,Desktop
658,3625,20261125,3,1888,16,3,988.15,0.02,2905.16,Debit Card,Mobile
659,3160,20260410,49,1480,45,4,774.8,0.29,2200.43,PayPal,Desktop
660,2667,20261122,25,1898,55,2,704.06,0.21,1112.41,PayPal,Mobile
661,1481,20260505,41,1448,87,4,503.84,0.28,1451.06,Credit Card,Mobile
662,604,20260514,17,507,78,3,625.16,0.28,1350.35,PayPal,Mobile
663,2915,20260107,25,815,91,1,160.89,0.03,156.06,PayPal,Mobile
664,680,20260923,28,518,89,2,914.45,0.26,1353.39,Debit Card,Desktop
665,3590,20261028,47,1781,12,1,342.58,0.12,301.47,Credit Card,Desktop
666,3065,20260315,26,1432,40,1,305.57,0.06,287.24,Credit Card,Mobile
667,2853,20260909,27,1076,54,2,51.5,0.02,100.94,PayPal,Desktop
668,2884,20260809,9,406,63,4,212.1,0.11,755.08,Credit Card,Mobile
669,824,20260819,4,1536,24,1,588.74,0.06,553.42,Credit Card,Desktop
670,448,20260729,41,341,11,3,468.69,0.27,1026.43,Debit Card,Mobile
671,122,20260713,38,481,62,1,168.45,0.02,165.08,Debit Card,Mobile
672,30,20260105,43,1193,6,2,108.0,0.23,166.32,Credit Card,Mobile
673,2131,20260925,49,545,63,2,802.2,0.11,1427.92,Debit Card,Desktop
674,3647,20261106,22,646,31,2,457.98,0.11,815.2,Debit Card,Desktop
675,3577,20260713,22,1652,13,4,630.27,0.29,1789.97,Credit Card,Desktop
676,3789,20261224,9,53,78,1,431.72,0.25,323.79,Credit Card,Desktop
677,1852,20261225,40,1406,85,4,763.87,0.07,2841.6,Debit Card,Desktop
678,3923,20261205,21,35,82,4,228.54,0.3,639.91,Debit Card,Mobile
679,1985,20260616,26,1514,79,2,694.03,0.07,1290.9,Credit Card,Desktop
680,1951,20260808,43,1756,90,2,942.13,0.28,1356.67,Credit Card,Desktop
681,3563,20260531,34,1795,74,4,626.82,0.21,1980.75,PayPal,Mobile
682,3410,20260307,44,1124,60,1,523.03,0.03,507.34,Credit Card,Desktop
683,997,20260301,14,350,97,3,508.06,0.16,1280.31,PayPal,Mobile
684,657,20260224,21,1849,50,4,463.15,0.21,1463.55,Debit Card,Mobile
685,2747,20260512,8,1363,18,1,682.64,0.29,484.67,PayPal,Desktop
686,917,20260216,37,1570,77,2,805.76,0.1,1450.37,Credit Card,Desktop
687,2970,20260713,25,1340,83,2,914.66,0.22,1426.87,PayPal,Desktop
688,360,20260430,8,183,44,1,262.37,0.03,254.5,PayPal,Mobile
689,1284,20260301,25,1182,95,3,594.2,0.04,1711.3,Credit Card,Desktop
690,1590,20260201,28,655,99,2,610.56,0.06,1147.85,Debit Card,Mobile
691,437,20260924,26,19,69,2,680.56,0.18,1116.12,Debit Card,Desktop
692,897,20260316,32,1393,59,2,825.34,0.09,1502.12,Credit Card,Desktop
693,3391,20260316,45,71,77,1,759.71,0.25,569.78,Debit Card,Desktop
694,3473,20260915,46,1176,62,4,990.82,0.04,3804.75,PayPal,Mobile
695,241,20260911,22,313,92,2,326.92,0.29,464.23,Credit Card,Mobile
696,3179,20261225,12,1755,63,4,748.94,0.28,2156.95,PayPal,Desktop
697,3476,20260603,11,45,71,3,985.17,0.2,2364.41,Debit Card,Desktop
698,3104,20260805,26,801,10,2,694.0,0.3,971.6,PayPal,Desktop
699,3508,20260525,36,807,13,2,711.56,0.06,1337.73,Credit Card,Desktop
700,3829,20261025,46,623,59,3,872.56,0.02,2565.33,PayPal,Mobile
701,1193,20261023,10,430,28,2,180.68,0.21,285.47,PayPal,Mobile
702,2358,20261130,7,1390,19,4,58.68,0.22,183.08,Debit Card,Desktop
703,394,20261214,23,1996,61,1,849.58,0.28,611.7,Credit Card,Mobile
704,2431,20260302,28,1987,20,4,981.26,0.2,3140.03,PayPal,Desktop
705,2002,20260506,20,1409,77,1,82.29,0.07,76.53,Credit Card,Desktop
706,368,20261221,50,950,84,1,991.61,0.2,793.29,Debit Card,Desktop
707,492,20261120,8,170,16,4,670.54,0.11,2387.12,Debit Card,Mobile
708,1965,20260112,18,1421,96,4,607.51,0.3,1701.03,Credit Card,Mobile
709,1777,20260716,20,1171,17,4,509.98,0.19,1652.34,Credit Card,Desktop
710,2202,20260202,12,831,90,4,728.08,0.26,2155.12,Credit Card,Desktop
711,2172,20261012,32,131,67,3,826.59,0.24,1884.63,PayPal,Mobile
712,741,20260417,39,1424,24,2,967.4,0.27,1412.4,Credit Card,Desktop
713,845,20260610,42,331,12,1,166.89,0.04,160.21,PayPal,Desktop
714,1223,20260118,24,1979,70,4,130.38,0.04,500.66,Credit Card,Desktop
715,3876,20261203,34,1853,38,4,50.08,0.09,182.29,PayPal,Desktop
716,2141,20260313,23,1242,69,4,598.22,0.21,1890.38,PayPal,Mobile
717,972,20261219,3,386,19,3,144.06,0.25,324.13,Debit Card,Mobile
718,1471,20260310,18,264,94,4,622.04,0.06,2338.87,PayPal,Desktop
719,2662,20260208,11,820,59,4,572.36,0.08,2106.28,Credit Card,Desktop
720,2196,20261213,14,145,81,4,454.08,0.21,1434.89,PayPal,Desktop
721,1525,20261121,37,1347,83,2,711.96,0.06,1338.48,PayPal,Mobile
722,3227,20260803,28,777,4,3,830.49,0.09,2267.24,PayPal,Mobile
723,2802,20260209,36,834,9,4,306.62,0.16,1030.24,Debit Card,Mobile
724,600,20260705,15,561,2,1,913.78,0.23,703.61,Credit Card,Desktop
725,3792,20260424,8,360,68,1,409.7,0.03,397.41,PayPal,Desktop
726,2167,20261029,23,1435,74,1,830.28,0.15,705.74,Debit Card,Desktop
727,1303,20261108,49,798,24,3,144.11,0.01,428.01,Debit Card,Desktop
728,2813,20260902,33,1461,20,3,612.69,0.08,1691.02,PayPal,Mobile
729,217,20260315,47,1310,48,1,409.86,0.22,319.69,PayPal,Mobile
730,750,20261214,29,725,60,4,628.27,0.21,1985.33,PayPal,Desktop
731,2943,20260522,15,626,82,3,954.99,0.16,2406.57,Credit Card,Desktop
732,2600,20260728,6,158,94,1,782.05,0.25,586.54,Credit Card,Mobile
733,1171,20260326,36,1904,64,1,596.55,0.03,578.65,Credit Card,Desktop
734,1965,20261213,32,1055,88,4,533.25,0.22,1663.74,PayPal,Mobile
735,3406,20260727,48,15,92,2,63.21,0.06,118.83,Debit Card,Desktop
736,3771,20260506,34,1401,78,3,994.51,0.2,2386.82,Credit Card,Desktop
737,2145,20260328,15,359,10,4,690.8,0.26,2044.77,Debit Card,Mobile
738,2030,20260921,25,350,48,1,385.63,0.02,377.92,Credit Card,Desktop
739,3140,20261214,8,595,39,1,287.28,0.16,241.32,Debit Card,Desktop
740,2330,20260516,26,446,40,4,252.41,0.22,787.52,PayPal,Mobile
741,236,20260826,23,13,79,3,897.87,0.25,2020.21,Debit Card,Desktop
742,3647,20260602,47,382,52,2,386.2,0.0,772.4,Debit Card,Mobile
743,2168,20260221,33,1841,20,2,459.26,0.06,863.41,Debit Card,Mobile
744,1025,20260907,15,964,51,1,56.56,0.23,43.55,Debit Card,Desktop
745,3325,20260706,18,223,57,3,456.92,0.05,1302.22,PayPal,Desktop
746,24,20260324,23,1810,91,2,182.88,0.22,285.29,Credit Card,Mobile
747,1725,20260408,48,679,5,3,320.65,0.04,923.47,Credit Card,Mobile
748,487,20260903,27,1002,71,3,961.71,0.29,2048.44,Debit Card,Mobile
749,1638,20260616,33,1487,95,1,763.54,0.23,587.93,Debit Card,Mobile
750,517,20260226,10,705,65,2,959.79,0.24,1458.88,Credit Card,Mobile
751,4000,20260127,39,1511,2,4,694.39,0.1,2499.8,Debit Card,Desktop
752,1757,20260529,16,1265,20,1,318.11,0.02,311.75,PayPal,Mobile
753,1080,20260508,45,507,86,2,317.08,0.03,615.14,Debit Card,Mobile
754,2872,20260831,47,1029,79,2,721.14,0.24,1096.13,Credit Card,Mobile
755,494,20261030,9,822,5,2,647.46,0.04,1243.12,Debit Card,Mobile
756,373,20260316,4,779,53,2,454.99,0.18,746.18,PayPal,Desktop
757,1377,20261225,28,982,8,2,651.64,0.07,1212.05,PayPal,Desktop
758,1490,20261126,18,1932,45,3,99.07,0.03,288.29,PayPal,Desktop
759,168,20260507,1,107,85,1,353.85,0.01,350.31,PayPal,Desktop
760,2485,20260419,7,883,24,3,321.05,0.08,886.1,Debit Card,Desktop
761,2741,20260706,1,1399,71,4,367.57,0.03,1426.17,Credit Card,Desktop
762,3190,20260704,38,1084,78,2,754.23,0.11,1342.53,Debit Card,Mobile
763,358,20261129,7,268,81,1,312.15,0.18,255.96,PayPal,Mobile
764,2681,20260122,13,396,91,2,607.23,0.27,886.56,Debit Card,Mobile
765,1235,20260208,47,972,98,1,944.73,0.19,765.23,Credit Card,Mobile
766,2915,20260123,17,1826,98,3,171.44,0.13,447.46,PayPal,Desktop
767,3731,20260707,28,139,62,1,476.06,0.22,371.33,Debit Card,Mobile
768,529,20260327,19,94,73,4,619.2,0.21,1956.67,Credit Card,Mobile
769,2104,20260723,5,339,57,4,520.27,0.16,1748.11,PayPal,Desktop
770,1113,20261015,14,377,1,1,790.4,0.12,695.55,Credit Card,Mobile
771,3239,20261031,33,933,65,1,711.89,0.26,526.8,PayPal,Desktop
772,1100,20260605,36,244,22,1,859.85,0.09,782.46,Credit Card,Mobile
773,607,20261001,18,1900,18,1,276.31,0.01,273.55,Debit Card,Mobile
774,861,20261125,35,238,1,4,981.02,0.3,2746.86,PayPal,Desktop
775,341,20261120,46,1811,71,2,624.9,0.11,1112.32,Debit Card,Mobile
776,235,20260729,41,1672,2,1,903.42,0.09,822.11,Debit Card,Mobile
777,2202,20260524,43,1778,100,1,217.9,0.29,154.71,PayPal,Mobile
778,3564,20261219,41,1300,78,4,412.88,0.2,1321.22,PayPal,Mobile
779,2383,20260815,41,1655,97,4,259.61,0.08,955.36,Debit Card,Mobile
780,1510,20260817,10,1848,62,3,270.14,0.22,632.13,Credit Card,Desktop
781,722,20260403,13,1167,63,1,486.42,0.24,369.68,PayPal,Mobile
782,3626,20261128,12,1675,51,3,317.94,0.09,867.98,PayPal,Mobile
783,1864,20260205,42,1988,52,4,186.35,0.13,648.5,Credit Card,Mobile
784,85,20260107,8,1693,2,4,623.13,0.11,2218.34,PayPal,Mobile
785,585,20260309,41,1229,2,2,285.93,0.03,554.7,Credit Card,Mobile
786,2898,20261005,6,415,18,1,749.32,0.1,674.39,Debit Card,Desktop
787,999,20260325,4,1114,89,3,342.02,0.14,882.41,Debit Card,Mobile
788,1216,20260111,7,1048,54,4,833.68,0.03,3234.68,Credit Card,Mobile
789,604,20260425,23,1343,37,4,72.8,0.13,253.34,Credit Card,Desktop
790,461,20261218,32,348,15,3,890.01,0.25,2002.52,Credit Card,Mobile
791,485,20260525,24,1891,11,2,389.44,0.18,638.68,Credit Card,Mobile
792,743,20260402,44,871,20,4,457.2,0.1,1645.92,PayPal,Desktop
793,426,20261116,18,1877,64,1,826.68,0.1,744.01,PayPal,Desktop
794,313,20260516,1,1765,20,4,820.18,0.21,2591.77,PayPal,Mobile
795,3264,20260613,31,1669,9,1,190.39,0.13,165.64,Credit Card,Desktop
796,523,20260523,12,1572,50,3,187.43,0.1,506.06,Debit Card,Desktop
797,1696,20260911,39,1626,82,1,452.64,0.21,357.59,Debit Card,Mobile
798,2251,20261201,32,1104,69,3,925.52,0.11,2471.14,Debit Card,Mobile
799,2159,20260716,37,1591,89,1,129.44,0.21,102.26,PayPal,Mobile
800,833,20261226,2,743,72,3,132.89,0.11,354.82,Debit Card,Mobile
801,3477,20260226,50,1678,18,1,106.6,0.1,95.94,Debit Card,Desktop
802,3815,20260315,27,497,27,2,843.49,0.17,1400.19,Credit Card,Mobile
803,587,20260312,25,1502,4,1,161.37,0.21,127.48,PayPal,Desktop
804,2383,20260710,5,977,77,1,101.38,0.03,98.34,Credit Card,Mobile
805,316,20260317,1,1166,54,2,396.98,0.02,778.08,Credit Card,Mobile
806,2862,20260829,20,963,53,4,756.38,0.22,2359.91,PayPal,Desktop
807,1175,20260816,8,320,8,4,792.33,0.21,2503.76,PayPal,Mobile
808,45,20261106,26,1706,55,1,763.58,0.15,649.04,PayPal,Desktop
809,2344,20261011,33,627,91,2,725.84,0.08,1335.55,Credit Card,Desktop
810,1547,20260322,9,1522,28,1,308.24,0.03,298.99,Debit Card,Mobile
811,3998,20260423,36,1240,10,3,422.68,0.25,951.03,PayPal,Desktop
812,3389,20260902,25,338,7,3,347.53,0.19,844.5,Debit Card,Desktop
813,1486,20260410,39,1595,43,1,306.42,0.03,297.23,Credit Card,Mobile
814,868,20260525,39,23,97,4,204.62,0.03,793.93,Debit Card,Mobile
815,985,20261010,18,175,73,4,241.64,0.28,695.92,PayPal,Mobile
816,197,20261016,21,191,40,1,987.17,0.15,839.09,Credit Card,Desktop
817,1289,20260525,49,801,93,1,960.8,0.15,816.68,Debit Card,Mobile
818,3673,20261226,48,1032,13,3,690.95,0.1,1865.57,PayPal,Mobile
819,2402,20260113,3,595,21,4,607.82,0.11,2163.84,Credit Card,Desktop
820,2943,20260210,15,1812,28,1,890.94,0.03,864.21,PayPal,Mobile
821,2985,20260324,39,1335,67,3,993.75,0.15,2534.06,Debit Card,Desktop
822,3506,20260309,28,82,92,4,372.07,0.11,1324.57,PayPal,Desktop
823,308,20260503,10,1162,81,2,248.38,0.18,407.34,Debit Card,Mobile
824,2242,20260108,6,1022,13,3,185.49,0.26,411.79,Debit Card,Desktop
825,1148,20260328,37,745,46,4,937.35,0.05,3561.93,Credit Card,Mobile
826,1939,20260402,17,1563,57,4,725.12,0.14,2494.41,PayPal,Mobile
827,1489,20260305,19,822,53,3,973.1,0.15,2481.41,PayPal,Mobile
828,3900,20260814,21,766,11,2,398.4,0.25,597.6,PayPal,Desktop
829,2796,20260917,3,1272,83,3,477.59,0.26,1060.25,Credit Card,Mobile
830,3495,20261225,7,596,49,4,830.17,0.0,3320.68,Credit Card,Desktop
831,2741,20260207,6,715,60,1,261.9,0.26,193.81,Debit Card,Desktop
832,3758,20260225,26,1574,56,1,131.53,0.22,102.59,Credit Card,Desktop
833,2476,20260618,32,436,90,3,111.25,0.1,300.38,PayPal,Desktop
834,638,20260228,31,299,82,4,314.46,0.01,1245.26,Credit Card,Desktop
835,1558,20261018,4,1918,47,1,79.76,0.18,65.4,Debit Card,Desktop
836,3903,20260420,49,1401,55,4,101.37,0.26,300.06,Debit Card,Desktop
837,1122,20261122,26,168,39,3,217.3,0.04,625.82,PayPal,Desktop
838,1063,20260803,12,1701,7,1,548.54,0.2,438.83,Credit Card,Desktop
839,814,20260625,23,1930,54,4,965.2,0.09,3513.33,Debit Card,Desktop
840,2854,20261002,28,727,89,1,704.39,0.05,669.17,PayPal,Desktop
841,814,20260106,5,1481,86,3,582.86,0.27,1276.46,PayPal,Mobile
842,3008,20260615,48,1691,95,4,680.86,0.25,2042.58,PayPal,Desktop
843,605,20260108,32,1771,41,1,192.98,0.14,165.96,Credit Card,Desktop
844,1846,20260515,9,1300,58,3,544.66,0.0,1633.98,PayPal,Mobile
845,1722,20260119,45,1119,100,1,257.69,0.29,182.96,Credit Card,Desktop
846,3981,20260421,44,1182,2,1,380.68,0.29,270.28,Debit Card,Desktop
847,3355,20260109,8,1433,64,2,336.85,0.09,613.07,PayPal,Desktop
848,2222,20260731,28,1072,98,2,439.87,0.11,782.97,Debit Card,Mobile
849,2265,20260401,39,334,70,3,485.88,0.11,1297.3,Debit Card,Desktop
850,1792,20260526,41,581,90,2,852.84,0.21,1347.49,PayPal,Mobile
851,2661,20260214,2,1263,53,3,815.64,0.03,2373.51,Credit Card,Desktop
852,1820,20261116,33,1191,5,2,930.87,0.03,1805.89,PayPal,Desktop
853,2260,20260804,25,235,26,1,251.28,0.23,193.49,Debit Card,Mobile
854,1692,20260629,42,1442,95,3,969.24,0.27,2122.64,Debit Card,Mobile
855,1097,20260711,43,542,40,3,793.09,0.15,2022.38,Debit Card,Mobile
856,64,20260103,2,315,48,1,905.18,0.12,796.56,PayPal,Desktop
857,1762,20260621,16,1139,51,3,211.89,0.17,527.61,Credit Card,Desktop
858,528,20260127,41,800,94,3,811.27,0.17,2020.06,Credit Card,Desktop
859,408,20260612,46,1641,17,2,541.41,0.13,942.05,PayPal,Mobile
860,3122,20261120,41,1878,34,3,598.09,0.12,1578.96,PayPal,Mobile
861,1792,20260615,1,1288,99,4,243.57,0.03,945.05,PayPal,Mobile
862,3983,20260115,6,1172,49,1,637.19,0.16,535.24,Credit Card,Mobile
863,765,20260821,16,1337,29,2,652.74,0.23,1005.22,Debit Card,Mobile
864,3306,20261002,25,1578,34,2,848.43,0.22,1323.55,PayPal,Mobile
865,95,20260521,41,1187,14,4,128.82,0.04,494.67,Credit Card,Desktop
866,1074,20261102,12,191,10,1,166.55,0.04,159.89,Debit Card,Desktop
867,90,20260417,27,151,63,1,421.26,0.15,358.07,PayPal,Mobile
868,1285,20260418,41,1861,58,2,702.97,0.11,1251.29,Credit Card,Mobile
869,2324,20260602,41,1243,5,3,59.63,0.05,169.95,Credit Card,Desktop
870,2239,20260627,1,325,67,2,509.72,0.18,835.94,PayPal,Desktop
871,95,20260304,34,1049,98,1,233.2,0.01,230.87,Credit Card,Mobile
872,1342,20260706,9,451,11,4,159.05,0.07,591.67,PayPal,Mobile
873,377,20260518,23,1451,71,2,309.98,0.06,582.76,PayPal,Desktop
874,2100,20260828,26,1889,25,1,757.93,0.15,644.24,Debit Card,Mobile
875,1152,20260412,26,211,75,2,702.7,0.27,1025.94,PayPal,Desktop
876,1999,20260326,28,1809,58,3,804.39,0.29,1713.35,Debit Card,Desktop
877,1759,20260613,13,1162,46,2,641.77,0.18,1052.5,Debit Card,Mobile
878,2095,20260819,17,1202,53,2,208.89,0.01,413.6,Debit Card,Desktop
879,1322,20260723,28,1620,24,1,78.44,0.05,74.52,Debit Card,Mobile
880,595,20260207,50,644,16,1,254.42,0.11,226.43,Credit Card,Desktop
881,1907,20261219,37,1629,42,1,60.36,0.1,54.32,Credit Card,Mobile
882,891,20260717,7,1149,36,2,319.43,0.06,600.53,PayPal,Mobile
883,3098,20261021,28,651,41,3,898.03,0.13,2343.86,Credit Card,Mobile
884,1125,20260126,27,245,16,4,812.59,0.15,2762.81,Debit Card,Mobile
885,2361,20261104,2,584,3,4,360.53,0.11,1283.49,PayPal,Mobile
886,1650,20260825,3,1835,69,1,320.15,0.25,240.11,PayPal,Mobile
887,390,20260622,27,1482,39,1,662.54,0.02,649.29,Debit Card,Desktop
888,1283,20260627,32,1255,7,2,430.33,0.17,714.35,Debit Card,Desktop
889,2626,20261223,8,1727,48,4,984.77,0.15,3348.22,PayPal,Mobile
890,569,20260115,7,662,89,1,262.81,0.25,197.11,PayPal,Desktop
891,3696,20260426,24,1672,69,3,211.68,0.06,596.94,Credit Card,Mobile
892,197,20260513,20,154,34,3,889.15,0.01,2640.78,Debit Card,Desktop
893,2390,20260519,30,246,17,1,713.73,0.28,513.89,Debit Card,Mobile
894,1693,20261027,41,916,86,1,893.41,0.29,634.32,Credit Card,Mobile
895,1150,20261023,21,1583,94,4,504.03,0.15,1713.7,Debit Card,Mobile
896,340,20260217,23,1144,32,4,300.62,0.09,1094.26,PayPal,Mobile
897,247,20261222,14,27,86,2,124.12,0.29,176.25,Credit Card,Desktop
898,855,20260717,38,1560,68,4,228.52,0.03,886.66,PayPal,Desktop
899,3473,20260609,33,217,17,3,723.09,0.2,1735.42,Credit Card,Desktop
900,2104,20260717,13,1598,52,3,976.31,0.26,2167.41,Credit Card,Mobile
901,3898,20260523,37,1328,14,1,451.94,0.21,357.03,Credit Card,Desktop
902,3663,20260224,30,384,35,4,757.77,0.07,2818.9,Credit Card,Desktop
903,485,20261205,36,173,46,2,554.34,0.11,986.73,Debit Card,Mobile
904,1367,20260319,4,904,35,3,427.08,0.13,1114.68,Debit Card,Mobile
905,1731,20260126,13,603,25,3,666.19,0.22,1558.88,Debit Card,Mobile
906,2125,20261101,28,224,88,2,312.13,0.18,511.89,Credit Card,Mobile
907,147,20260226,37,546,31,2,258.6,0.02,506.86,Credit Card,Mobile
908,2933,20260522,26,803,51,3,265.14,0.19,644.29,Credit Card,Mobile
909,3219,20261221,14,712,82,3,304.85,0.06,859.68,Debit Card,Desktop
910,2870,20260102,40,977,95,2,139.53,0.15,237.2,Debit Card,Mobile
911,768,20260329,22,1843,59,3,349.36,0.02,1027.12,Credit Card,Mobile
912,728,20261208,17,1805,10,1,500.87,0.1,450.78,Credit Card,Mobile
913,5,20261101,32,1789,32,1,384.54,0.14,330.7,Debit Card,Mobile
914,1191,20260124,15,1076,65,2,827.98,0.17,1374.45,Credit Card,Mobile
915,1375,20260218,29,1005,95,4,144.99,0.24,440.77,Debit Card,Desktop
916,56,20261206,23,617,91,2,512.17,0.11,911.66,Debit Card,Desktop
917,2621,20260227,2,303,53,2,306.44,0.16,514.82,Credit Card,Mobile
918,3036,20260702,45,1994,56,4,522.94,0.07,1945.34,Debit Card,Mobile
919,2617,20260215,7,1978,36,4,234.15,0.29,664.99,PayPal,Desktop
920,1429,20260927,22,801,76,4,216.2,0.27,631.3,Debit Card,Desktop
921,2875,20260608,22,1709,79,1,231.04,0.17,191.76,Credit Card,Desktop
922,1422,20260821,19,226,2,3,588.33,0.24,1341.39,Debit Card,Mobile
923,1187,20260827,40,1144,86,1,696.88,0.16,585.38,Credit Card,Desktop
924,64,20260907,30,84,28,3,323.85,0.24,738.38,Debit Card,Mobile
925,1443,20260128,43,1709,1,1,513.95,0.0,513.95,Credit Card,Desktop
926,3519,20260312,33,1363,99,3,382.71,0.08,1056.28,PayPal,Mobile
927,3003,20260214,13,885,75,1,727.54,0.04,698.44,Credit Card,Desktop
928,1019,20260423,44,1305,50,4,80.53,0.28,231.93,Debit Card,Desktop
929,2446,20260220,20,355,73,2,898.38,0.28,1293.67,Debit Card,Desktop
930,1025,20261024,9,853,71,1,182.22,0.23,140.31,Credit Card,Desktop
931,2574,20260606,30,1118,24,3,131.32,0.17,326.99,Debit Card,Desktop
932,1284,20260219,33,1915,88,4,181.68,0.13,632.25,PayPal,Desktop
933,3939,20260828,27,945,4,1,386.48,0.14,332.37,PayPal,Mobile
934,3715,20260804,20,1612,32,1,134.01,0.04,128.65,PayPal,Desktop
935,3596,20260307,19,110,97,4,639.85,0.27,1868.36,Debit Card,Mobile
936,3126,20260726,34,943,7,1,686.58,0.14,590.46,Credit Card,Mobile
937,1366,20260519,39,200,38,2,838.4,0.19,1358.21,PayPal,Desktop
938,3033,20261220,38,1382,66,1,364.74,0.02,357.45,PayPal,Mobile
939,3033,20261226,32,280,29,2,244.81,0.04,470.04,PayPal,Mobile
940,3837,20260604,1,1650,63,2,646.83,0.22,1009.05,PayPal,Mobile
941,3605,20260228,8,1065,13,4,113.78,0.05,432.36,Credit Card,Mobile
942,1818,20260223,26,114,16,1,500.06,0.25,375.05,Debit Card,Desktop
943,3448,20260905,35,534,79,4,983.56,0.25,2950.68,PayPal,Desktop
944,2606,20261203,2,379,19,1,636.3,0.13,553.58,PayPal,Mobile
945,821,20260329,31,984,38,1,535.94,0.21,423.39,Debit Card,Mobile
946,1603,20261029,25,1429,14,3,518.32,0.2,1243.97,Debit Card,Desktop
947,493,20260806,37,798,2,1,190.76,0.09,173.59,PayPal,Desktop
948,2540,20260118,29,88,46,4,662.85,0.27,1935.52,Credit Card,Desktop
949,1466,20260823,33,1753,65,2,313.06,0.29,444.55,Credit Card,Desktop
950,715,20261228,42,311,46,1,548.8,0.15,466.48,PayPal,Desktop
951,1141,20260824,49,1349,39,3,729.42,0.24,1663.08,Debit Card,Mobile
952,2482,20261127,43,370,74,4,509.56,0.29,1447.15,PayPal,Desktop
953,2379,20260308,23,1198,80,1,712.88,0.18,584.56,Debit Card,Mobile
954,950,20260124,7,1363,14,4,78.05,0.22,243.52,Debit Card,Desktop
955,3312,20260615,47,1630,31,3,771.91,0.29,1644.17,Credit Card,Mobile
956,264,20260716,4,1254,33,3,768.02,0.13,2004.53,Credit Card,Mobile
957,2586,20260207,2,1892,23,4,469.45,0.11,1671.24,Debit Card,Mobile
958,2611,20261224,37,1140,26,1,477.03,0.04,457.95,Credit Card,Desktop
959,825,20260909,48,332,56,2,465.64,0.09,847.46,PayPal,Mobile
960,2739,20260214,7,417,5,3,603.0,0.19,1465.29,Credit Card,Mobile
961,3541,20260704,5,698,24,1,785.67,0.17,652.11,PayPal,Desktop
962,1941,20260408,33,722,46,1,840.78,0.17,697.85,PayPal,Mobile
963,3580,20260204,5,1166,11,2,466.93,0.19,756.43,Credit Card,Desktop
964,2464,20260221,35,678,3,3,162.03,0.07,452.06,Credit Card,Desktop
965,3574,20260509,11,1983,37,3,420.91,0.11,1123.83,Credit Card,Mobile
966,1636,20260923,40,117,70,1,935.22,0.15,794.94,PayPal,Mobile
967,1078,20261026,42,62,5,1,497.43,0.28,358.15,Debit Card,Desktop
968,244,20260514,9,419,71,2,240.49,0.27,351.12,PayPal,Desktop
969,2022,20261206,5,1650,73,2,916.7,0.02,1796.73,PayPal,Mobile
970,2451,20260627,48,1255,11,3,982.0,0.28,2121.12,PayPal,Desktop
971,146,20260308,32,1040,29,4,306.98,0.01,1215.64,PayPal,Desktop
972,3590,20260809,15,44,8,3,503.71,0.23,1163.57,Credit Card,Mobile
973,2801,20261001,48,38,71,1,627.73,0.11,558.68,Debit Card,Mobile
974,1761,20260718,45,875,71,3,777.4,0.21,1842.44,Credit Card,Mobile
975,3701,20260813,24,721,25,4,162.09,0.18,531.66,Debit Card,Desktop
976,42,20260130,15,846,96,2,276.26,0.03,535.94,PayPal,Mobile
977,233,20260108,5,117,17,4,879.59,0.07,3272.07,Debit Card,Mobile
978,2684,20260525,16,599,17,4,91.53,0.1,329.51,PayPal,Desktop
979,313,20260903,17,1922,70,4,674.7,0.2,2159.04,Credit Card,Desktop
980,3749,20261228,15,909,92,2,748.46,0.11,1332.26,Debit Card,Desktop
981,2158,20261010,18,654,90,4,328.05,0.2,1049.76,PayPal,Mobile
982,3894,20260128,40,996,36,4,379.3,0.12,1335.14,Credit Card,Mobile
983,1250,20260312,48,1133,27,4,849.35,0.16,2853.82,Credit Card,Desktop
984,1804,20260314,42,1566,59,1,84.07,0.07,78.19,Credit Card,Mobile
985,2410,20260913,25,616,11,4,844.51,0.08,3107.8,Credit Card,Desktop
986,1568,20261109,25,910,6,2,414.74,0.01,821.19,Credit Card,Mobile
987,215,20260714,43,625,5,4,225.21,0.13,783.73,PayPal,Desktop
988,1378,20260114,17,1660,97,4,914.55,0.23,2816.81,PayPal,Mobile
989,1778,20260115,28,1603,94,2,373.9,0.25,560.85,PayPal,Mobile
990,3820,20260225,44,589,69,4,575.63,0.29,1634.79,Debit Card,Desktop
991,1066,20261021,11,1967,49,2,733.26,0.23,1129.22,Debit Card,Mobile
992,2796,20260309,18,176,32,4,912.33,0.08,3357.37,PayPal,Desktop
993,1124,20260622,24,551,85,2,592.53,0.01,1173.21,Debit Card,Mobile
994,3425,20260305,17,1736,23,4,341.55,0.2,1092.96,Debit Card,Desktop
995,3957,20260109,23,984,82,4,467.91,0.14,1609.61,PayPal,Mobile
996,1133,20260729,40,1130,41,1,105.66,0.28,76.08,Credit Card,Desktop
997,1064,20260403,32,261,30,1,295.11,0.24,224.28,PayPal,Mobile
998,954,20260317,8,1341,5,4,877.68,0.2,2808.58,Credit Card,Desktop
999,934,20261024,4,1950,92,4,351.47,0.17,1166.88,Debit Card,Desktop
1000,1448,20260109,35,1472,6,3,694.47,0.26,1541.72,PayPal,Mobile
1001,464,20260629,33,159,31,2,153.71,0.15,261.31,Credit Card,Desktop
1002,1704,20261020,5,1315,55,3,402.79,0.25,906.28,Debit Card,Mobile
1003,1373,20260113,27,1838,84,1,360.21,0.24,273.76,Debit Card,Desktop
1004,183,20260531,19,1906,20,1,640.82,0.05,608.78,PayPal,Mobile
1005,2093,20260224,46,1600,95,1,628.59,0.24,477.73,PayPal,Desktop
1006,2692,20260421,47,308,49,1,409.9,0.17,340.22,PayPal,Mobile
1007,2316,20260209,33,1177,81,4,960.69,0.3,2689.93,PayPal,Desktop
1008,2162,20261003,4,1244,61,1,746.39,0.25,559.79,PayPal,Desktop
1009,1201,20260612,16,674,32,4,305.72,0.25,917.16,Debit Card,Mobile
1010,2839,20260822,16,912,94,4,349.08,0.29,991.39,Debit Card,Desktop
1011,3747,20260210,24,1339,62,1,384.39,0.15,326.73,PayPal,Mobile
1012,3391,20260818,9,1896,69,1,796.99,0.07,741.2,Credit Card,Desktop
1013,1067,20261212,19,700,41,2,605.52,0.04,1162.6,Credit Card,Mobile
1014,2360,20260729,32,1296,99,3,449.97,0.29,958.44,Credit Card,Mobile
1015,1079,20260821,49,1136,92,1,64.74,0.04,62.15,Debit Card,Mobile
1016,99,20260306,45,342,10,2,875.99,0.25,1313.99,Credit Card,Desktop
1017,2282,20260805,16,1459,38,2,386.65,0.12,680.5,Credit Card,Desktop
1018,2959,20260622,3,152,95,3,611.9,0.18,1505.27,Debit Card,Desktop
1019,1785,20260729,19,1552,62,4,649.29,0.22,2025.78,PayPal,Mobile
1020,3360,20260404,33,172,20,1,737.52,0.18,604.77,Credit Card,Desktop
1021,1797,20261212,12,1042,93,3,666.93,0.11,1780.7,PayPal,Desktop
1022,198,20260219,37,1061,68,1,270.65,0.15,230.05,PayPal,Desktop
1023,731,20260527,10,86,95,2,356.66,0.1,641.99,PayPal,Mobile
1024,2521,20260809,21,204,45,2,543.18,0.17,901.68,Debit Card,Mobile
1025,917,20260302,11,591,34,4,323.45,0.15,1099.73,PayPal,Mobile
1026,848,20260429,36,1718,66,2,683.11,0.04,1311.57,Credit Card,Mobile
1027,2212,20261103,35,1637,25,2,907.41,0.29,1288.52,Credit Card,Desktop
1028,3883,20260114,37,874,94,3,401.06,0.08,1106.93,Debit Card,Mobile
1029,2894,20260821,8,911,56,1,330.19,0.03,320.28,Debit Card,Desktop
1030,2997,20260214,43,239,46,1,871.28,0.3,609.9,Credit Card,Mobile
1031,1131,20260208,30,1292,95,3,360.76,0.15,919.94,PayPal,Mobile
1032,158,20261228,28,206,91,4,703.54,0.27,2054.34,PayPal,Desktop
1033,3595,20260408,41,73,82,1,849.36,0.2,679.49,PayPal,Mobile
1034,3864,20260506,15,1380,26,2,180.03,0.11,320.45,Debit Card,Desktop
1035,2035,20260319,19,270,26,1,510.28,0.06,479.66,PayPal,Mobile
1036,14,20260922,28,138,63,2,864.3,0.22,1348.31,PayPal,Mobile
1037,1078,20261230,40,779,81,4,219.21,0.13,762.85,PayPal,Mobile
1038,3909,20261123,12,1798,39,3,381.27,0.16,960.8,Credit Card,Desktop
1039,1607,20261209,39,732,70,1,510.81,0.24,388.22,Debit Card,Desktop
1040,3674,20260219,49,1565,37,3,257.98,0.29,549.5,Debit Card,Desktop
1041,722,20260616,30,1959,41,1,285.03,0.13,247.98,PayPal,Mobile
1042,3170,20260627,31,1721,63,2,712.12,0.21,1125.15,PayPal,Desktop
1043,2079,20261218,14,1823,53,3,273.12,0.09,745.62,Credit Card,Desktop
1044,3314,20260514,29,871,52,1,691.24,0.12,608.29,Debit Card,Mobile
1045,2607,20260518,3,632,58,2,511.23,0.07,950.89,Debit Card,Mobile
1046,3194,20261021,41,226,79,3,881.84,0.16,2222.24,PayPal,Desktop
1047,2959,20260308,2,1644,49,3,624.71,0.01,1855.39,Credit Card,Desktop
1048,2683,20260630,4,1063,27,1,778.5,0.17,646.15,Debit Card,Mobile
1049,2941,20260322,15,595,21,1,846.24,0.12,744.69,Debit Card,Desktop
1050,3851,20260731,1,74,3,1,254.83,0.22,198.77,PayPal,Mobile
1051,643,20260914,19,618,4,2,428.04,0.15,727.67,Credit Card,Mobile
1052,3212,20260118,25,1343,52,1,308.84,0.04,296.49,Credit Card,Desktop
1053,2882,20260213,49,1501,54,3,122.7,0.15,312.88,Credit Card,Mobile
1054,3015,20261005,38,1624,51,3,624.63,0.05,1780.2,Credit Card,Desktop
1055,1238,20260615,18,940,26,1,453.9,0.22,354.04,Credit Card,Desktop
1056,1760,20261202,6,456,53,1,597.39,0.11,531.68,PayPal,Desktop
1057,2076,20260905,16,784,3,4,320.2,0.21,1011.83,Debit Card,Desktop
1058,1853,20260710,15,1184,4,3,774.57,0.21,1835.73,Debit Card,Mobile
1059,2633,20260817,20,681,19,2,401.33,0.17,666.21,PayPal,Mobile
1060,3859,20260218,32,1216,32,4,582.84,0.06,2191.48,Credit Card,Mobile
1061,2962,20260726,37,1558,30,1,635.66,0.14,546.67,Credit Card,Desktop
1062,3418,20260510,10,75,42,1,441.27,0.22,344.19,PayPal,Desktop
1063,2304,20260103,32,1118,64,3,304.74,0.06,859.37,Debit Card,Mobile
1064,2273,20260614,48,1502,11,1,488.3,0.14,419.94,Credit Card,Desktop
1065,56,20261225,11,1065,96,2,123.63,0.04,237.37,Credit Card,Mobile
1066,160,20260412,28,1015,22,3,465.72,0.29,991.98,PayPal,Desktop
1067,1636,20260313,1,608,16,1,761.54,0.16,639.69,Debit Card,Desktop
1068,3644,20261213,24,1155,84,3,307.55,0.1,830.39,Credit Card,Mobile
1069,2515,20260529,46,761,67,1,547.09,0.06,514.26,PayPal,Desktop
1070,3798,20260830,48,1475,18,1,489.74,0.28,352.61,Credit Card,Desktop
1071,1928,20260106,5,12,40,1,351.8,0.05,334.21,PayPal,Mobile
1072,1356,20260413,7,126,80,2,709.34,0.16,1191.69,Debit Card,Mobile
1073,926,20260204,23,1288,2,2,382.93,0.17,635.66,Credit Card,Desktop
1074,2394,20260526,47,627,48,3,829.72,0.26,1841.98,PayPal,Desktop
1075,830,20260511,5,1214,20,1,583.06,0.19,472.28,Credit Card,Mobile
1076,519,20260524,34,1203,83,1,219.41,0.17,182.11,Debit Card,Desktop
1077,1136,20261022,48,1785,79,2,783.38,0.18,1284.74,PayPal,Desktop
1078,887,20260418,6,1904,79,1,209.69,0.24,159.36,Credit Card,Mobile
1079,319,20260326,4,281,66,2,501.69,0.0,1003.38,Debit Card,Desktop
1080,3113,20261207,8,494,72,1,498.1,0.09,453.27,Debit Card,Desktop
1081,3436,20260717,34,650,68,3,720.93,0.11,1924.88,Credit Card,Mobile
1082,2914,20260327,10,1721,56,1,948.22,0.25,711.16,PayPal,Desktop
1083,493,20260908,36,1843,56,1,710.34,0.08,653.51,PayPal,Desktop
1084,1910,20260402,50,1373,45,4,74.03,0.11,263.55,PayPal,Desktop
1085,3771,20260420,13,784,48,2,636.13,0.26,941.47,Credit Card,Mobile
1086,23,20260411,38,636,43,1,469.98,0.16,394.78,Credit Card,Desktop
1087,1119,20260510,3,1326,36,1,527.65,0.0,527.65,PayPal,Desktop
1088,1037,20260723,18,1281,8,4,91.72,0.21,289.84,PayPal,Mobile
1089,2009,20260830,12,970,96,4,997.37,0.19,3231.48,PayPal,Mobile
1090,2922,20260120,10,1446,95,2,401.06,0.18,657.74,Credit Card,Mobile
1091,230,20260212,29,1306,91,4,448.59,0.25,1345.77,Credit Card,Desktop
1092,3493,20260219,13,1342,79,3,865.0,0.08,2387.4,PayPal,Mobile
1093,1297,20260620,46,347,76,4,845.41,0.25,2536.23,PayPal,Desktop
1094,1706,20260922,43,1372,8,3,63.46,0.2,152.3,Credit Card,Mobile
1095,707,20260914,29,92,36,2,190.14,0.08,349.86,PayPal,Mobile
1096,3060,20261219,1,638,36,2,530.19,0.05,1007.36,PayPal,Desktop
1097,2853,20260302,6,1160,60,2,374.38,0.17,621.47,Credit Card,Mobile
1098,1301,20260216,38,1284,3,2,223.38,0.03,433.36,Credit Card,Mobile
1099,3594,20260422,47,1932,32,2,656.05,0.14,1128.41,Debit Card,Mobile
1100,1176,20260309,12,572,18,3,344.96,0.11,921.04,PayPal,Desktop
1101,3620,20260731,13,363,38,3,264.66,0.06,746.34,Debit Card,Desktop
1102,1490,20260516,23,1582,83,2,137.79,0.11,245.27,PayPal,Desktop
1103,3890,20261120,38,790,20,4,702.69,0.05,2670.22,PayPal,Mobile
1104,2794,20261226,19,425,44,1,462.16,0.19,374.35,PayPal,Desktop
1105,894,20260216,30,535,5,2,537.61,0.06,1010.71,Credit Card,Mobile
1106,1525,20260901,37,774,85,4,182.82,0.18,599.65,PayPal,Mobile
1107,3561,20260615,1,326,54,1,716.22,0.19,580.14,Debit Card,Desktop
1108,3741,20260622,23,628,21,2,665.49,0.03,1291.05,Debit Card,Mobile
1109,2432,20260112,37,1423,56,2,467.06,0.18,765.98,PayPal,Desktop
1110,1529,20260831,39,692,62,3,842.39,0.08,2325.0,PayPal,Desktop
1111,960,20260603,49,1915,65,1,88.12,0.28,63.45,Credit Card,Desktop
1112,1642,20260807,38,59,21,1,785.37,0.29,557.61,PayPal,Mobile
1113,3862,20260603,34,407,73,4,892.27,0.29,2534.05,Credit Card,Mobile
1114,3975,20261206,6,634,99,3,366.49,0.29,780.62,Credit Card,Desktop
1115,2698,20260823,10,411,23,3,426.19,0.14,1099.57,Debit Card,Desktop
1116,1789,20260211,6,1484,32,3,225.36,0.26,500.3,Credit Card,Desktop
1117,1929,20260103,36,1407,51,3,503.48,0.1,1359.4,PayPal,Mobile
1118,2893,20260830,16,1563,13,1,685.02,0.25,513.76,Debit Card,Mobile
1119,3168,20260612,21,1840,37,1,774.89,0.04,743.89,PayPal,Desktop
1120,2001,20261102,43,1517,76,2,424.16,0.02,831.35,Credit Card,Mobile
1121,1484,20261108,22,1027,1,2,219.25,0.07,407.8,PayPal,Desktop
1122,770,20260209,3,433,39,3,663.3,0.04,1910.3,Debit Card,Mobile
1123,618,20260623,19,638,50,3,414.86,0.05,1182.35,PayPal,Desktop
1124,736,20260118,11,816,88,3,297.97,0.29,634.68,PayPal,Mobile
1125,3002,20260827,7,1344,52,2,815.92,0.1,1468.66,Credit Card,Mobile
1126,2812,20260613,30,24,63,4,172.3,0.15,585.82,PayPal,Desktop
1127,1060,20260805,48,1299,15,4,782.79,0.09,2849.36,PayPal,Desktop
1128,1373,20260915,35,1991,47,2,404.18,0.14,695.19,Credit Card,Mobile
1129,2764,20260806,6,308,1,2,555.13,0.12,977.03,Debit Card,Desktop
1130,3573,20260412,30,891,7,2,539.15,0.18,884.21,Debit Card,Desktop
1131,1504,20260121,4,1822,77,2,165.47,0.15,281.3,PayPal,Desktop
1132,3141,20260510,2,1112,35,2,454.42,0.2,727.07,Credit Card,Desktop
1133,1220,20260702,41,73,77,2,446.21,0.13,776.41,Credit Card,Desktop
1134,718,20260119,6,1096,13,3,554.71,0.12,1464.43,Credit Card,Mobile
1135,1415,20261121,30,1412,80,3,518.78,0.27,1136.13,Credit Card,Desktop
1136,602,20260121,39,1483,82,3,122.71,0.11,327.64,Credit Card,Desktop
1137,3799,20260920,41,1535,39,3,981.25,0.02,2884.88,Debit Card,Desktop
1138,2956,20260112,42,1522,11,2,224.73,0.22,350.58,Debit Card,Mobile
1139,2522,20260409,33,1105,32,4,592.35,0.3,1658.58,PayPal,Mobile
1140,3832,20260711,28,563,96,1,594.67,0.06,558.99,PayPal,Mobile
1141,1633,20260522,12,1389,37,2,526.48,0.01,1042.43,Debit Card,Mobile
1142,2692,20260728,9,563,35,1,246.78,0.23,190.02,Debit Card,Desktop
1143,1330,20260219,15,131,79,4,260.26,0.01,1030.63,Debit Card,Desktop
1144,2218,20261029,25,975,72,3,449.73,0.18,1106.34,Credit Card,Desktop
1145,622,20260624,30,1750,96,4,353.66,0.25,1060.98,Debit Card,Mobile
1146,1048,20260930,26,67,85,2,712.84,0.2,1140.54,PayPal,Mobile
1147,341,20261120,14,1532,68,3,512.21,0.3,1075.64,Debit Card,Desktop
1148,1915,20260530,2,320,80,2,763.31,0.14,1312.89,PayPal,Mobile
1149,3134,20261116,2,1539,37,3,384.05,0.13,1002.37,PayPal,Desktop
1150,1551,20260501,39,1944,16,1,406.52,0.16,341.48,Credit Card,Desktop
1151,1186,20260422,12,1772,21,1,250.74,0.03,243.22,PayPal,Desktop
1152,1713,20261009,39,572,41,1,438.09,0.23,337.33,Debit Card,Mobile
1153,3121,20261207,41,651,65,4,890.52,0.29,2529.08,PayPal,Desktop
1154,1901,20260426,19,1692,58,2,866.1,0.15,1472.37,Credit Card,Mobile
1155,1369,20260724,49,951,84,4,323.99,0.16,1088.61,Credit Card,Mobile
1156,1714,20260716,27,387,82,1,601.15,0.13,523.0,Credit Card,Mobile
1157,330,20260312,39,1169,94,2,629.22,0.15,1069.67,Debit Card,Mobile
1158,2563,20260616,31,1402,12,1,629.32,0.05,597.85,Debit Card,Mobile
1159,2262,20261104,33,1769,25,4,889.34,0.2,2845.89,Credit Card,Desktop
1160,1935,20260708,46,1887,26,4,736.91,0.07,2741.31,Debit Card,Mobile
1161,2366,20260531,30,941,32,4,111.57,0.01,441.82,PayPal,Desktop
1162,2049,20260504,42,228,78,1,806.92,0.29,572.91,Debit Card,Mobile
1163,29,20260506,48,67,88,2,489.1,0.29,694.52,PayPal,Desktop
1164,289,20260924,27,1962,34,2,995.76,0.26,1473.72,PayPal,Mobile
1165,98,20261107,29,985,93,1,664.73,0.16,558.37,Credit Card,Desktop
1166,164,20260723,24,819,92,2,836.89,0.22,1305.55,PayPal,Desktop
1167,3470,20260808,17,1553,75,1,798.05,0.03,774.11,Credit Card,Mobile
1168,3740,20260707,16,1630,62,2,442.25,0.1,796.05,Credit Card,Desktop
1169,1877,20260219,46,1007,97,3,363.52,0.21,861.54,Credit Card,Desktop
1170,3226,20260625,29,1433,34,3,330.53,0.13,862.68,PayPal,Desktop
1171,2138,20261101,19,54,29,4,83.96,0.04,322.41,Debit Card,Desktop
1172,2326,20260530,41,625,61,3,341.33,0.21,808.95,PayPal,Desktop
1173,2848,20261211,9,301,78,3,330.14,0.22,772.53,Debit Card,Desktop
1174,867,20260512,38,621,19,3,654.92,0.01,1945.11,PayPal,Mobile
1175,3565,20260513,34,832,62,1,395.95,0.15,336.56,PayPal,Mobile
1176,2053,20260626,21,1072,48,3,661.66,0.18,1627.68,Debit Card,Desktop
1177,719,20261128,31,1838,49,3,210.66,0.16,530.86,Credit Card,Mobile
1178,615,20260625,18,1247,100,4,263.58,0.06,991.06,PayPal,Mobile
1179,2333,20261129,41,1857,2,3,237.1,0.15,604.6,PayPal,Mobile
1180,2566,20260414,7,1950,43,3,395.38,0.01,1174.28,PayPal,Mobile
1181,3037,20260519,35,1788,11,2,575.62,0.16,967.04,Credit Card,Desktop
1182,3266,20261018,48,375,89,4,546.8,0.07,2034.1,PayPal,Mobile
1183,165,20260427,39,545,71,4,705.16,0.14,2425.75,Debit Card,Mobile
1184,3712,20260408,9,1071,39,4,746.67,0.28,2150.41,Credit Card,Mobile
1185,1955,20260427,30,202,69,4,281.74,0.23,867.76,Credit Card,Desktop
1186,1811,20261121,6,975,26,4,119.4,0.14,410.74,Credit Card,Mobile
1187,2383,20261103,28,1764,15,4,512.87,0.17,1702.73,PayPal,Desktop
1188,2517,20261126,49,935,1,1,235.06,0.24,178.65,Debit Card,Desktop
1189,1347,20261104,33,990,66,3,307.21,0.19,746.52,Debit Card,Desktop
1190,1128,20260516,44,1150,65,4,873.9,0.07,3250.91,Debit Card,Desktop
1191,1998,20260227,1,654,66,3,978.37,0.28,2113.28,Debit Card,Desktop
1192,2757,20260325,20,194,57,3,219.86,0.23,507.88,Debit Card,Mobile
1193,874,20260410,20,1028,40,1,789.85,0.23,608.18,Debit Card,Desktop
1194,862,20260222,37,1377,20,4,700.51,0.28,2017.47,Debit Card,Mobile
1195,3492,20260409,11,1250,85,2,778.08,0.24,1182.68,Credit Card,Desktop
1196,3231,20260922,27,1597,93,1,982.1,0.2,785.68,Debit Card,Mobile
1197,1244,20260515,24,297,40,2,498.38,0.26,737.6,Debit Card,Desktop
1198,1612,20260611,49,855,1,3,477.22,0.13,1245.54,Debit Card,Mobile
1199,3994,20260729,30,1571,36,3,385.93,0.24,879.92,Credit Card,Mobile
1200,3411,20260417,24,49,42,1,678.95,0.08,624.63,Debit Card,Desktop
1201,3267,20260616,14,1265,65,1,580.16,0.22,452.52,Debit Card,Desktop
1202,2961,20260224,31,1929,93,2,120.71,0.05,229.35,PayPal,Desktop
1203,3932,20260124,46,998,32,4,792.17,0.12,2788.44,Debit Card,Desktop
1204,1131,20260131,35,757,57,2,146.37,0.19,237.12,Debit Card,Mobile
1205,1330,20260830,50,1501,53,1,177.57,0.22,138.5,Credit Card,Mobile
1206,361,20261029,29,503,42,2,333.91,0.06,627.75,PayPal,Desktop
1207,90,20261013,9,1582,99,1,554.48,0.09,504.58,Credit Card,Desktop
1208,3624,20260704,14,378,42,2,909.85,0.13,1583.14,Debit Card,Mobile
1209,3980,20260824,46,531,33,1,394.09,0.06,370.44,PayPal,Mobile
1210,1624,20260313,32,1635,7,1,163.23,0.12,143.64,PayPal,Mobile
1211,132,20260920,33,1789,42,1,404.8,0.17,335.98,PayPal,Desktop
1212,3009,20260525,5,1158,12,4,596.07,0.19,1931.27,PayPal,Mobile
1213,3488,20260930,6,1176,60,2,200.31,0.15,340.53,PayPal,Mobile
1214,1135,20260207,30,925,95,2,778.76,0.13,1355.04,Credit Card,Desktop
1215,1860,20260207,34,1600,89,2,222.59,0.17,369.5,PayPal,Desktop
1216,2555,20260111,25,39,2,1,431.39,0.09,392.56,Credit Card,Desktop
1217,2394,20260807,44,1573,42,2,192.97,0.26,285.6,PayPal,Desktop
1218,2353,20261201,23,1830,92,2,682.13,0.23,1050.48,PayPal,Mobile
1219,744,20260407,7,54,69,1,784.34,0.06,737.28,PayPal,Mobile
1220,1342,20260307,21,1902,30,3,563.07,0.29,1199.34,PayPal,Mobile
1221,1111,20260414,15,1918,28,1,337.78,0.13,293.87,Debit Card,Mobile
1222,505,20260312,25,53,57,2,883.76,0.28,1272.61,PayPal,Mobile
1223,814,20260714,14,1579,49,1,96.75,0.13,84.17,PayPal,Mobile
1224,2369,20260217,47,1058,16,3,970.78,0.15,2475.49,Credit Card,Mobile
1225,1468,20260303,48,649,54,1,943.66,0.22,736.05,Credit Card,Mobile
1226,1046,20260216,33,230,59,2,809.8,0.11,1441.44,Credit Card,Mobile
1227,3513,20260714,7,727,47,3,813.24,0.12,2146.95,Debit Card,Mobile
1228,940,20260811,45,173,84,4,948.64,0.2,3035.65,PayPal,Desktop
1229,2989,20260830,42,1838,42,2,65.06,0.29,92.39,Credit Card,Mobile
1230,2125,20260508,10,288,89,3,218.49,0.0,655.47,Debit Card,Mobile
1231,3031,20260201,43,601,48,3,616.39,0.06,1738.22,PayPal,Desktop
1232,2125,20260322,10,1520,86,4,448.28,0.05,1703.46,Credit Card,Desktop
1233,836,20260226,20,827,81,1,797.23,0.01,789.26,Debit Card,Desktop
1234,1359,20261115,2,1821,61,1,355.02,0.23,273.37,Credit Card,Mobile
1235,2452,20260728,47,1076,22,2,94.17,0.11,167.62,Credit Card,Mobile
1236,1720,20260108,5,231,61,4,381.23,0.07,1418.18,Debit Card,Desktop
1237,3316,20261002,41,2,40,1,468.4,0.26,346.62,Debit Card,Desktop
1238,1498,20260512,40,1369,92,4,171.79,0.2,549.73,Credit Card,Desktop
1239,804,20260910,9,450,66,1,761.28,0.26,563.35,Credit Card,Mobile
1240,2938,20260426,26,579,79,3,676.25,0.22,1582.42,Credit Card,Mobile
1241,1234,20260426,22,1456,60,1,288.14,0.22,224.75,PayPal,Desktop
1242,595,20260309,38,1509,5,4,361.55,0.11,1287.12,PayPal,Desktop
1243,747,20261120,1,293,82,3,95.62,0.06,269.65,Credit Card,Mobile
1244,1970,20260324,31,1757,45,3,426.93,0.0,1280.79,Credit Card,Desktop
1245,1077,20260820,35,901,16,3,993.06,0.14,2562.09,PayPal,Desktop
1246,1382,20261202,12,523,44,4,780.09,0.28,2246.66,Debit Card,Desktop
1247,3127,20261206,34,539,9,2,141.68,0.26,209.69,Debit Card,Desktop
1248,388,20261125,15,1997,59,2,74.14,0.16,124.56,Credit Card,Mobile
1249,1424,20261009,20,927,56,2,727.06,0.04,1395.96,PayPal,Mobile
1250,3628,20260916,33,400,19,4,223.48,0.25,670.44,PayPal,Mobile
1251,2153,20260109,39,1598,20,3,238.74,0.22,558.65,PayPal,Mobile
1252,3880,20260930,34,342,48,2,394.52,0.07,733.81,Credit Card,Mobile
1253,2533,20261215,15,1727,97,4,207.35,0.19,671.81,PayPal,Mobile
1254,3516,20261004,13,571,7,2,945.08,0.18,1549.93,Debit Card,Desktop
1255,3661,20260719,31,959,42,1,905.91,0.29,643.2,Credit Card,Desktop
1256,2737,20260101,20,428,94,2,121.13,0.21,191.39,PayPal,Mobile
1257,1970,20260131,11,1566,32,2,767.41,0.04,1473.43,Debit Card,Mobile
1258,1019,20261127,23,145,29,3,448.06,0.18,1102.23,Debit Card,Mobile
1259,3869,20260725,44,311,27,4,167.3,0.22,521.98,Debit Card,Mobile
1260,2609,20261211,8,1067,40,3,311.7,0.1,841.59,PayPal,Mobile
1261,1796,20261118,20,1684,16,3,618.52,0.07,1725.67,PayPal,Desktop
1262,3730,20260320,47,700,35,3,116.88,0.29,248.95,Credit Card,Desktop
1263,2397,20260511,11,1795,91,3,157.2,0.14,405.58,PayPal,Desktop
1264,2998,20260530,39,1966,77,3,263.4,0.03,766.49,Debit Card,Mobile
1265,1772,20261207,27,117,82,2,519.81,0.21,821.3,Credit Card,Desktop
1266,1347,20260522,27,1366,33,3,909.49,0.19,2210.06,Debit Card,Mobile
1267,995,20260107,38,1014,29,3,146.07,0.24,333.04,PayPal,Desktop
1268,3385,20261207,46,1000,72,4,302.47,0.3,846.92,PayPal,Desktop
1269,1568,20261107,3,1233,14,1,543.02,0.28,390.97,PayPal,Mobile
1270,978,20261022,24,1189,87,2,140.17,0.29,199.04,PayPal,Desktop
1271,2651,20260721,29,1746,59,2,732.37,0.01,1450.09,PayPal,Mobile
1272,3186,20260724,28,1371,4,2,822.5,0.19,1332.45,Credit Card,Mobile
1273,1198,20260113,27,1643,4,3,649.0,0.1,1752.3,PayPal,Desktop
1274,1444,20260510,16,567,58,3,390.66,0.2,937.58,Credit Card,Desktop
1275,3149,20260823,11,429,72,3,714.15,0.19,1735.38,PayPal,Desktop
1276,705,20260725,32,1755,12,4,765.65,0.23,2358.2,Debit Card,Desktop
1277,3957,20261112,15,649,40,1,561.32,0.24,426.6,Credit Card,Mobile
1278,2620,20261124,12,1550,49,3,435.76,0.19,1058.9,Credit Card,Desktop
1279,1794,20261229,24,1546,21,1,511.17,0.1,460.05,Credit Card,Desktop
1280,3723,20260109,33,1435,83,4,155.91,0.17,517.62,PayPal,Desktop
1281,2850,20261014,5,407,12,2,561.34,0.12,987.96,Credit Card,Desktop
1282,1450,20260515,26,273,50,3,188.48,0.1,508.9,Credit Card,Desktop
1283,921,20261111,29,1692,6,1,591.6,0.02,579.77,Credit Card,Mobile
1284,920,20261208,45,449,32,1,993.04,0.01,983.11,Credit Card,Desktop
1285,1216,20261128,16,1976,3,3,820.95,0.04,2364.34,PayPal,Desktop
1286,2327,20260813,13,845,24,2,443.8,0.17,736.71,PayPal,Desktop
1287,1586,20261118,48,536,91,2,596.68,0.27,871.15,Debit Card,Desktop
1288,3838,20260809,16,656,70,2,401.72,0.27,586.51,Debit Card,Mobile
1289,2878,20261221,16,1630,69,4,177.77,0.26,526.2,PayPal,Mobile
1290,2079,20260219,46,975,69,1,981.96,0.24,746.29,Debit Card,Mobile
1291,2876,20261106,42,2000,71,1,266.43,0.1,239.79,Credit Card,Desktop
1292,2535,20260518,29,1019,76,1,595.55,0.02,583.64,Debit Card,Mobile
1293,2664,20260329,4,1835,45,4,71.01,0.13,247.11,Debit Card,Mobile
1294,2945,20260202,18,1167,33,1,697.91,0.02,683.95,PayPal,Mobile
1295,3862,20261103,9,812,28,4,516.27,0.21,1631.41,PayPal,Desktop
1296,1354,20260608,15,1168,66,2,561.48,0.2,898.37,Debit Card,Mobile
1297,3534,20261004,1,1989,79,3,981.17,0.18,2413.68,Credit Card,Desktop
1298,2515,20261028,5,1085,53,1,163.7,0.29,116.23,PayPal,Mobile
1299,3109,20260410,12,1712,24,1,286.36,0.18,234.82,Credit Card,Desktop
1300,1653,20260303,37,1436,88,2,365.2,0.03,708.49,Debit Card,Desktop
1301,1407,20260715,12,197,40,3,711.59,0.04,2049.38,Debit Card,Mobile
1302,372,20261229,12,534,52,4,458.84,0.08,1688.53,Credit Card,Mobile
1303,1392,20260629,29,1540,13,3,986.35,0.19,2396.83,PayPal,Desktop
1304,2282,20260111,4,1399,48,2,885.34,0.02,1735.27,Credit Card,Mobile
1305,20,20260101,21,788,40,2,965.42,0.16,1621.91,Credit Card,Desktop
1306,2544,20260205,32,373,69,3,957.93,0.06,2701.36,Credit Card,Desktop
1307,2457,20260219,24,1176,23,4,878.49,0.27,2565.19,Debit Card,Mobile
1308,125,20260917,40,80,69,4,191.41,0.25,574.23,Credit Card,Desktop
1309,2418,20260530,34,343,13,1,152.39,0.2,121.91,Debit Card,Mobile
1310,1382,20261105,30,1902,85,4,197.49,0.18,647.77,PayPal,Desktop
1311,269,20260818,22,505,47,3,946.81,0.2,2272.34,Credit Card,Mobile
1312,1468,20260909,4,1878,62,2,228.92,0.12,402.9,PayPal,Mobile
1313,3736,20260924,34,1154,74,1,136.41,0.2,109.13,PayPal,Desktop
1314,555,20261007,29,1564,26,1,661.04,0.08,608.16,Debit Card,Desktop
1315,98,20260726,32,214,42,2,463.38,0.02,908.22,PayPal,Desktop
1316,3221,20261109,50,589,99,4,419.37,0.15,1425.86,PayPal,Mobile
1317,366,20260928,20,1828,76,2,839.69,0.06,1578.62,PayPal,Mobile
1318,115,20261125,4,1980,39,4,347.97,0.01,1377.96,Debit Card,Mobile
1319,3381,20260630,44,1790,56,2,965.98,0.02,1893.32,PayPal,Mobile
1320,3731,20260918,14,203,59,3,402.28,0.21,953.4,Credit Card,Mobile
1321,2029,20261231,14,1170,82,4,354.29,0.21,1119.56,PayPal,Mobile
1322,2824,20260124,8,1893,38,3,925.98,0.06,2611.26,Credit Card,Mobile
1323,726,20261204,25,1693,30,1,822.96,0.25,617.22,Debit Card,Desktop
1324,2547,20260123,43,529,55,2,198.13,0.18,324.93,PayPal,Desktop
1325,3743,20260415,18,839,89,1,943.26,0.2,754.61,Credit Card,Desktop
1326,777,20260731,50,1000,33,1,408.28,0.25,306.21,PayPal,Mobile
1327,3143,20261117,29,264,85,1,707.9,0.01,700.82,PayPal,Mobile
1328,3696,20260206,32,137,24,1,655.72,0.03,636.05,PayPal,Desktop
1329,2789,20260327,46,1906,89,2,946.33,0.08,1741.25,Debit Card,Desktop
1330,1072,20261002,7,1559,16,1,322.12,0.26,238.37,Debit Card,Mobile
1331,521,20260214,34,74,61,2,577.01,0.15,980.92,Debit Card,Mobile
1332,756,20260227,6,1562,89,2,267.21,0.25,400.81,Credit Card,Mobile
1333,585,20260812,29,1223,99,3,634.55,0.13,1656.18,Credit Card,Mobile
1334,59,20260418,10,700,33,4,738.66,0.01,2925.09,Credit Card,Desktop
1335,1603,20260825,25,314,38,4,240.62,0.19,779.61,PayPal,Mobile
1336,2696,20260426,47,899,4,2,224.77,0.06,422.57,Debit Card,Mobile
1337,660,20260506,10,1121,41,3,621.58,0.09,1696.91,Credit Card,Mobile
1338,72,20261217,40,1476,22,2,111.87,0.16,187.94,PayPal,Desktop
1339,2803,20260709,15,13,49,2,86.51,0.27,126.3,Credit Card,Mobile
1340,920,20260718,49,1287,5,2,780.26,0.04,1498.1,PayPal,Mobile
1341,3839,20260111,37,1321,50,3,666.42,0.27,1459.46,Debit Card,Desktop
1342,2010,20260819,40,513,45,4,914.73,0.07,3402.8,PayPal,Desktop
1343,2198,20260903,24,459,19,3,923.46,0.05,2631.86,Debit Card,Mobile
1344,1508,20260718,48,43,56,1,999.18,0.26,739.39,Debit Card,Mobile
1345,2218,20260122,15,824,17,3,486.94,0.21,1154.05,PayPal,Desktop
1346,1712,20260417,30,1503,58,3,944.79,0.13,2465.9,Debit Card,Desktop
1347,1634,20260826,9,1482,68,3,395.38,0.1,1067.53,Credit Card,Mobile
1348,3884,20260422,47,1351,80,3,726.96,0.17,1810.13,Debit Card,Desktop
1349,1536,20261008,42,629,28,4,869.32,0.24,2642.73,Debit Card,Mobile
1350,1231,20260829,50,1782,80,1,153.22,0.2,122.58,Debit Card,Mobile
1351,642,20260413,43,788,67,4,256.32,0.17,850.98,Debit Card,Mobile
1352,2325,20260815,43,353,35,4,72.64,0.06,273.13,PayPal,Mobile
1353,811,20261125,10,843,41,3,431.78,0.23,997.41,Debit Card,Mobile
1354,2501,20260308,49,1255,68,2,774.49,0.15,1316.63,PayPal,Mobile
1355,88,20261213,1,1885,7,2,142.21,0.02,278.73,Debit Card,Mobile
1356,3046,20260610,10,1962,28,4,934.98,0.11,3328.53,Debit Card,Mobile
1357,3705,20260705,29,973,44,4,642.07,0.09,2337.13,PayPal,Mobile
1358,655,20260529,10,335,54,3,338.08,0.24,770.82,Credit Card,Desktop
1359,2867,20260323,18,1414,32,4,583.58,0.19,1890.8,Credit Card,Mobile
1360,3606,20260816,25,969,49,3,142.22,0.01,422.39,Debit Card,Mobile
1361,1485,20260111,29,1198,74,2,606.87,0.3,849.62,Credit Card,Desktop
1362,2322,20260111,23,1814,44,2,971.78,0.28,1399.36,Credit Card,Desktop
1363,2775,20260205,26,1878,20,1,218.37,0.19,176.88,Credit Card,Mobile
1364,3887,20261121,6,727,78,2,354.66,0.21,560.36,Debit Card,Mobile
1365,693,20261115,24,1744,33,4,896.5,0.13,3119.82,Credit Card,Desktop
1366,1305,20260924,11,107,84,2,909.07,0.01,1799.96,Credit Card,Desktop
1367,166,20260515,18,1536,98,3,476.48,0.13,1243.61,PayPal,Desktop
1368,536,20261204,40,22,95,2,126.23,0.17,209.54,PayPal,Mobile
1369,1557,20260604,25,74,89,1,411.64,0.27,300.5,PayPal,Desktop
1370,2100,20261223,28,834,91,2,406.38,0.11,723.36,Debit Card,Mobile
1371,2003,20260627,19,547,11,3,733.16,0.17,1825.57,Debit Card,Mobile
1372,3670,20261208,8,48,17,3,917.67,0.26,2037.23,Credit Card,Mobile
1373,2343,20260208,16,1596,12,4,218.25,0.02,855.54,Credit Card,Mobile
1374,3723,20260107,40,145,20,2,749.68,0.1,1349.42,PayPal,Desktop
1375,434,20261120,40,250,8,3,879.73,0.24,2005.78,PayPal,Mobile
1376,761,20260413,6,1471,12,1,922.1,0.28,663.91,Credit Card,Desktop
1377,326,20261218,25,657,81,4,271.42,0.01,1074.82,PayPal,Mobile
1378,2029,20260901,39,1447,24,1,826.67,0.21,653.07,Debit Card,Desktop
1379,1813,20261213,12,1040,1,2,612.22,0.26,906.09,Credit Card,Mobile
1380,2357,20260412,13,1434,16,2,300.1,0.26,444.15,PayPal,Mobile
1381,933,20260407,11,809,82,2,227.7,0.1,409.86,PayPal,Desktop
1382,894,20261104,28,514,45,4,441.67,0.19,1431.01,PayPal,Mobile
1383,2800,20260929,17,577,97,3,56.63,0.27,124.02,Credit Card,Mobile
1384,3003,20260201,4,1270,97,4,109.64,0.1,394.7,Debit Card,Mobile
1385,50,20261212,48,1382,12,1,776.21,0.21,613.21,Debit Card,Desktop
1386,270,20261224,37,538,94,4,697.03,0.2,2230.5,Debit Card,Desktop
1387,2047,20260703,20,1564,63,1,755.08,0.14,649.37,Debit Card,Mobile
1388,1446,20260427,27,953,60,4,607.87,0.01,2407.17,Debit Card,Desktop
1389,626,20260826,10,1512,97,3,875.25,0.14,2258.14,Debit Card,Desktop
1390,1563,20260113,41,306,52,1,879.69,0.24,668.56,Debit Card,Mobile
1391,708,20260811,10,1215,24,2,801.81,0.2,1282.9,Credit Card,Mobile
1392,1382,20260109,13,45,64,2,421.73,0.04,809.72,Debit Card,Mobile
1393,1138,20260605,15,390,63,4,838.29,0.26,2481.34,PayPal,Desktop
1394,1997,20260810,43,123,46,2,463.35,0.26,685.76,Credit Card,Mobile
1395,580,20260615,16,1063,64,1,720.72,0.18,590.99,Credit Card,Desktop
1396,650,20260909,22,1292,40,2,62.32,0.09,113.42,PayPal,Desktop
1397,1155,20261110,22,1485,48,3,165.76,0.04,477.39,PayPal,Mobile
1398,73,20260709,29,758,54,3,587.06,0.14,1514.61,Credit Card,Mobile
1399,3697,20260617,21,1299,61,4,703.87,0.27,2055.3,Debit Card,Desktop
1400,3695,20261023,9,1978,42,1,804.13,0.21,635.26,PayPal,Mobile
1401,3358,20261229,16,1001,73,3,613.19,0.07,1710.8,Debit Card,Mobile
1402,3073,20260610,10,1278,42,3,535.41,0.03,1558.04,Credit Card,Desktop
1403,3926,20260825,47,545,9,1,622.47,0.27,454.4,Debit Card,Desktop
1404,587,20260409,24,1737,100,2,801.72,0.08,1475.16,Credit Card,Desktop
1405,1459,20260507,40,989,72,2,262.17,0.0,524.34,Credit Card,Desktop
1406,3618,20260613,35,410,83,4,510.46,0.09,1858.07,Credit Card,Mobile
1407,799,20260601,34,1637,65,2,746.75,0.22,1164.93,Debit Card,Mobile
1408,45,20260712,20,535,27,1,451.84,0.25,338.88,Credit Card,Desktop
1409,1727,20260113,6,755,60,3,77.38,0.19,188.03,Credit Card,Desktop
1410,1820,20261117,49,644,14,2,412.92,0.05,784.55,Debit Card,Desktop
1411,1167,20260522,11,1202,17,4,237.89,0.18,780.28,Debit Card,Mobile
1412,1955,20260305,24,291,41,2,99.8,0.1,179.64,PayPal,Desktop
1413,1327,20261009,26,365,42,1,74.19,0.13,64.55,PayPal,Mobile
1414,2329,20261126,3,1809,66,4,318.76,0.17,1058.28,Credit Card,Mobile
1415,621,20260912,7,1071,21,2,110.68,0.02,216.93,PayPal,Mobile
1416,1386,20260217,6,846,44,4,766.93,0.29,2178.08,Credit Card,Desktop
1417,2629,20260725,26,1423,20,1,567.86,0.16,477.0,PayPal,Mobile
1418,3734,20260417,17,466,31,3,476.07,0.03,1385.36,Credit Card,Mobile
1419,1961,20260127,3,87,29,1,660.76,0.21,522.0,Credit Card,Mobile
1420,3097,20260312,41,1373,51,1,525.55,0.1,472.99,Credit Card,Desktop
1421,1700,20260910,36,140,6,1,72.34,0.21,57.15,Credit Card,Mobile
1422,1432,20260417,45,166,75,1,268.03,0.15,227.83,Debit Card,Mobile
1423,3749,20260723,41,1525,80,3,252.14,0.16,635.39,Debit Card,Desktop
1424,3420,20261012,13,1545,78,3,405.59,0.12,1070.76,Debit Card,Desktop
1425,489,20260411,42,585,58,4,360.71,0.08,1327.41,Credit Card,Desktop
1426,3154,20261105,26,420,24,2,969.35,0.2,1550.96,Credit Card,Mobile
1427,3581,20260718,14,410,98,3,814.4,0.22,1905.7,PayPal,Desktop
1428,3350,20261220,20,740,60,3,690.5,0.27,1512.19,Credit Card,Mobile
1429,889,20261018,33,49,40,2,895.7,0.25,1343.55,Credit Card,Mobile
1430,3879,20260403,47,796,93,3,867.34,0.06,2445.9,Debit Card,Desktop
1431,2014,20260720,31,1149,77,1,621.72,0.05,590.63,Debit Card,Mobile
1432,3493,20260209,2,1269,7,1,635.55,0.27,463.95,Credit Card,Desktop
1433,2327,20260101,11,200,7,2,338.27,0.11,602.12,Debit Card,Mobile
1434,3590,20261127,24,156,36,4,231.25,0.13,804.75,Debit Card,Mobile
1435,1238,20260602,10,539,59,4,781.92,0.27,2283.21,Credit Card,Mobile
1436,125,20261122,31,358,2,2,757.05,0.2,1211.28,Credit Card,Mobile
1437,2847,20260501,36,560,35,2,482.48,0.27,704.42,Credit Card,Desktop
1438,267,20260202,26,1389,49,1,744.86,0.05,707.62,Credit Card,Mobile
1439,717,20260912,1,1182,6,4,460.86,0.14,1585.36,PayPal,Mobile
1440,831,20260524,18,50,86,3,724.41,0.22,1695.12,Debit Card,Mobile
1441,2664,20260501,3,1789,73,1,705.19,0.24,535.94,Debit Card,Desktop
1442,1174,20260429,24,182,77,2,729.79,0.22,1138.47,Debit Card,Desktop
1443,3694,20260830,24,1488,71,4,567.36,0.11,2019.8,PayPal,Mobile
1444,713,20260614,38,823,48,3,748.44,0.1,2020.79,Debit Card,Desktop
1445,3644,20260530,32,1384,70,3,190.25,0.2,456.6,Debit Card,Desktop
1446,564,20260810,22,1894,46,1,132.12,0.08,121.55,PayPal,Desktop
1447,673,20260819,3,704,65,4,766.02,0.26,2267.42,PayPal,Mobile
1448,3051,20261103,11,1744,74,4,374.57,0.19,1213.61,Credit Card,Mobile
1449,3608,20261221,8,1027,70,2,426.53,0.25,639.79,Credit Card,Mobile
1450,2723,20261022,11,1515,30,4,53.84,0.28,155.06,PayPal,Desktop
1451,3265,20260908,24,1124,51,4,161.08,0.22,502.57,PayPal,Desktop
1452,2818,20260423,49,218,29,1,598.17,0.22,466.57,PayPal,Desktop
1453,772,20260321,46,2,65,4,842.63,0.27,2460.48,Credit Card,Desktop
1454,1256,20260315,16,1548,52,3,920.05,0.21,2180.52,Debit Card,Mobile
1455,783,20261005,2,34,4,1,656.34,0.29,466.0,Debit Card,Mobile
1456,293,20260417,5,520,58,1,226.43,0.23,174.35,Credit Card,Desktop
1457,2448,20260703,20,703,50,2,678.51,0.0,1357.02,Debit Card,Mobile
1458,1960,20260605,41,1260,76,4,457.1,0.18,1499.29,Credit Card,Desktop
1459,1048,20260117,45,970,50,2,525.0,0.11,934.5,PayPal,Mobile
1460,1438,20260805,44,1005,4,3,704.16,0.19,1711.11,Debit Card,Mobile
1461,1033,20260907,35,189,11,1,771.1,0.03,747.97,Credit Card,Mobile
1462,2473,20260821,31,71,42,1,410.86,0.1,369.77,Debit Card,Desktop
1463,2801,20260421,9,1216,87,1,633.03,0.03,614.04,Credit Card,Desktop
1464,2856,20260205,37,795,69,3,526.97,0.14,1359.58,PayPal,Mobile
1465,2012,20260510,12,1848,58,3,606.38,0.21,1437.12,Debit Card,Mobile
1466,450,20260121,44,318,10,2,325.77,0.1,586.39,Credit Card,Desktop
1467,3050,20260906,42,1855,23,2,286.59,0.12,504.4,Debit Card,Mobile
1468,2798,20260604,38,1732,64,2,223.54,0.1,402.37,Credit Card,Desktop
1469,674,20261225,9,271,95,4,950.64,0.03,3688.48,PayPal,Mobile
1470,1762,20260813,2,1451,68,1,521.34,0.24,396.22,PayPal,Desktop
1471,138,20261122,18,894,72,1,566.31,0.13,492.69,PayPal,Desktop
1472,3886,20260204,43,733,61,2,111.92,0.08,205.93,Debit Card,Mobile
1473,2337,20260312,12,1362,26,1,164.96,0.05,156.71,Debit Card,Desktop
1474,3236,20261013,43,380,75,2,299.86,0.02,587.73,Debit Card,Mobile
1475,1231,20261014,9,1530,90,4,87.77,0.06,330.02,Debit Card,Mobile
1476,462,20260710,34,1364,35,4,106.99,0.24,325.25,PayPal,Mobile
1477,3772,20260605,16,1763,62,3,886.37,0.04,2552.75,Credit Card,Mobile
1478,406,20261206,12,795,71,4,501.02,0.14,1723.51,PayPal,Mobile
1479,596,20260316,49,140,62,2,683.73,0.26,1011.92,PayPal,Mobile
1480,1694,20261017,41,741,29,4,206.5,0.19,669.06,Debit Card,Desktop
1481,1313,20260131,50,809,4,3,764.75,0.01,2271.31,Credit Card,Desktop
1482,921,20260720,48,1859,17,1,477.34,0.25,358.0,Debit Card,Desktop
1483,989,20261127,39,1068,37,2,878.28,0.19,1422.81,Debit Card,Mobile
1484,2301,20260810,6,1443,100,1,619.83,0.13,539.25,Credit Card,Mobile
1485,2664,20260709,22,622,69,3,313.52,0.08,865.32,PayPal,Desktop
1486,1998,20260607,25,1552,89,3,862.61,0.14,2225.53,PayPal,Mobile
1487,3995,20260829,22,1092,67,3,370.22,0.21,877.42,PayPal,Mobile
1488,3583,20260509,19,1218,66,1,647.67,0.28,466.32,Credit Card,Desktop
1489,1428,20260615,20,393,43,1,911.86,0.17,756.84,PayPal,Desktop
1490,2700,20260523,13,1574,79,1,300.71,0.13,261.62,Credit Card,Desktop
1491,2224,20260408,36,658,27,1,702.75,0.11,625.45,Debit Card,Mobile
1492,2616,20260302,16,422,77,3,738.36,0.26,1639.16,PayPal,Desktop
1493,1536,20260404,16,803,62,3,892.91,0.24,2035.83,PayPal,Desktop
1494,1044,20261018,39,148,33,2,486.13,0.1,875.03,Credit Card,Desktop
1495,774,20261009,17,1901,64,2,984.67,0.0,1969.34,Debit Card,Desktop
1496,209,20260919,28,1287,63,1,589.08,0.06,553.74,PayPal,Mobile
1497,573,20260901,12,252,47,4,465.31,0.09,1693.73,Credit Card,Mobile
1498,1100,20260205,9,1606,13,4,313.49,0.16,1053.33,PayPal,Desktop
1499,246,20260415,1,229,44,3,87.94,0.2,211.06,PayPal,Desktop
1500,2533,20260526,39,1169,97,3,458.31,0.07,1278.68,Debit Card,Desktop
1501,1298,20260502,49,451,22,3,194.12,0.17,483.36,Debit Card,Mobile
1502,374,20261005,37,1517,79,2,635.48,0.29,902.38,Debit Card,Desktop
1503,906,20260305,16,942,79,2,140.9,0.25,211.35,Credit Card,Mobile
1504,2750,20260423,20,892,75,3,315.5,0.0,946.5,PayPal,Desktop
1505,336,20260817,27,1460,57,3,252.72,0.03,735.42,Debit Card,Mobile
1506,95,20260716,35,1567,35,3,858.06,0.23,1982.12,Credit Card,Desktop
1507,1320,20260812,2,1023,65,4,800.11,0.16,2688.37,PayPal,Desktop
1508,2882,20260815,5,1231,90,2,626.23,0.11,1114.69,PayPal,Desktop
1509,1288,20260328,23,830,36,4,798.67,0.06,3003.0,Credit Card,Desktop
1510,3935,20260429,2,1406,73,4,410.47,0.26,1214.99,Credit Card,Mobile
1511,2342,20260820,23,737,49,3,727.42,0.01,2160.44,Credit Card,Desktop
1512,367,20260812,28,523,45,3,737.97,0.27,1616.15,Credit Card,Desktop
1513,648,20260707,11,449,75,1,916.02,0.08,842.74,PayPal,Mobile
1514,3116,20260119,15,185,91,1,980.2,0.11,872.38,Credit Card,Mobile
1515,325,20261112,34,1909,33,4,710.55,0.02,2785.36,Debit Card,Mobile
1516,3568,20260531,12,470,53,2,184.55,0.13,321.12,Debit Card,Mobile
1517,2544,20260924,4,1173,84,3,113.44,0.26,251.84,PayPal,Mobile
1518,3666,20260528,11,484,3,3,570.54,0.28,1232.37,Credit Card,Mobile
1519,3208,20260204,12,1094,16,4,784.19,0.08,2885.82,Debit Card,Desktop
1520,1007,20260402,1,667,22,1,195.08,0.28,140.46,Debit Card,Mobile
1521,553,20260914,11,100,61,2,529.28,0.02,1037.39,Credit Card,Mobile
1522,2351,20260504,18,948,32,1,868.6,0.25,651.45,Debit Card,Mobile
1523,2622,20261230,39,1546,6,1,154.38,0.07,143.57,Credit Card,Desktop
1524,3273,20260311,32,1388,97,1,50.54,0.14,43.46,Debit Card,Desktop
1525,2129,20260926,23,1611,78,1,493.29,0.19,399.56,PayPal,Desktop
1526,2061,20260509,32,259,5,3,547.3,0.12,1444.87,Credit Card,Mobile
1527,474,20261104,39,1852,53,3,994.98,0.25,2238.7,Debit Card,Desktop
1528,814,20260603,49,33,28,1,404.94,0.09,368.5,Debit Card,Mobile
1529,3069,20260819,9,1330,39,2,871.94,0.24,1325.35,Debit Card,Mobile
1530,1799,20260314,17,997,52,4,65.56,0.07,243.88,Debit Card,Desktop
1531,1704,20260710,4,503,19,2,888.26,0.14,1527.81,PayPal,Mobile
1532,3725,20260601,25,1817,84,2,405.33,0.11,721.49,Debit Card,Mobile
1533,2260,20261103,31,83,62,2,329.25,0.25,493.88,Credit Card,Desktop
1534,680,20260619,1,208,19,1,233.81,0.28,168.34,PayPal,Desktop
1535,2135,20260131,24,50,58,3,73.45,0.07,204.93,Debit Card,Desktop
1536,1168,20261110,24,105,67,2,487.28,0.19,789.39,PayPal,Mobile
1537,2106,20260813,3,1365,100,1,770.57,0.13,670.4,PayPal,Mobile
1538,2706,20260320,46,901,94,2,936.3,0.11,1666.61,PayPal,Desktop
1539,382,20260315,40,787,36,2,185.1,0.27,270.25,Debit Card,Mobile
1540,545,20260122,13,857,73,1,91.81,0.0,91.81,Credit Card,Desktop
1541,3753,20260319,14,2,9,3,455.57,0.17,1134.37,Credit Card,Mobile
1542,898,20260516,30,1875,22,3,740.88,0.24,1689.21,PayPal,Desktop
1543,3684,20260228,22,1264,94,4,125.97,0.14,433.34,Debit Card,Desktop
1544,3692,20260513,48,678,81,1,598.19,0.16,502.48,PayPal,Desktop
1545,2936,20260927,38,1066,88,4,197.82,0.2,633.02,Debit Card,Mobile
1546,1115,20260426,22,1925,66,4,824.19,0.13,2868.18,Debit Card,Desktop
1547,3284,20260727,17,219,19,4,98.72,0.18,323.8,PayPal,Mobile
1548,3708,20260423,10,1897,13,3,886.71,0.07,2473.92,PayPal,Desktop
1549,1357,20260731,20,167,32,1,755.4,0.13,657.2,Credit Card,Desktop
1550,3643,20261206,4,893,52,4,113.0,0.09,411.32,Debit Card,Mobile
1551,3841,20260801,24,243,40,1,499.52,0.01,494.52,Credit Card,Desktop
1552,877,20260909,26,881,31,1,931.44,0.12,819.67,Debit Card,Mobile
1553,2450,20261109,21,1216,49,3,814.3,0.1,2198.61,Credit Card,Mobile
1554,615,20260212,35,878,64,4,128.19,0.22,399.95,Credit Card,Mobile
1555,547,20260127,19,1728,47,4,51.98,0.05,197.52,PayPal,Desktop
1556,3658,20261208,20,677,13,1,593.4,0.01,587.47,Credit Card,Mobile
1557,788,20260121,11,1838,51,2,633.65,0.25,950.47,Debit Card,Mobile
1558,2155,20260517,5,1704,79,3,613.7,0.18,1509.7,Debit Card,Mobile
1559,645,20260203,42,1590,90,3,489.22,0.26,1086.07,PayPal,Mobile
1560,132,20260912,26,1746,44,3,626.16,0.21,1484.0,PayPal,Mobile
1561,3899,20261222,33,628,38,3,499.03,0.14,1287.5,PayPal,Desktop
1562,3470,20260803,20,1365,42,4,816.62,0.07,3037.83,Credit Card,Mobile
1563,326,20260825,4,1204,16,4,191.28,0.05,726.86,Credit Card,Mobile
1564,1158,20260818,50,682,89,2,169.8,0.22,264.89,Debit Card,Mobile
1565,2640,20260904,43,1931,86,3,463.57,0.04,1335.08,PayPal,Desktop
1566,139,20261230,24,321,51,3,249.28,0.14,643.14,Credit Card,Desktop
1567,3292,20260203,17,798,24,1,96.47,0.25,72.35,Debit Card,Desktop
1568,3534,20261204,21,921,18,4,968.22,0.24,2943.39,Debit Card,Desktop
1569,2321,20261204,45,377,1,3,349.05,0.27,764.42,Credit Card,Desktop
1570,1371,20260801,10,87,18,2,138.56,0.26,205.07,Credit Card,Desktop
1571,1712,20260523,3,1579,2,2,911.94,0.22,1422.63,PayPal,Desktop
1572,1382,20261231,1,215,62,4,375.81,0.18,1232.66,PayPal,Mobile
1573,3514,20260419,48,1524,65,2,190.42,0.2,304.67,Debit Card,Desktop
1574,2508,20260928,13,891,99,2,993.95,0.18,1630.08,PayPal,Mobile
1575,1189,20260821,35,1548,59,4,965.94,0.18,3168.28,Credit Card,Desktop
1576,3953,20260620,5,972,54,3,67.02,0.18,164.87,Debit Card,Mobile
1577,1085,20260611,20,1826,84,3,843.06,0.07,2352.14,Credit Card,Mobile
1578,1087,20261209,1,1087,30,2,909.16,0.08,1672.85,Credit Card,Mobile
1579,196,20260819,5,1644,36,2,277.03,0.0,554.06,PayPal,Desktop
1580,3255,20260109,50,1311,40,3,526.66,0.29,1121.79,PayPal,Mobile
1581,2709,20260912,36,589,100,4,989.42,0.06,3720.22,Credit Card,Mobile
1582,2233,20260719,42,411,2,2,582.72,0.1,1048.9,PayPal,Desktop
1583,1966,20260210,2,204,17,1,362.34,0.07,336.98,PayPal,Desktop
1584,1703,20260328,11,1856,55,4,674.58,0.2,2158.66,Credit Card,Mobile
1585,1268,20260705,35,1417,71,2,142.72,0.28,205.52,PayPal,Mobile
1586,3495,20260209,1,1953,31,2,983.67,0.26,1455.83,Credit Card,Desktop
1587,498,20260402,33,1569,100,1,157.7,0.14,135.62,PayPal,Desktop
1588,1140,20260919,6,730,12,1,165.99,0.2,132.79,Debit Card,Mobile
1589,1026,20260718,47,38,80,3,816.27,0.16,2057.0,Credit Card,Mobile
1590,3340,20260325,45,1096,25,4,188.52,0.05,716.38,Debit Card,Desktop
1591,3100,20260116,28,213,66,4,373.17,0.12,1313.56,Debit Card,Mobile
1592,3169,20260327,38,1532,90,3,230.64,0.19,560.46,Credit Card,Mobile
1593,2284,20261203,50,938,50,4,937.11,0.23,2886.3,Debit Card,Desktop
1594,771,20260412,1,1170,46,4,904.97,0.01,3583.68,Credit Card,Desktop
1595,31,20261129,21,1766,60,4,371.79,0.22,1159.98,Credit Card,Mobile
1596,478,20260219,38,279,61,4,614.92,0.17,2041.53,Debit Card,Desktop
1597,3422,20260303,41,650,32,4,643.7,0.01,2549.05,Debit Card,Desktop
1598,3847,20260531,20,1362,18,1,86.99,0.03,84.38,PayPal,Desktop
1599,3481,20260714,27,153,68,4,999.32,0.08,3677.5,Debit Card,Mobile
1600,94,20260913,2,584,42,1,342.97,0.09,312.1,Credit Card,Mobile
1601,3489,20260312,7,743,15,4,934.84,0.18,3066.28,Credit Card,Desktop
1602,2361,20260620,14,1193,11,3,352.4,0.04,1014.91,Credit Card,Mobile
1603,3092,20260522,35,1870,11,2,345.91,0.23,532.7,PayPal,Desktop
1604,1654,20261010,49,1907,6,1,675.0,0.03,654.75,Debit Card,Desktop
1605,214,20260217,9,141,13,4,675.0,0.08,2484.0,PayPal,Mobile
1606,3316,20260224,24,832,70,3,896.83,0.01,2663.59,Credit Card,Desktop
1607,3253,20260323,16,168,43,2,611.31,0.17,1014.77,Credit Card,Mobile
1608,426,20261129,41,1664,3,1,922.25,0.21,728.58,Debit Card,Mobile
1609,3368,20261229,44,1044,31,2,170.33,0.22,265.71,Debit Card,Mobile
1610,3255,20261215,47,1590,25,3,546.83,0.08,1509.25,Debit Card,Mobile
1611,1592,20260131,13,1690,68,1,458.24,0.18,375.76,Debit Card,Desktop
1612,3731,20260311,38,590,35,2,434.29,0.18,712.24,Credit Card,Mobile
1613,2039,20261228,1,235,52,4,449.21,0.19,1455.44,PayPal,Mobile
1614,3336,20260510,42,1189,16,1,706.73,0.17,586.59,PayPal,Mobile
1615,1024,20260309,48,96,94,2,725.51,0.07,1349.45,Credit Card,Desktop
1616,462,20260310,37,6,84,3,966.96,0.08,2668.81,Credit Card,Mobile
1617,846,20261223,29,296,19,3,63.07,0.03,183.53,PayPal,Mobile
1618,2702,20260708,34,1394,36,1,358.86,0.12,315.8,Debit Card,Mobile
1619,771,20261122,43,1758,85,2,188.62,0.12,331.97,Credit Card,Desktop
1620,1033,20260908,1,888,60,1,951.69,0.13,827.97,Credit Card,Mobile
1621,835,20260131,27,227,37,1,760.91,0.16,639.16,Credit Card,Desktop
1622,1939,20260524,49,1085,9,2,218.21,0.23,336.04,PayPal,Desktop
1623,823,20260628,45,1770,36,2,338.04,0.07,628.75,Debit Card,Desktop
1624,3707,20260519,9,36,100,4,202.44,0.07,753.08,Credit Card,Desktop
1625,2088,20260716,42,1913,19,2,257.93,0.28,371.42,Credit Card,Desktop
1626,1114,20260709,43,1058,40,3,545.93,0.21,1293.85,PayPal,Desktop
1627,439,20260111,16,1841,37,1,109.82,0.29,77.97,Debit Card,Mobile
1628,2353,20261209,34,1888,24,1,934.8,0.26,691.75,PayPal,Desktop
1629,1341,20260928,50,1413,99,3,53.2,0.29,113.32,PayPal,Desktop
1630,768,20261018,7,1501,40,2,374.23,0.14,643.68,PayPal,Desktop
1631,818,20260509,41,824,86,3,711.23,0.08,1962.99,PayPal,Desktop
1632,3647,20260219,16,666,6,3,410.93,0.19,998.56,Debit Card,Desktop
1633,2020,20260830,15,883,72,4,770.98,0.16,2590.49,Credit Card,Mobile
1634,1683,20260222,3,420,60,3,586.9,0.04,1690.27,Debit Card,Mobile
1635,1808,20260222,46,278,29,1,696.91,0.29,494.81,PayPal,Mobile
1636,48,20260422,38,838,16,3,402.33,0.01,1194.92,Debit Card,Desktop
1637,2506,20260418,8,192,33,1,138.81,0.28,99.94,PayPal,Mobile
1638,685,20260123,43,1552,90,1,502.21,0.08,462.03,PayPal,Mobile
1639,1687,20260908,22,205,12,1,826.21,0.06,776.64,PayPal,Mobile
1640,1430,20261022,23,1543,58,2,313.79,0.13,545.99,PayPal,Mobile
1641,2342,20260114,2,1367,36,4,751.96,0.29,2135.57,Credit Card,Mobile
1642,735,20260322,13,1695,27,1,272.51,0.01,269.78,Credit Card,Mobile
1643,925,20260601,40,276,5,1,487.81,0.2,390.25,Credit Card,Mobile
1644,1228,20260707,44,885,20,2,645.77,0.26,955.74,PayPal,Mobile
1645,1535,20260323,3,1092,23,1,500.04,0.0,500.04,PayPal,Desktop
1646,300,20260225,10,851,14,3,130.59,0.05,372.18,Debit Card,Mobile
1647,2131,20261225,46,1137,87,3,821.97,0.08,2268.64,PayPal,Desktop
1648,2183,20260820,43,1162,28,4,199.53,0.3,558.68,Debit Card,Desktop
1649,1144,20260330,21,533,78,1,630.4,0.24,479.1,Credit Card,Mobile
1650,2194,20260411,30,1900,12,2,435.53,0.11,775.24,PayPal,Mobile
1651,3019,20261222,45,1093,15,3,170.44,0.02,501.09,PayPal,Desktop
1652,3022,20260722,9,109,67,2,913.87,0.17,1517.02,Credit Card,Mobile
1653,3516,20260306,39,1114,10,2,278.46,0.02,545.78,Credit Card,Mobile
1654,1070,20260623,22,1125,18,3,548.82,0.03,1597.07,Credit Card,Mobile
1655,573,20260807,15,1432,82,2,515.98,0.25,773.97,Credit Card,Mobile
1656,2597,20261116,35,165,95,3,470.23,0.13,1227.3,Debit Card,Desktop
1657,1384,20260326,2,68,98,2,697.27,0.3,976.18,Credit Card,Mobile
1658,2962,20261207,2,172,42,3,706.34,0.26,1568.07,Credit Card,Mobile
1659,3299,20260212,7,900,69,1,703.56,0.14,605.06,PayPal,Desktop
1660,2478,20260130,2,1473,20,4,798.09,0.22,2490.04,Debit Card,Desktop
1661,2065,20260714,42,594,97,3,688.57,0.24,1569.94,Debit Card,Desktop
1662,2460,20260323,43,1181,70,3,130.79,0.24,298.2,Debit Card,Desktop
1663,617,20260909,12,1689,98,4,546.11,0.23,1682.02,Debit Card,Mobile
1664,1781,20260610,30,54,6,3,410.47,0.01,1219.1,PayPal,Mobile
1665,1548,20260102,23,1304,44,3,678.94,0.27,1486.88,Credit Card,Desktop
1666,1548,20260922,37,252,31,2,311.33,0.04,597.75,Debit Card,Mobile
1667,1514,20260518,43,101,47,4,536.1,0.3,1501.08,Debit Card,Mobile
1668,2926,20261023,3,1281,61,1,406.56,0.01,402.49,Credit Card,Desktop
1669,2516,20260417,36,943,80,3,278.37,0.18,684.79,Debit Card,Mobile
1670,3507,20261116,34,379,17,4,789.68,0.29,2242.69,Credit Card,Mobile
1671,3545,20260518,26,518,68,2,811.89,0.28,1169.12,Credit Card,Mobile
1672,3511,20260514,42,364,71,1,644.3,0.08,592.76,Debit Card,Desktop
1673,3129,20260508,13,1083,83,4,539.88,0.11,1921.97,Credit Card,Desktop
1674,580,20260518,45,820,80,1,280.12,0.2,224.1,PayPal,Desktop
1675,2732,20260329,47,630,53,1,545.64,0.19,441.97,Debit Card,Mobile
1676,2937,20260111,9,755,93,1,280.58,0.13,244.1,PayPal,Desktop
1677,1032,20260420,6,947,6,3,148.89,0.29,317.14,Debit Card,Desktop
1678,3074,20261120,24,1552,38,3,420.39,0.11,1122.44,Credit Card,Mobile
1679,1512,20260726,22,1114,88,2,799.23,0.22,1246.8,Credit Card,Desktop
1680,96,20260409,43,174,61,2,961.26,0.27,1403.44,Debit Card,Desktop
1681,2102,20260730,37,1967,68,4,802.49,0.26,2375.37,PayPal,Mobile
1682,2278,20260426,45,1026,67,2,744.24,0.11,1324.75,Credit Card,Desktop
1683,2499,20260619,45,127,87,1,739.22,0.04,709.65,PayPal,Desktop
1684,3494,20260120,19,490,27,1,325.21,0.19,263.42,Credit Card,Mobile
1685,2405,20260701,21,1810,91,3,234.61,0.16,591.22,Credit Card,Desktop
1686,369,20260424,7,1457,77,1,816.37,0.24,620.44,Debit Card,Desktop
1687,814,20260305,16,1216,12,4,567.16,0.18,1860.28,PayPal,Mobile
1688,1324,20260910,15,81,53,1,255.94,0.12,225.23,Credit Card,Mobile
1689,2069,20260212,32,1554,42,1,922.22,0.18,756.22,Debit Card,Mobile
1690,3191,20260825,36,1476,68,4,962.7,0.26,2849.59,Credit Card,Mobile
1691,3321,20260405,2,1201,14,2,248.27,0.01,491.57,Debit Card,Desktop
1692,2146,20260227,1,501,89,2,572.25,0.25,858.38,Debit Card,Desktop
1693,2988,20260830,19,1686,77,4,654.99,0.15,2226.97,Credit Card,Desktop
1694,1605,20260102,24,1249,45,3,888.17,0.2,2131.61,Credit Card,Mobile
1695,505,20260209,34,1310,99,1,345.67,0.02,338.76,PayPal,Desktop
1696,1627,20260225,34,978,44,4,562.27,0.07,2091.64,Credit Card,Mobile
1697,646,20260728,14,1243,78,1,234.97,0.24,178.58,PayPal,Mobile
1698,1384,20260207,27,158,12,3,278.14,0.08,767.67,Debit Card,Mobile
1699,533,20261223,34,1098,53,1,758.71,0.22,591.79,PayPal,Mobile
1700,1383,20260707,16,1009,51,4,648.95,0.23,1998.77,Debit Card,Desktop
1701,3058,20260124,9,874,100,1,543.37,0.03,527.07,Credit Card,Mobile
1702,3625,20260409,14,740,50,2,881.09,0.02,1726.94,Debit Card,Mobile
1703,298,20260114,21,1926,96,3,416.97,0.21,988.22,Credit Card,Mobile
1704,1395,20260331,23,107,56,3,779.21,0.08,2150.62,PayPal,Mobile
1705,3472,20260812,32,870,98,3,593.44,0.15,1513.27,PayPal,Mobile
1706,1081,20261115,19,1536,6,4,250.32,0.16,841.08,Credit Card,Mobile
1707,2162,20260605,29,1598,25,3,901.54,0.0,2704.62,Debit Card,Desktop
1708,2254,20260502,48,1831,68,2,503.04,0.2,804.86,Credit Card,Desktop
1709,2518,20260124,47,255,7,4,251.36,0.19,814.41,Credit Card,Desktop
1710,3368,20260820,4,1040,48,2,706.55,0.01,1398.97,PayPal,Mobile
1711,65,20260529,46,928,33,1,321.48,0.05,305.41,PayPal,Mobile
1712,2555,20260726,41,862,99,1,768.41,0.21,607.04,PayPal,Desktop
1713,2477,20261203,49,1230,96,1,331.59,0.17,275.22,PayPal,Desktop
1714,2193,20260215,24,1187,50,1,894.69,0.09,814.17,PayPal,Mobile
1715,88,20260317,50,1025,40,2,363.84,0.03,705.85,PayPal,Mobile
1716,3438,20260331,50,1653,29,4,896.01,0.03,3476.52,Debit Card,Mobile
1717,3841,20260809,4,836,80,4,434.0,0.17,1440.88,PayPal,Mobile
1718,483,20261013,30,1565,54,3,499.33,0.12,1318.23,Credit Card,Desktop
1719,3863,20260331,47,468,67,2,761.81,0.09,1386.49,PayPal,Mobile
1720,1482,20260616,42,500,67,1,686.64,0.18,563.04,Credit Card,Mobile
1721,3933,20260526,27,1818,85,2,836.61,0.27,1221.45,Credit Card,Mobile
1722,123,20261222,36,1648,19,3,587.95,0.13,1534.55,Debit Card,Desktop
1723,1090,20261006,6,1605,71,3,692.73,0.13,1808.03,Debit Card,Desktop
1724,3397,20260626,14,31,72,2,436.58,0.02,855.7,Debit Card,Desktop
1725,597,20260220,50,390,68,2,688.41,0.21,1087.69,Debit Card,Desktop
1726,1094,20260303,26,1109,20,2,289.33,0.06,543.94,Credit Card,Desktop
1727,3501,20260918,2,1706,22,4,308.31,0.27,900.27,Debit Card,Mobile
1728,1779,20260101,39,801,50,1,56.19,0.26,41.58,Credit Card,Mobile
1729,2064,20260301,13,154,11,2,842.02,0.23,1296.71,PayPal,Mobile
1730,3500,20261110,2,99,9,2,368.1,0.29,522.7,Debit Card,Mobile
1731,2580,20261110,39,150,95,2,665.87,0.02,1305.11,Debit Card,Mobile
1732,2579,20260821,34,402,75,3,437.4,0.05,1246.59,Debit Card,Desktop
1733,904,20261118,41,574,35,3,186.47,0.22,436.34,Credit Card,Desktop
1734,665,20260814,4,1463,58,4,470.56,0.08,1731.66,Credit Card,Desktop
1735,1412,20260730,2,1138,12,1,687.82,0.18,564.01,PayPal,Desktop
1736,3781,20261117,4,330,73,4,834.71,0.28,2403.96,PayPal,Mobile
1737,2764,20260515,35,539,9,1,71.6,0.28,51.55,Credit Card,Mobile
1738,544,20260414,21,733,92,3,481.17,0.03,1400.2,Credit Card,Mobile
1739,1914,20260626,35,1899,11,3,920.03,0.12,2428.88,Debit Card,Mobile
1740,673,20260415,44,209,11,3,857.07,0.27,1876.98,PayPal,Mobile
1741,1729,20260101,16,1690,66,4,410.84,0.07,1528.32,PayPal,Desktop
1742,4000,20260309,23,771,16,2,494.34,0.16,830.49,Credit Card,Mobile
1743,1216,20260818,20,542,76,2,120.62,0.2,192.99,Credit Card,Mobile
1744,1621,20261024,19,1046,6,3,356.87,0.04,1027.79,Credit Card,Desktop
1745,1851,20260522,14,1397,33,2,320.52,0.02,628.22,Credit Card,Desktop
1746,3708,20260829,30,1518,64,2,557.47,0.28,802.76,PayPal,Mobile
1747,2618,20260406,6,1799,63,4,121.42,0.25,364.26,PayPal,Mobile
1748,3812,20260222,27,352,74,1,646.85,0.08,595.1,PayPal,Desktop
1749,1794,20260909,15,1553,55,3,795.17,0.21,1884.55,Credit Card,Mobile
1750,2792,20260228,21,837,4,3,855.67,0.05,2438.66,Debit Card,Mobile
1751,94,20261021,32,1609,90,4,762.76,0.29,2166.24,PayPal,Desktop
1752,1858,20260726,31,1434,8,4,696.71,0.3,1950.79,Debit Card,Desktop
1753,3308,20260501,10,1762,2,2,905.3,0.16,1520.9,Debit Card,Mobile
1754,3444,20260712,11,370,29,3,563.59,0.03,1640.05,PayPal,Desktop
1755,1612,20260617,44,1789,85,1,690.19,0.03,669.48,Debit Card,Mobile
1756,430,20260621,44,543,52,4,562.12,0.13,1956.18,PayPal,Mobile
1757,714,20260207,5,1169,18,1,546.7,0.23,420.96,Debit Card,Desktop
1758,2284,20260822,38,1095,99,1,767.21,0.29,544.72,PayPal,Desktop
1759,1183,20260501,35,1778,3,3,458.46,0.18,1127.81,Credit Card,Mobile
1760,3897,20260120,39,1417,94,3,858.33,0.24,1956.99,Credit Card,Desktop
1761,3970,20261103,19,1328,17,4,730.91,0.08,2689.75,Debit Card,Desktop
1762,2652,20261109,6,581,45,3,536.6,0.19,1303.94,Debit Card,Desktop
1763,1463,20260119,12,482,70,3,710.52,0.13,1854.46,Debit Card,Desktop
1764,3982,20260719,43,383,4,3,503.72,0.16,1269.37,PayPal,Desktop
1765,2516,20260521,5,1474,81,1,411.43,0.02,403.2,PayPal,Desktop
1766,2220,20260911,10,1756,80,4,629.91,0.15,2141.69,PayPal,Desktop
1767,3429,20260916,9,656,67,2,522.36,0.25,783.54,PayPal,Mobile
1768,2635,20260910,35,652,88,1,994.48,0.01,984.54,PayPal,Mobile
1769,3246,20260724,16,756,7,3,661.37,0.2,1587.29,PayPal,Desktop
1770,3095,20260116,25,781,94,1,680.39,0.26,503.49,PayPal,Desktop
1771,2757,20261218,8,344,36,3,483.8,0.01,1436.89,PayPal,Mobile
1772,748,20260625,34,806,59,3,859.86,0.08,2373.21,PayPal,Desktop
1773,2505,20260411,19,381,82,1,183.34,0.25,137.5,Credit Card,Mobile
1774,1103,20261216,26,1701,29,4,556.07,0.17,1846.15,Credit Card,Mobile
1775,2804,20260624,44,1876,42,3,434.66,0.08,1199.66,Credit Card,Desktop
1776,1594,20260905,11,1984,74,4,219.0,0.28,630.72,Credit Card,Desktop
1777,1407,20261029,34,1246,88,2,260.57,0.21,411.7,Debit Card,Mobile
1778,436,20260425,36,1456,51,3,867.43,0.28,1873.65,Debit Card,Desktop
1779,1077,20260114,25,1945,72,4,954.05,0.15,3243.77,Debit Card,Mobile
1780,2786,20261109,19,1690,34,4,354.42,0.15,1205.03,Credit Card,Mobile
1781,3596,20260410,44,1831,66,2,341.29,0.19,552.89,PayPal,Mobile
1782,676,20260227,4,408,67,4,918.19,0.18,3011.66,PayPal,Desktop
1783,353,20261025,24,431,51,4,274.22,0.24,833.63,Debit Card,Mobile
1784,3390,20260616,21,415,14,2,328.97,0.03,638.2,Credit Card,Mobile
1785,1719,20260707,31,1491,68,3,638.41,0.06,1800.32,Credit Card,Mobile
1786,66,20260807,40,545,20,4,474.96,0.1,1709.86,PayPal,Mobile
1787,145,20260526,50,725,23,4,952.87,0.24,2896.72,Debit Card,Desktop
1788,2852,20261112,38,1073,61,4,552.75,0.3,1547.7,PayPal,Mobile
1789,1958,20261106,1,557,47,1,745.88,0.04,716.04,Credit Card,Mobile
1790,1427,20260921,26,334,18,2,550.44,0.26,814.65,Debit Card,Desktop
1791,3166,20260802,38,1038,54,1,105.45,0.1,94.91,Debit Card,Desktop
1792,2019,20260524,46,692,66,2,333.72,0.05,634.07,Debit Card,Desktop
1793,1729,20261005,24,1632,41,3,650.56,0.22,1522.31,PayPal,Desktop
1794,2517,20260402,8,1982,11,3,526.93,0.09,1438.52,PayPal,Desktop
1795,26,20260620,3,88,20,4,74.13,0.28,213.49,Debit Card,Desktop
1796,951,20261124,5,1963,31,2,268.09,0.19,434.31,Credit Card,Mobile
1797,23,20260616,21,697,62,3,875.06,0.02,2572.68,Credit Card,Mobile
1798,747,20261121,44,206,37,2,651.35,0.17,1081.24,Debit Card,Desktop
1799,2403,20260924,40,1468,63,3,548.55,0.11,1464.63,Credit Card,Desktop
1800,1840,20261220,41,1616,57,1,990.94,0.07,921.57,PayPal,Desktop
1801,532,20261126,24,1733,66,3,442.62,0.22,1035.73,PayPal,Mobile
1802,286,20260708,34,448,23,1,323.52,0.28,232.93,PayPal,Mobile
1803,820,20260310,39,294,83,3,230.9,0.02,678.85,Credit Card,Desktop
1804,34,20261116,6,1065,32,4,137.97,0.11,491.17,Debit Card,Desktop
1805,1898,20260908,23,50,69,1,202.14,0.22,157.67,Credit Card,Desktop
1806,1868,20260726,12,1612,24,3,542.75,0.03,1579.4,Debit Card,Desktop
1807,1488,20260826,36,1286,35,4,354.81,0.22,1107.01,Debit Card,Mobile
1808,134,20260714,21,292,80,1,197.02,0.17,163.53,Credit Card,Desktop
1809,2989,20260715,7,804,7,4,904.67,0.17,3003.5,PayPal,Mobile
1810,720,20260814,5,937,88,2,962.33,0.19,1558.97,Credit Card,Mobile
1811,3793,20260815,37,1343,75,2,797.85,0.22,1244.65,Credit Card,Mobile
1812,3913,20260616,37,1863,79,1,222.7,0.05,211.56,Credit Card,Desktop
1813,3275,20260329,21,1347,75,3,957.57,0.22,2240.71,Credit Card,Desktop
1814,3673,20260501,11,666,84,1,575.48,0.04,552.46,Debit Card,Mobile
1815,1312,20261023,36,1925,40,4,862.91,0.16,2899.38,Debit Card,Desktop
1816,3020,20260304,48,1808,64,3,514.65,0.19,1250.6,Credit Card,Mobile
1817,2339,20260721,22,535,33,2,325.35,0.28,468.5,PayPal,Desktop
1818,3659,20261109,29,1237,75,3,729.72,0.03,2123.49,Debit Card,Mobile
1819,664,20260406,4,679,32,2,592.49,0.13,1030.93,PayPal,Desktop
1820,878,20260927,32,1450,42,3,915.13,0.22,2141.4,Credit Card,Mobile
1821,3084,20260308,7,276,47,3,191.78,0.24,437.26,Debit Card,Mobile
1822,183,20261008,17,1559,71,3,229.02,0.01,680.19,Debit Card,Desktop
1823,1796,20260923,23,1401,27,4,528.29,0.26,1563.74,PayPal,Desktop
1824,2611,20261208,35,808,8,4,538.62,0.06,2025.21,Credit Card,Mobile
1825,3779,20260109,25,1322,11,1,314.22,0.09,285.94,PayPal,Desktop
1826,3571,20260226,11,1954,27,1,487.2,0.1,438.48,PayPal,Mobile
1827,686,20260112,50,1899,94,2,790.0,0.19,1279.8,PayPal,Desktop
1828,1958,20261206,18,1339,95,4,72.83,0.09,265.1,PayPal,Mobile
1829,21,20260130,37,852,61,2,631.48,0.06,1187.18,Credit Card,Mobile
1830,3963,20261218,8,298,51,1,613.81,0.03,595.4,Credit Card,Mobile
1831,3551,20260319,44,1893,90,2,159.78,0.05,303.58,Debit Card,Desktop
1832,472,20260827,39,1580,96,1,765.03,0.04,734.43,PayPal,Mobile
1833,531,20260301,12,86,16,4,157.07,0.12,552.89,PayPal,Mobile
1834,3042,20260817,34,1557,57,3,179.19,0.1,483.81,Credit Card,Mobile
1835,1203,20261115,37,395,56,4,759.43,0.06,2855.46,Debit Card,Desktop
1836,1866,20260417,42,1796,86,2,559.34,0.2,894.94,Debit Card,Mobile
1837,412,20260318,6,583,3,2,776.14,0.08,1428.1,PayPal,Desktop
1838,3522,20261117,1,1181,86,4,548.58,0.28,1579.91,Debit Card,Mobile
1839,71,20260318,38,397,90,4,616.51,0.11,2194.78,Debit Card,Desktop
1840,3040,20260714,48,1342,1,1,847.66,0.02,830.71,Credit Card,Desktop
1841,3374,20260307,2,1590,13,2,790.26,0.18,1296.03,Credit Card,Desktop
1842,3831,20260302,23,1126,42,2,184.79,0.06,347.41,PayPal,Desktop
1843,869,20260718,2,532,10,4,341.6,0.28,983.81,PayPal,Mobile
1844,221,20260114,28,253,47,3,183.8,0.14,474.2,PayPal,Mobile
1845,248,20260903,11,1227,80,2,269.27,0.15,457.76,Credit Card,Desktop
1846,92,20260213,27,468,17,3,459.66,0.26,1020.45,Credit Card,Desktop
1847,1403,20260929,21,535,21,4,667.59,0.27,1949.36,PayPal,Mobile
1848,133,20260424,16,121,16,4,716.14,0.26,2119.77,Credit Card,Desktop
1849,3148,20260727,41,925,48,1,958.76,0.17,795.77,Debit Card,Desktop
1850,2774,20261115,50,713,48,2,111.64,0.13,194.25,Debit Card,Desktop
1851,3448,20260330,7,281,33,3,948.48,0.08,2617.8,Debit Card,Desktop
1852,3151,20260102,8,1633,66,1,155.03,0.17,128.67,Credit Card,Mobile
1853,3247,20260417,27,1135,30,2,75.31,0.27,109.95,Credit Card,Desktop
1854,2003,20260724,11,868,67,1,312.36,0.28,224.9,Credit Card,Mobile
1855,1501,20260922,29,220,19,4,142.56,0.22,444.79,PayPal,Mobile
1856,1899,20260225,6,401,66,2,975.49,0.21,1541.27,Credit Card,Desktop
1857,2919,20260820,15,681,11,1,146.58,0.02,143.65,Credit Card,Desktop
1858,2016,20260704,20,409,52,1,971.47,0.29,689.74,Credit Card,Mobile
1859,1783,20261227,12,715,69,3,236.73,0.01,703.09,PayPal,Desktop
1860,1040,20260817,32,61,27,1,454.61,0.13,395.51,Credit Card,Mobile
1861,3573,20260620,50,411,78,2,239.02,0.2,382.43,Debit Card,Mobile
1862,3644,20260814,26,895,20,2,925.87,0.25,1388.81,Credit Card,Desktop
1863,567,20261027,45,1749,61,3,110.87,0.07,309.33,Credit Card,Mobile
1864,1744,20260130,7,637,43,2,980.83,0.12,1726.26,PayPal,Mobile
1865,2411,20260204,32,1366,60,4,805.35,0.02,3156.97,Credit Card,Desktop
1866,2399,20260120,16,1114,99,2,68.67,0.2,109.87,PayPal,Mobile
1867,2585,20261016,45,553,74,2,769.42,0.26,1138.74,Credit Card,Desktop
1868,1298,20260508,12,87,33,1,684.32,0.21,540.61,PayPal,Mobile
1869,3366,20261029,32,1904,51,1,332.75,0.25,249.56,PayPal,Desktop
1870,1898,20261124,38,900,88,2,262.5,0.02,514.5,Credit Card,Desktop
1871,419,20260715,27,1860,49,3,622.84,0.22,1457.45,Credit Card,Mobile
1872,1987,20260421,31,1170,35,1,510.71,0.29,362.6,Credit Card,Mobile
1873,864,20260331,48,1411,66,3,774.09,0.13,2020.37,PayPal,Desktop
1874,2501,20261026,29,1653,2,2,590.04,0.03,1144.68,Credit Card,Desktop
1875,3915,20260326,43,286,4,2,889.25,0.25,1333.88,Credit Card,Desktop
1876,2215,20260127,11,217,12,4,539.79,0.25,1619.37,Debit Card,Mobile
1877,2584,20260323,43,1286,34,1,677.72,0.2,542.18,Credit Card,Mobile
1878,2520,20260501,37,1051,77,2,400.91,0.21,633.44,PayPal,Desktop
1879,1821,20260317,2,1497,69,4,902.57,0.03,3501.97,PayPal,Desktop
1880,3488,20261205,5,1988,70,1,532.81,0.24,404.94,Debit Card,Desktop
1881,493,20260605,29,1940,46,2,558.35,0.05,1060.87,PayPal,Mobile
1882,1532,20261020,29,1910,2,2,983.71,0.29,1396.87,PayPal,Mobile
1883,192,20260201,27,972,41,1,821.28,0.08,755.58,Debit Card,Mobile
1884,349,20260403,20,1220,52,1,850.01,0.11,756.51,Credit Card,Mobile
1885,3348,20260322,38,554,22,1,535.35,0.15,455.05,PayPal,Desktop
1886,2975,20261014,49,804,75,2,908.62,0.05,1726.38,PayPal,Desktop
1887,2412,20261207,23,470,92,2,653.62,0.08,1202.66,Credit Card,Desktop
1888,1453,20260215,28,91,64,4,800.61,0.13,2786.12,PayPal,Mobile
1889,3312,20260401,45,1133,72,3,513.13,0.2,1231.51,Credit Card,Desktop
1890,1886,20260713,38,1635,85,1,386.34,0.23,297.48,PayPal,Desktop
1891,2478,20260404,27,1438,82,2,328.21,0.01,649.86,Debit Card,Desktop
1892,3833,20260716,40,880,4,2,569.46,0.22,888.36,Debit Card,Desktop
1893,48,20260919,10,1149,44,1,346.77,0.02,339.83,Credit Card,Desktop
1894,2376,20260314,49,498,81,3,201.82,0.28,435.93,Debit Card,Desktop
1895,3964,20261005,37,1967,100,1,569.38,0.0,569.38,Credit Card,Desktop
1896,934,20261001,40,85,56,3,430.12,0.21,1019.38,Credit Card,Desktop
1897,3084,20260722,34,912,78,2,505.55,0.3,707.77,PayPal,Mobile
1898,366,20260806,20,152,28,3,70.95,0.25,159.64,Credit Card,Mobile
1899,2622,20260703,11,1681,27,4,678.12,0.3,1898.74,PayPal,Desktop
1900,1670,20260225,1,700,24,2,271.02,0.14,466.15,Credit Card,Mobile
1901,1641,20260511,22,1597,90,4,355.16,0.15,1207.54,Credit Card,Mobile
1902,1238,20260704,32,297,34,1,911.11,0.08,838.22,Credit Card,Mobile
1903,792,20260808,45,593,36,1,351.99,0.01,348.47,Credit Card,Desktop
1904,3033,20260725,31,1837,96,1,852.87,0.14,733.47,Credit Card,Mobile
1905,3085,20261225,35,1292,6,3,295.76,0.16,745.32,PayPal,Mobile
1906,397,20260725,18,164,57,2,488.64,0.17,811.14,Debit Card,Desktop
1907,928,20260922,21,1275,24,1,855.4,0.03,829.74,Debit Card,Desktop
1908,2206,20260516,40,1649,32,1,568.62,0.18,466.27,PayPal,Desktop
1909,3811,20261223,33,781,73,2,637.62,0.13,1109.46,Debit Card,Mobile
1910,1285,20260617,43,101,15,1,373.27,0.08,343.41,Credit Card,Mobile
1911,2816,20261103,50,979,47,4,695.55,0.02,2726.56,Credit Card,Desktop
1912,1944,20261222,6,866,88,2,92.26,0.03,178.98,PayPal,Mobile
1913,3160,20260427,36,1654,51,2,840.9,0.16,1412.71,Credit Card,Desktop
1914,2653,20260610,9,205,66,2,286.13,0.29,406.3,PayPal,Desktop
1915,1989,20260617,1,101,4,4,403.77,0.02,1582.78,PayPal,Desktop
1916,1025,20260311,12,97,38,2,333.78,0.29,473.97,Debit Card,Desktop
1917,3034,20261216,36,1257,56,4,871.92,0.24,2650.64,Debit Card,Desktop
1918,1074,20260730,11,30,40,2,97.5,0.24,148.2,Debit Card,Desktop
1919,2202,20260706,2,1170,58,3,515.53,0.13,1345.53,Debit Card,Desktop
1920,2493,20260424,2,871,17,1,232.67,0.15,197.77,Credit Card,Desktop
1921,3209,20260513,9,1750,82,3,808.98,0.26,1795.94,Credit Card,Desktop
1922,1625,20260622,41,685,78,1,715.57,0.02,701.26,PayPal,Desktop
1923,3818,20260428,44,872,21,4,929.08,0.0,3716.32,Credit Card,Mobile
1924,3122,20260331,29,877,62,3,194.55,0.05,554.47,PayPal,Desktop
1925,2512,20260609,5,800,4,2,431.17,0.23,664.0,Credit Card,Mobile
1926,379,20260401,24,1866,65,1,316.88,0.3,221.82,Debit Card,Desktop
1927,2199,20260131,1,222,61,1,55.81,0.27,40.74,PayPal,Desktop
1928,524,20260904,13,1792,11,3,725.42,0.3,1523.38,Credit Card,Desktop
1929,3814,20260816,18,914,18,4,934.19,0.27,2727.83,PayPal,Desktop
1930,1741,20260515,5,302,94,3,860.1,0.19,2090.04,Credit Card,Mobile
1931,3013,20260128,49,1812,62,4,243.7,0.08,896.82,Debit Card,Mobile
1932,1581,20260809,49,1091,7,4,378.43,0.18,1241.25,Debit Card,Desktop
1933,3883,20261122,33,359,40,1,210.36,0.3,147.25,Credit Card,Mobile
1934,2063,20261210,21,1800,33,3,579.62,0.23,1338.92,Debit Card,Desktop
1935,1043,20260125,20,1337,48,3,79.86,0.28,172.5,Debit Card,Desktop
1936,3464,20260623,5,229,18,4,752.78,0.26,2228.23,Credit Card,Mobile
1937,3135,20260818,48,1498,63,3,321.19,0.16,809.4,PayPal,Mobile
1938,3130,20260819,14,498,86,2,466.47,0.23,718.36,Debit Card,Mobile
1939,3411,20260908,36,1104,49,2,211.23,0.06,397.11,PayPal,Mobile
1940,52,20260207,42,1112,8,3,902.85,0.11,2410.61,Credit Card,Desktop
1941,2928,20260507,41,399,5,3,835.37,0.08,2305.62,Debit Card,Mobile
1942,594,20260616,18,1279,30,4,733.23,0.15,2492.98,Debit Card,Mobile
1943,3536,20260606,45,1614,82,2,61.22,0.26,90.61,PayPal,Mobile
1944,1805,20260921,31,1035,37,2,115.67,0.26,171.19,PayPal,Mobile
1945,1041,20260806,17,1878,86,1,378.07,0.05,359.17,Debit Card,Desktop
1946,862,20260515,35,1801,47,4,456.12,0.25,1368.36,PayPal,Mobile
1947,2886,20260901,36,220,2,1,622.63,0.07,579.05,PayPal,Desktop
1948,2199,20260504,30,1967,65,2,661.47,0.04,1270.02,PayPal,Desktop
1949,2327,20261003,38,872,76,4,748.57,0.24,2275.65,PayPal,Mobile
1950,1289,20261220,31,1186,90,3,618.91,0.09,1689.62,Credit Card,Desktop
1951,564,20260223,17,772,30,4,310.53,0.13,1080.64,Credit Card,Mobile
1952,2911,20261103,17,359,35,3,563.42,0.29,1200.08,Credit Card,Mobile
1953,667,20261013,34,483,31,3,666.26,0.18,1639.0,PayPal,Mobile
1954,2702,20260319,36,1024,4,4,977.0,0.3,2735.6,Debit Card,Mobile
1955,3551,20261018,33,1893,7,3,249.59,0.05,711.33,PayPal,Mobile
1956,480,20260327,1,380,30,1,188.42,0.01,186.54,Credit Card,Mobile
1957,1890,20260109,28,778,15,2,109.88,0.16,184.6,Credit Card,Mobile
1958,3555,20260918,36,1884,87,3,849.21,0.18,2089.06,Debit Card,Desktop
1959,1211,20260304,13,764,50,1,60.64,0.03,58.82,Credit Card,Desktop
1960,2266,20260201,19,1902,41,3,921.41,0.07,2570.73,PayPal,Mobile
1961,3093,20261125,4,1611,62,2,946.24,0.18,1551.83,Debit Card,Desktop
1962,1268,20261009,27,1775,76,1,659.44,0.06,619.87,Debit Card,Mobile
1963,70,20260118,30,1711,97,2,53.47,0.22,83.41,Debit Card,Mobile
1964,3865,20260102,22,1951,96,2,401.56,0.24,610.37,PayPal,Desktop
1965,3699,20260813,45,95,56,1,842.39,0.1,758.15,Debit Card,Desktop
1966,3707,20260805,42,805,48,1,305.24,0.02,299.14,Debit Card,Mobile
1967,3861,20261229,15,578,1,1,135.78,0.25,101.84,Debit Card,Desktop
1968,3754,20260221,38,551,99,4,428.88,0.25,1286.64,PayPal,Desktop
1969,3167,20260122,36,1557,25,1,546.65,0.0,546.65,Debit Card,Desktop
1970,1548,20261008,35,1487,73,1,242.19,0.17,201.02,PayPal,Desktop
1971,64,20260323,34,480,70,1,418.99,0.14,360.33,Debit Card,Mobile
1972,2625,20260830,32,1601,79,1,552.68,0.2,442.14,Credit Card,Desktop
1973,740,20260116,24,929,10,3,402.45,0.18,990.03,PayPal,Desktop
1974,519,20260713,2,1932,12,4,72.2,0.18,236.82,Credit Card,Desktop
1975,3479,20261226,41,1070,74,2,775.8,0.11,1380.92,PayPal,Mobile
1976,2267,20260714,1,1559,74,1,63.96,0.29,45.41,Debit Card,Mobile
1977,2091,20260207,21,1990,16,3,794.77,0.11,2122.04,Debit Card,Desktop
1978,3064,20260822,9,1000,38,3,326.25,0.03,949.39,Debit Card,Mobile
1979,3420,20260208,42,1130,19,3,141.74,0.2,340.18,Debit Card,Mobile
1980,565,20261108,28,546,23,2,727.13,0.12,1279.75,Credit Card,Mobile
1981,2407,20261105,5,921,7,1,945.87,0.1,851.28,PayPal,Desktop
1982,3373,20260707,36,710,88,4,303.08,0.04,1163.83,Debit Card,Desktop
1983,1783,20260906,50,1036,17,4,841.77,0.01,3333.41,Credit Card,Mobile
1984,3402,20260306,1,1455,74,3,852.34,0.11,2275.75,Credit Card,Mobile
1985,2885,20260202,22,840,36,2,650.51,0.07,1209.95,Credit Card,Desktop
1986,3472,20260329,31,364,65,2,250.71,0.04,481.36,Credit Card,Desktop
1987,2131,20260524,42,1937,67,2,54.8,0.03,106.31,Credit Card,Mobile
1988,370,20261219,9,860,10,4,298.73,0.14,1027.63,Debit Card,Desktop
1989,1440,20260104,36,1314,90,3,507.4,0.02,1491.76,Credit Card,Mobile
1990,2501,20260301,12,1729,60,1,595.64,0.29,422.9,Credit Card,Mobile
1991,3605,20260611,3,1524,47,4,226.63,0.02,888.39,Credit Card,Desktop
1992,180,20260128,3,947,10,3,829.77,0.04,2389.74,Debit Card,Desktop
1993,1051,20261215,45,1700,84,3,63.97,0.29,136.26,Credit Card,Desktop
1994,930,20261015,42,289,73,1,725.81,0.21,573.39,PayPal,Desktop
1995,3544,20260731,27,706,17,1,613.44,0.17,509.16,PayPal,Desktop
1996,1694,20260523,47,181,80,1,958.72,0.23,738.21,PayPal,Mobile
1997,2206,20260831,6,437,99,2,242.08,0.09,440.59,PayPal,Mobile
1998,1441,20260119,50,1150,85,1,294.93,0.01,291.98,PayPal,Desktop
1999,3656,20260424,19,437,94,3,700.37,0.02,2059.09,Debit Card,Desktop
2000,992,20260512,22,1785,20,1,547.82,0.26,405.39,Debit Card,Mobile
2001,1784,20260727,3,1527,55,3,868.94,0.29,1850.84,Debit Card,Mobile
2002,1030,20261029,20,1907,70,4,570.56,0.3,1597.57,PayPal,Mobile
2003,3278,20261008,15,784,81,2,338.46,0.05,643.07,Debit Card,Desktop
2004,218,20260312,29,1672,57,4,563.18,0.1,2027.45,Debit Card,Mobile
2005,1444,20260721,6,746,51,4,392.1,0.19,1270.4,Credit Card,Mobile
2006,2434,20261017,3,1108,43,3,223.63,0.25,503.17,Debit Card,Mobile
2007,2993,20260122,2,1365,77,4,518.72,0.21,1639.16,Credit Card,Mobile
2008,1896,20260221,50,1040,50,3,953.49,0.3,2002.33,Credit Card,Mobile
2009,3861,20260314,29,1397,50,1,362.11,0.09,329.52,Credit Card,Mobile
2010,2544,20260328,24,1883,30,1,652.15,0.12,573.89,Debit Card,Desktop
2011,3,20261224,6,1366,18,3,943.47,0.2,2264.33,Credit Card,Desktop
2012,1464,20260610,4,22,21,1,795.69,0.27,580.85,Debit Card,Mobile
2013,3535,20260210,47,1906,24,2,353.53,0.1,636.35,Debit Card,Desktop
2014,132,20260814,29,579,6,4,652.03,0.19,2112.58,Debit Card,Mobile
2015,1900,20260815,39,1128,7,2,718.98,0.25,1078.47,Debit Card,Desktop
2016,3077,20261126,5,99,2,4,76.65,0.07,285.14,Debit Card,Desktop
2017,3166,20261213,47,25,27,1,640.94,0.29,455.07,PayPal,Mobile
2018,129,20260102,14,878,6,2,313.56,0.04,602.04,PayPal,Desktop
2019,2513,20260202,7,1957,29,1,118.41,0.09,107.75,PayPal,Desktop
2020,2235,20261112,23,709,98,4,635.77,0.05,2415.93,Credit Card,Desktop
2021,1481,20261218,25,145,5,3,588.73,0.04,1695.54,Credit Card,Desktop
2022,2639,20260907,2,815,74,3,590.92,0.17,1471.39,Debit Card,Mobile
2023,1956,20260207,17,91,100,2,569.4,0.22,888.26,PayPal,Mobile
2024,514,20260903,46,1823,28,1,525.91,0.21,415.47,PayPal,Mobile
2025,2863,20261019,24,1766,29,1,855.86,0.09,778.83,Credit Card,Mobile
2026,3474,20260721,11,685,42,2,516.24,0.11,918.91,Credit Card,Mobile
2027,299,20260324,32,436,49,3,651.24,0.25,1465.29,Debit Card,Desktop
2028,434,20260308,30,1101,33,4,903.9,0.06,3398.66,Credit Card,Mobile
2029,2878,20261118,50,307,29,2,227.43,0.28,327.5,Credit Card,Desktop
2030,3020,20260619,3,1171,6,4,863.21,0.02,3383.78,PayPal,Desktop
2031,2610,20261213,49,1965,70,3,94.08,0.07,262.48,PayPal,Desktop
2032,3631,20260919,8,182,50,1,290.61,0.0,290.61,Debit Card,Desktop
2033,27,20260423,19,1836,87,3,804.85,0.18,1979.93,Debit Card,Desktop
2034,2280,20260621,35,924,42,2,766.53,0.3,1073.14,PayPal,Mobile
2035,3159,20260214,28,639,22,1,212.44,0.22,165.7,Debit Card,Mobile
2036,2749,20260429,12,1633,2,2,955.59,0.07,1777.4,PayPal,Mobile
2037,319,20260823,17,947,60,2,401.54,0.16,674.59,Credit Card,Mobile
2038,3282,20260101,23,1725,21,3,911.96,0.03,2653.8,Credit Card,Mobile
2039,690,20260403,7,1326,78,2,229.59,0.21,362.75,PayPal,Mobile
2040,3219,20260204,8,1070,74,3,384.94,0.27,843.02,Debit Card,Mobile
2041,436,20261218,50,230,65,1,397.74,0.03,385.81,Debit Card,Mobile
2042,335,20261002,47,1206,41,3,402.86,0.17,1003.12,PayPal,Desktop
2043,2830,20261220,7,782,72,1,974.17,0.05,925.46,PayPal,Mobile
2044,1392,20261229,16,981,69,3,97.83,0.3,205.44,PayPal,Mobile
2045,3861,20260204,10,1042,75,4,570.11,0.11,2029.59,Debit Card,Mobile
2046,1274,20260918,4,1347,13,4,312.31,0.29,886.96,PayPal,Mobile
2047,5,20260328,4,364,71,2,736.26,0.14,1266.37,Credit Card,Desktop
2048,937,20261002,9,1357,20,3,171.09,0.28,369.55,Credit Card,Desktop
2049,1142,20260215,42,433,94,3,313.55,0.15,799.55,Credit Card,Mobile
2050,1475,20260203,37,1234,91,1,450.39,0.29,319.78,Credit Card,Mobile
2051,54,20261211,9,74,82,2,170.21,0.19,275.74,Credit Card,Mobile
2052,898,20260522,9,268,92,3,940.25,0.21,2228.39,Debit Card,Desktop
2053,3588,20260703,7,500,48,2,857.96,0.04,1647.28,PayPal,Mobile
2054,2062,20260122,6,856,43,4,903.59,0.23,2783.06,Credit Card,Desktop
2055,3379,20260510,4,706,92,3,426.08,0.0,1278.24,PayPal,Mobile
2056,3700,20260814,38,197,79,3,484.07,0.11,1292.47,PayPal,Mobile
2057,2670,20260309,11,1226,12,2,779.51,0.21,1231.63,Debit Card,Mobile
2058,168,20260829,11,1193,96,3,333.61,0.26,740.61,PayPal,Mobile
2059,1016,20260303,48,1109,36,2,946.91,0.01,1874.88,Credit Card,Desktop
2060,3283,20260720,13,1923,16,3,204.09,0.17,508.18,Debit Card,Desktop
2061,2283,20260108,24,1985,54,1,526.03,0.11,468.17,Debit Card,Desktop
2062,3809,20260121,10,173,74,2,414.01,0.21,654.14,PayPal,Desktop
2063,1176,20260705,50,1563,33,3,393.59,0.09,1074.5,Debit Card,Mobile
2064,805,20260814,44,628,78,4,967.05,0.12,3404.02,Credit Card,Mobile
2065,2652,20261018,39,772,22,3,445.99,0.0,1337.97,Debit Card,Mobile
2066,1778,20260308,8,182,38,4,854.18,0.12,3006.71,Credit Card,Desktop
2067,3767,20260421,48,704,84,4,796.54,0.2,2548.93,PayPal,Desktop
2068,2109,20260517,33,1304,6,1,689.83,0.03,669.14,PayPal,Desktop
2069,3031,20261101,40,1906,53,2,952.85,0.19,1543.62,Credit Card,Mobile
2070,2696,20260609,39,1170,88,3,912.07,0.21,2161.61,Debit Card,Desktop
2071,981,20260423,9,1475,37,1,240.96,0.1,216.86,Debit Card,Mobile
2072,967,20260707,15,503,34,3,683.37,0.11,1824.6,Credit Card,Mobile
2073,3418,20261220,24,1738,86,4,278.84,0.02,1093.05,PayPal,Desktop
2074,1094,20260727,24,1769,60,2,76.59,0.29,108.76,PayPal,Desktop
2075,1356,20261220,30,823,76,3,585.53,0.08,1616.06,PayPal,Desktop
2076,3962,20261122,16,895,48,3,368.73,0.06,1039.82,PayPal,Desktop
2077,2436,20260519,50,1030,49,4,423.38,0.28,1219.33,Credit Card,Desktop
2078,726,20260417,22,585,48,3,910.65,0.04,2622.67,Credit Card,Mobile
2079,2533,20261021,20,1041,12,3,365.44,0.25,822.24,Debit Card,Mobile
2080,3851,20260724,24,1180,49,4,616.15,0.1,2218.14,Debit Card,Desktop
2081,982,20260817,1,929,36,1,222.64,0.26,164.75,Credit Card,Mobile
2082,487,20260708,18,372,50,4,788.07,0.18,2584.87,Credit Card,Desktop
2083,2666,20260127,35,1196,26,1,997.81,0.29,708.45,Credit Card,Mobile
2084,1298,20260801,20,438,92,2,825.75,0.09,1502.87,Credit Card,Desktop
2085,1876,20261018,15,214,88,1,442.02,0.2,353.62,Credit Card,Mobile
2086,2031,20261001,34,1684,46,1,663.34,0.22,517.41,Credit Card,Mobile
2087,1830,20260303,6,1877,72,2,125.43,0.22,195.67,Debit Card,Desktop
2088,2695,20260322,18,1514,23,1,248.66,0.24,188.98,Debit Card,Desktop
2089,3647,20260513,44,1021,7,4,303.71,0.2,971.87,Credit Card,Desktop
2090,2655,20260410,44,52,89,1,660.68,0.05,627.65,PayPal,Desktop
2091,912,20260624,29,948,58,2,881.55,0.25,1322.32,Credit Card,Desktop
2092,799,20260724,30,7,15,4,697.87,0.12,2456.5,Debit Card,Mobile
2093,2578,20261127,45,732,20,2,836.04,0.28,1203.9,Debit Card,Mobile
2094,2659,20260113,34,1349,6,2,931.19,0.11,1657.52,Credit Card,Mobile
2095,2988,20260319,9,135,40,3,509.65,0.2,1223.16,Credit Card,Desktop
2096,492,20260826,28,55,78,3,679.44,0.28,1467.59,Debit Card,Mobile
2097,3763,20261021,14,1563,51,2,707.68,0.04,1358.75,PayPal,Mobile
2098,813,20260911,8,406,49,2,993.78,0.27,1450.92,PayPal,Desktop
2099,1601,20260629,12,1857,93,2,723.73,0.16,1215.87,Credit Card,Mobile
2100,3212,20261022,16,705,17,3,739.94,0.26,1642.67,PayPal,Desktop
2101,2701,20261112,44,437,31,3,384.64,0.27,842.36,Credit Card,Mobile
2102,1814,20260319,15,1433,79,1,657.94,0.23,506.61,Credit Card,Mobile
2103,2832,20260101,45,1697,29,1,322.96,0.26,238.99,Debit Card,Mobile
2104,2078,20260308,23,1991,5,2,265.31,0.13,461.64,Debit Card,Desktop
2105,1881,20260216,3,1048,24,4,912.03,0.17,3027.94,Debit Card,Desktop
2106,3399,20260303,13,781,5,4,776.27,0.24,2359.86,Credit Card,Mobile
2107,1451,20260909,42,1732,71,3,168.45,0.12,444.71,Credit Card,Mobile
2108,2729,20261228,41,891,91,3,135.16,0.26,300.06,Debit Card,Desktop
2109,3088,20260726,17,269,19,3,504.55,0.1,1362.29,Credit Card,Mobile
2110,662,20261220,46,1042,3,2,983.35,0.04,1888.03,PayPal,Mobile
2111,1418,20261108,36,1373,95,4,327.44,0.3,916.83,PayPal,Mobile
2112,755,20261207,12,1504,46,1,991.27,0.19,802.93,Debit Card,Mobile
2113,1383,20260713,14,762,84,2,223.89,0.27,326.88,Credit Card,Desktop
2114,2958,20260505,31,1771,32,1,841.46,0.19,681.58,Credit Card,Mobile
2115,3249,20260930,32,565,14,1,102.65,0.12,90.33,Credit Card,Mobile
2116,2290,20260906,20,1582,16,2,685.55,0.07,1275.12,PayPal,Desktop
2117,901,20260318,50,790,23,1,62.87,0.2,50.3,Debit Card,Mobile
2118,939,20260918,37,1697,93,4,795.32,0.2,2545.02,Debit Card,Desktop
2119,3239,20260717,31,93,47,1,110.09,0.22,85.87,Debit Card,Desktop
2120,2565,20261019,43,138,48,4,119.09,0.05,452.54,Credit Card,Desktop
2121,3762,20260518,44,701,43,4,118.42,0.17,393.15,Debit Card,Desktop
2122,2361,20260109,47,770,76,4,591.1,0.2,1891.52,Credit Card,Desktop
2123,758,20260819,4,978,1,3,569.77,0.11,1521.29,Credit Card,Mobile
2124,2731,20260510,1,146,80,1,210.29,0.29,149.31,PayPal,Desktop
2125,614,20260219,20,151,26,2,179.16,0.2,286.66,PayPal,Mobile
2126,1896,20260809,35,1161,83,2,910.64,0.19,1475.24,Debit Card,Desktop
2127,884,20260119,5,338,55,1,588.07,0.16,493.98,Debit Card,Desktop
2128,3156,20260429,12,271,57,3,125.91,0.18,309.74,PayPal,Desktop
2129,1390,20261212,45,1182,68,3,776.41,0.14,2003.14,PayPal,Desktop
2130,3444,20261129,41,1917,27,4,567.46,0.11,2020.16,PayPal,Desktop
2131,3154,20260414,25,674,40,1,159.52,0.03,154.73,Credit Card,Mobile
2132,2609,20260920,22,373,30,1,688.51,0.24,523.27,Credit Card,Mobile
2133,1442,20260124,2,1587,45,2,200.61,0.18,329.0,Debit Card,Desktop
2134,1869,20260520,19,983,1,1,993.53,0.17,824.63,PayPal,Mobile
2135,1902,20260101,26,628,40,3,183.27,0.29,390.37,PayPal,Desktop
2136,2430,20260912,29,1892,40,1,430.87,0.17,357.62,Credit Card,Desktop
2137,2829,20260414,3,527,43,2,416.37,0.1,749.47,Credit Card,Mobile
2138,904,20260728,31,408,5,4,282.05,0.09,1026.66,PayPal,Desktop
2139,3944,20260520,30,904,11,2,586.79,0.18,962.34,Credit Card,Desktop
2140,1316,20260312,14,102,89,2,590.84,0.11,1051.7,Debit Card,Desktop
2141,662,20260105,34,330,60,4,220.28,0.1,793.01,Debit Card,Mobile
2142,3496,20260807,21,1258,38,2,334.72,0.3,468.61,PayPal,Desktop
2143,1696,20261110,43,891,32,2,423.8,0.28,610.27,Debit Card,Desktop
2144,1197,20260515,48,454,40,1,880.93,0.28,634.27,PayPal,Desktop
2145,497,20260207,26,1167,78,1,802.12,0.09,729.93,PayPal,Mobile
2146,3514,20261108,17,565,75,4,280.34,0.21,885.87,Debit Card,Desktop
2147,1680,20260426,17,36,68,1,596.17,0.08,548.48,PayPal,Mobile
2148,2051,20260316,27,263,78,1,263.3,0.18,215.91,PayPal,Desktop
2149,2184,20260422,42,1579,67,2,988.91,0.2,1582.26,PayPal,Desktop
2150,33,20260221,49,1170,58,3,286.72,0.03,834.36,Credit Card,Mobile
2151,3120,20261220,3,981,42,1,214.67,0.26,158.86,Debit Card,Desktop
2152,1691,20260409,24,690,61,3,322.71,0.21,764.82,PayPal,Mobile
2153,1237,20260306,18,1161,56,1,85.43,0.0,85.43,Debit Card,Desktop
2154,2321,20260202,4,1686,4,1,190.96,0.18,156.59,Credit Card,Desktop
2155,3006,20260224,30,683,51,4,179.54,0.03,696.62,Debit Card,Desktop
2156,2776,20260408,31,1974,1,4,364.23,0.1,1311.23,PayPal,Desktop
2157,3869,20260210,5,535,91,4,926.56,0.18,3039.12,Debit Card,Desktop
2158,1589,20260407,15,174,10,3,296.41,0.1,800.31,Credit Card,Desktop
2159,752,20260125,13,1698,53,2,890.77,0.09,1621.2,Credit Card,Mobile
2160,1874,20260118,19,376,34,1,865.08,0.06,813.18,Debit Card,Mobile
2161,2717,20261202,29,1463,75,1,152.39,0.09,138.67,Debit Card,Desktop
2162,3242,20261004,42,643,91,1,839.64,0.01,831.24,PayPal,Mobile
2163,2387,20261019,4,314,84,3,867.34,0.11,2315.8,Credit Card,Desktop
2164,1080,20260813,13,77,39,4,894.81,0.02,3507.66,Credit Card,Desktop
2165,3242,20260130,24,1940,7,2,197.41,0.16,331.65,Credit Card,Mobile
2166,1601,20261014,22,372,58,3,629.03,0.08,1736.12,Debit Card,Mobile
2167,628,20260412,40,1625,30,4,240.99,0.16,809.73,Credit Card,Mobile
2168,442,20260109,14,419,2,3,177.72,0.12,469.18,Credit Card,Mobile
2169,1807,20260423,5,1504,89,2,237.41,0.12,417.84,Credit Card,Desktop
2170,1793,20260822,28,291,100,4,396.94,0.24,1206.7,Debit Card,Desktop
2171,711,20260611,18,1315,48,3,286.67,0.22,670.81,Credit Card,Mobile
2172,946,20260210,48,1192,72,2,944.48,0.05,1794.51,Debit Card,Desktop
2173,2936,20260329,9,96,17,1,273.24,0.07,254.11,PayPal,Desktop
2174,2382,20260823,48,1633,99,2,114.7,0.29,162.87,Credit Card,Mobile
2175,2712,20260821,9,600,7,1,731.81,0.29,519.59,Debit Card,Mobile
2176,3754,20260813,17,1353,70,3,823.61,0.22,1927.25,Debit Card,Mobile
2177,1316,20260901,17,848,14,4,660.08,0.21,2085.85,PayPal,Mobile
2178,2219,20260516,15,1100,57,4,97.54,0.11,347.24,Credit Card,Desktop
2179,3814,20261119,5,369,20,3,190.92,0.15,486.85,Debit Card,Mobile
2180,1615,20261027,49,1094,37,4,792.84,0.1,2854.22,PayPal,Desktop
2181,1014,20260917,32,511,81,4,738.47,0.04,2835.72,Credit Card,Desktop
2182,764,20261021,7,267,11,1,780.95,0.02,765.33,Credit Card,Mobile
2183,172,20260303,16,1428,45,3,554.37,0.29,1180.81,PayPal,Desktop
2184,3998,20261111,5,931,7,2,97.5,0.27,142.35,Debit Card,Desktop
2185,924,20261222,39,310,46,1,84.25,0.19,68.24,Credit Card,Desktop
2186,3012,20261222,49,225,64,3,387.21,0.18,952.54,Credit Card,Mobile
2187,1589,20260331,48,522,32,1,185.0,0.15,157.25,Credit Card,Desktop
2188,1185,20260404,10,296,15,2,205.37,0.11,365.56,Debit Card,Mobile
2189,1068,20260712,38,1801,83,2,695.17,0.21,1098.37,Debit Card,Mobile
2190,2211,20260410,13,415,38,3,753.04,0.0,2259.12,Debit Card,Desktop
2191,1249,20260815,33,1722,67,2,883.35,0.25,1325.03,Debit Card,Desktop
2192,681,20260107,1,1762,48,1,307.41,0.01,304.34,PayPal,Desktop
2193,3138,20260917,21,389,88,2,700.14,0.02,1372.27,Debit Card,Desktop
2194,1628,20260512,28,1300,85,1,642.72,0.27,469.19,Credit Card,Mobile
2195,1098,20261103,12,927,64,1,754.03,0.12,663.55,Debit Card,Desktop
2196,630,20260329,2,857,11,2,202.02,0.11,359.6,Debit Card,Desktop
2197,549,20261005,2,1340,48,3,129.53,0.24,295.33,PayPal,Mobile
2198,1322,20260319,50,841,28,4,612.9,0.04,2353.54,Credit Card,Mobile
2199,2872,20261030,38,824,30,2,351.86,0.23,541.86,Debit Card,Mobile
2200,2646,20260826,27,353,80,1,684.96,0.24,520.57,PayPal,Desktop
2201,1768,20261207,25,156,43,1,775.75,0.05,736.96,PayPal,Desktop
2202,2258,20261116,22,199,25,2,538.65,0.19,872.61,Credit Card,Mobile
2203,166,20260425,3,559,74,3,671.97,0.23,1552.25,PayPal,Mobile
2204,2632,20261227,6,363,20,3,862.76,0.02,2536.51,Credit Card,Mobile
2205,2715,20260209,8,1457,48,1,403.51,0.09,367.19,PayPal,Mobile
2206,1645,20260811,20,1831,2,1,566.27,0.16,475.67,Credit Card,Mobile
2207,240,20260929,25,634,40,3,360.38,0.17,897.35,Credit Card,Mobile
2208,3802,20260122,33,1876,64,4,804.88,0.05,3058.54,Debit Card,Desktop
2209,3179,20260506,48,1966,50,2,840.31,0.16,1411.72,PayPal,Desktop
2210,1274,20260525,50,1527,16,1,948.45,0.12,834.64,PayPal,Desktop
2211,458,20260308,40,289,92,1,256.83,0.2,205.46,Debit Card,Mobile
2212,1252,20260402,45,131,6,3,121.35,0.05,345.85,Debit Card,Mobile
2213,3984,20261110,8,577,94,2,290.29,0.07,539.94,Debit Card,Mobile
2214,629,20260216,49,833,76,3,497.51,0.18,1223.87,PayPal,Desktop
2215,659,20261022,33,1431,26,2,706.12,0.03,1369.87,Credit Card,Mobile
2216,1679,20260130,2,1511,89,2,258.37,0.13,449.56,PayPal,Mobile
2217,3835,20261228,13,1532,21,2,52.02,0.0,104.04,PayPal,Desktop
2218,395,20260410,1,659,81,1,566.77,0.06,532.76,Credit Card,Desktop
2219,3683,20260402,16,1127,91,4,306.65,0.27,895.42,Credit Card,Desktop
2220,3451,20261011,40,351,85,3,704.66,0.28,1522.07,PayPal,Mobile
2221,1771,20260131,11,1685,59,4,478.55,0.16,1607.93,Debit Card,Mobile
2222,3644,20260427,14,1807,65,3,218.44,0.17,543.92,PayPal,Desktop
2223,879,20261211,31,835,96,2,800.12,0.29,1136.17,Credit Card,Desktop
2224,2222,20261122,49,1695,99,1,158.34,0.19,128.26,Debit Card,Mobile
2225,2262,20260723,20,1977,100,4,482.13,0.07,1793.52,Credit Card,Mobile
2226,3241,20260208,11,412,29,1,230.38,0.2,184.3,PayPal,Mobile
2227,2995,20260220,15,716,24,3,689.38,0.25,1551.11,Debit Card,Mobile
2228,3131,20260928,48,1928,90,1,503.03,0.21,397.39,Credit Card,Desktop
2229,178,20260904,28,1548,81,1,518.36,0.03,502.81,PayPal,Desktop
2230,3828,20261025,35,1071,13,4,208.7,0.19,676.19,PayPal,Desktop
2231,1914,20260507,39,911,53,2,781.81,0.19,1266.53,Credit Card,Desktop
2232,2431,20260915,27,1187,69,1,710.05,0.11,631.94,PayPal,Mobile
2233,2038,20261005,12,1505,87,2,708.14,0.1,1274.65,Credit Card,Mobile
2234,3905,20261226,26,1094,50,3,421.25,0.11,1124.74,Credit Card,Desktop
2235,1836,20261022,14,631,79,1,837.96,0.04,804.44,PayPal,Mobile
2236,2750,20260625,28,1287,82,4,359.84,0.18,1180.28,Credit Card,Desktop
2237,2490,20260602,2,912,35,3,892.26,0.17,2221.73,PayPal,Desktop
2238,2418,20260315,20,129,98,3,776.59,0.12,2050.2,Debit Card,Desktop
2239,3203,20260906,39,937,40,4,70.51,0.0,282.04,PayPal,Desktop
2240,3485,20260511,37,583,52,1,581.19,0.21,459.14,Debit Card,Mobile
2241,2065,20260918,20,231,53,1,233.86,0.18,191.77,Debit Card,Mobile
2242,2581,20260528,22,423,52,3,846.95,0.16,2134.31,PayPal,Mobile
2243,115,20260714,17,594,41,1,328.32,0.18,269.22,Credit Card,Mobile
2244,3588,20261206,1,670,22,2,658.01,0.24,1000.18,Credit Card,Mobile
2245,161,20260325,26,820,38,4,428.55,0.29,1217.08,PayPal,Mobile
2246,2190,20260110,17,735,67,2,847.87,0.05,1610.95,Credit Card,Mobile
2247,2276,20260101,13,1792,86,1,578.47,0.16,485.91,Credit Card,Desktop
2248,2258,20260905,16,1268,77,3,339.87,0.24,774.9,PayPal,Desktop
2249,435,20260515,36,712,54,4,841.74,0.22,2626.23,Credit Card,Mobile
2250,1518,20260318,1,97,1,1,929.18,0.13,808.39,Credit Card,Mobile
2251,2781,20261214,26,209,76,1,377.67,0.12,332.35,PayPal,Desktop
2252,3893,20261127,23,794,38,3,243.14,0.27,532.48,Credit Card,Desktop
2253,2218,20261017,43,1730,38,3,232.0,0.13,605.52,Debit Card,Desktop
2254,3744,20261019,47,1869,3,2,99.2,0.23,152.77,PayPal,Mobile
2255,2633,20260929,3,64,15,4,498.5,0.12,1754.72,PayPal,Mobile
2256,195,20260807,15,556,38,4,403.74,0.21,1275.82,Debit Card,Desktop
2257,1612,20260309,31,562,86,3,621.38,0.28,1342.18,Debit Card,Desktop
2258,3755,20261014,24,338,39,2,907.27,0.12,1596.8,Credit Card,Desktop
2259,1326,20260314,23,1252,77,4,798.03,0.04,3064.44,Debit Card,Desktop
2260,731,20260312,12,1923,24,3,349.66,0.13,912.61,Credit Card,Mobile
2261,2653,20260619,43,604,57,1,274.12,0.28,197.37,Credit Card,Desktop
2262,1244,20260913,35,591,88,4,341.94,0.27,998.46,Debit Card,Desktop
2263,700,20261102,7,1737,30,2,261.7,0.13,455.36,PayPal,Mobile
2264,3971,20260610,9,589,43,2,55.8,0.25,83.7,PayPal,Desktop
2265,3531,20260422,39,116,1,2,146.55,0.21,231.55,PayPal,Mobile
2266,375,20260721,5,1904,92,1,171.34,0.06,161.06,Debit Card,Mobile
2267,2027,20261124,11,872,99,4,186.03,0.29,528.33,Debit Card,Mobile
2268,2766,20261113,21,1135,42,4,379.18,0.1,1365.05,Credit Card,Mobile
2269,3448,20261027,23,287,92,1,685.16,0.05,650.9,Debit Card,Mobile
2270,2004,20260727,24,1260,11,4,159.87,0.15,543.56,Debit Card,Mobile
2271,3489,20260129,41,97,47,1,369.19,0.02,361.81,Debit Card,Mobile
2272,1932,20260513,15,1567,47,1,475.83,0.09,433.01,PayPal,Mobile
2273,3580,20260702,34,1499,96,1,783.76,0.09,713.22,PayPal,Desktop
2274,488,20260227,23,1190,39,2,841.6,0.25,1262.4,PayPal,Desktop
2275,2471,20260413,14,76,43,4,296.96,0.25,890.88,Credit Card,Desktop
2276,512,20260919,34,446,54,1,557.6,0.07,518.57,Credit Card,Mobile
2277,2135,20261219,39,374,55,4,240.99,0.25,722.97,Credit Card,Desktop
2278,3743,20260917,36,140,46,2,558.2,0.05,1060.58,Credit Card,Desktop
2279,3389,20261006,36,891,24,1,501.46,0.0,501.46,Debit Card,Mobile
2280,1253,20260610,27,670,85,3,222.46,0.13,580.62,Credit Card,Desktop
2281,2097,20260426,4,208,66,2,508.5,0.24,772.92,PayPal,Mobile
2282,1199,20260702,18,1781,49,3,453.61,0.14,1170.31,Debit Card,Mobile
2283,666,20260903,38,1657,51,4,470.56,0.11,1675.19,PayPal,Mobile
2284,560,20260608,38,1239,74,4,263.26,0.24,800.31,Debit Card,Desktop
2285,3712,20261119,22,108,79,2,804.17,0.08,1479.67,PayPal,Mobile
2286,2440,20261220,36,697,62,4,85.08,0.01,336.92,Credit Card,Mobile
2287,2801,20260930,46,698,21,3,910.62,0.25,2048.89,Credit Card,Mobile
2288,1190,20261004,19,349,84,1,614.73,0.2,491.78,Debit Card,Desktop
2289,2117,20260522,20,1269,97,1,749.32,0.15,636.92,PayPal,Desktop
2290,3731,20261026,24,1688,100,1,402.18,0.05,382.07,Debit Card,Desktop
2291,2130,20261122,9,1937,67,2,724.48,0.1,1304.06,PayPal,Mobile
2292,1807,20261031,48,1196,60,4,98.78,0.04,379.32,PayPal,Mobile
2293,2619,20260312,39,1859,58,3,334.28,0.16,842.39,Credit Card,Desktop
2294,2168,20260108,20,1876,34,4,929.92,0.23,2864.15,Debit Card,Mobile
2295,2034,20260517,49,1790,21,4,805.06,0.06,3027.03,PayPal,Desktop
2296,892,20260925,41,61,27,4,149.57,0.05,568.37,PayPal,Desktop
2297,336,20260811,37,504,79,1,856.48,0.03,830.79,Debit Card,Mobile
2298,47,20260521,2,1512,80,3,948.0,0.1,2559.6,PayPal,Mobile
2299,1518,20260223,21,303,72,3,473.03,0.17,1177.84,Debit Card,Desktop
2300,1531,20261027,6,1287,85,4,247.34,0.25,742.02,Debit Card,Mobile
2301,3425,20260826,43,653,25,1,963.13,0.0,963.13,Credit Card,Desktop
2302,2358,20260111,16,1613,75,1,758.82,0.04,728.47,Credit Card,Mobile
2303,3494,20260508,37,972,40,3,960.6,0.16,2420.71,Credit Card,Desktop
2304,174,20260628,37,121,89,1,165.2,0.22,128.86,PayPal,Desktop
2305,2938,20261001,8,88,37,1,807.72,0.26,597.71,Debit Card,Mobile
2306,847,20260311,26,143,44,1,334.37,0.21,264.15,PayPal,Desktop
2307,3748,20260416,29,162,28,2,410.16,0.12,721.88,PayPal,Desktop
2308,1005,20260918,14,724,31,4,734.59,0.12,2585.76,PayPal,Mobile
2309,1318,20261227,49,1724,56,3,56.76,0.1,153.25,Credit Card,Desktop
2310,1009,20261121,6,1333,43,3,957.85,0.14,2471.25,Debit Card,Desktop
2311,1463,20260503,23,1618,15,2,605.54,0.17,1005.2,Credit Card,Desktop
2312,2513,20260529,3,1352,18,4,283.79,0.29,805.96,PayPal,Mobile
2313,3504,20260830,11,1116,77,3,511.85,0.14,1320.57,Debit Card,Desktop
2314,1209,20260729,12,1068,11,1,54.45,0.27,39.75,Debit Card,Desktop
2315,1689,20260512,5,72,14,3,115.25,0.21,273.14,PayPal,Desktop
2316,2194,20260615,41,1883,39,1,652.88,0.06,613.71,Debit Card,Desktop
2317,154,20260122,13,1371,72,2,976.55,0.29,1386.7,PayPal,Mobile
2318,1082,20260311,10,997,54,1,515.89,0.06,484.94,Credit Card,Desktop
2319,420,20260310,17,1298,34,3,936.95,0.15,2389.22,PayPal,Desktop
2320,942,20260821,38,650,28,3,160.26,0.23,370.2,Credit Card,Desktop
2321,1648,20261022,17,1424,97,3,807.42,0.13,2107.37,PayPal,Mobile
2322,3128,20261019,18,1923,79,2,215.02,0.15,365.53,PayPal,Desktop
2323,1437,20260519,8,1753,91,2,877.61,0.23,1351.52,Credit Card,Desktop
2324,3465,20261003,32,253,59,4,761.19,0.14,2618.49,Debit Card,Mobile
2325,2265,20260111,36,246,14,3,659.71,0.13,1721.84,Debit Card,Desktop
2326,2420,20260118,33,1557,67,1,242.94,0.28,174.92,Credit Card,Desktop
2327,3062,20260416,23,1970,66,2,570.96,0.13,993.47,Credit Card,Mobile
2328,1842,20260420,1,1699,33,3,434.47,0.23,1003.63,Credit Card,Mobile
2329,462,20260105,23,396,66,3,624.79,0.19,1518.24,PayPal,Desktop
2330,546,20260112,23,542,22,2,226.98,0.04,435.8,Credit Card,Desktop
2331,3564,20260204,15,1832,11,4,672.45,0.05,2555.31,PayPal,Mobile
2332,30,20261201,18,1553,36,2,388.29,0.14,667.86,Credit Card,Mobile
2333,2424,20260129,46,558,13,2,721.91,0.15,1227.25,PayPal,Mobile
2334,984,20260323,36,1318,10,1,307.19,0.3,215.03,Credit Card,Desktop
2335,3784,20261112,10,296,97,1,344.09,0.29,244.3,Debit Card,Desktop
2336,1945,20260115,10,1525,50,4,608.01,0.22,1896.99,Debit Card,Desktop
2337,2032,20260415,20,1625,19,3,224.17,0.11,598.53,Credit Card,Desktop
2338,2645,20260108,44,439,23,2,301.76,0.27,440.57,Debit Card,Mobile
2339,146,20260225,13,626,49,4,556.89,0.19,1804.32,PayPal,Desktop
2340,1946,20260220,1,306,70,1,703.17,0.06,660.98,Debit Card,Desktop
2341,3810,20261222,10,1596,5,2,670.16,0.02,1313.51,Credit Card,Desktop
2342,2956,20260502,9,144,74,3,421.38,0.24,960.75,Debit Card,Mobile
2343,41,20260729,22,953,61,1,960.51,0.18,787.62,PayPal,Desktop
2344,560,20260116,22,1957,73,1,106.94,0.15,90.9,Credit Card,Mobile
2345,777,20260825,49,1595,5,1,255.38,0.14,219.63,PayPal,Desktop
2346,2215,20260329,25,1160,6,4,202.24,0.03,784.69,PayPal,Desktop
2347,761,20260208,8,52,33,3,672.33,0.15,1714.44,Debit Card,Desktop
2348,455,20260728,37,343,71,2,802.73,0.3,1123.82,Credit Card,Desktop
2349,1668,20260104,4,297,29,4,482.05,0.09,1754.66,Debit Card,Desktop
2350,2654,20260309,26,32,19,4,224.48,0.04,862.0,Debit Card,Mobile
2351,338,20260420,10,1955,94,4,915.8,0.08,3370.14,PayPal,Mobile
2352,1828,20261026,31,1810,24,1,308.02,0.22,240.26,Debit Card,Mobile
2353,2563,20260417,23,647,13,3,690.68,0.13,1802.67,Credit Card,Mobile
2354,2469,20260829,20,1475,72,4,438.53,0.2,1403.3,Credit Card,Mobile
2355,1471,20260519,38,1107,45,2,950.62,0.25,1425.93,Credit Card,Desktop
2356,2734,20260119,8,655,69,3,174.84,0.03,508.78,PayPal,Mobile
2357,1658,20260329,49,1440,37,2,815.15,0.16,1369.45,PayPal,Desktop
2358,3600,20260511,33,1382,54,3,505.02,0.13,1318.1,Credit Card,Mobile
2359,40,20260826,33,1077,35,2,410.4,0.02,804.38,Debit Card,Desktop
2360,1796,20260513,43,1142,12,1,72.45,0.22,56.51,PayPal,Mobile
2361,3467,20261020,37,268,11,4,80.9,0.09,294.48,Debit Card,Desktop
2362,2975,20260123,49,1084,99,2,97.83,0.17,162.4,Credit Card,Desktop
2363,3415,20261108,13,1609,42,3,963.85,0.19,2342.16,Credit Card,Desktop
2364,1840,20261004,3,1033,21,4,305.56,0.13,1063.35,Credit Card,Mobile
2365,1124,20261021,28,384,19,4,967.19,0.12,3404.51,PayPal,Mobile
2366,3046,20260328,47,1007,88,3,112.62,0.05,320.97,PayPal,Mobile
2367,3599,20260108,14,1560,28,2,391.32,0.1,704.38,Credit Card,Mobile
2368,1019,20260111,19,1524,92,1,67.27,0.16,56.51,Debit Card,Desktop
2369,14,20260503,34,1068,74,1,614.06,0.18,503.53,PayPal,Mobile
2370,11,20260304,2,1188,12,2,289.52,0.12,509.56,Debit Card,Mobile
2371,3825,20260501,30,1520,75,4,181.92,0.15,618.53,PayPal,Desktop
2372,3257,20261113,47,690,39,4,92.49,0.0,369.96,PayPal,Mobile
2373,1592,20261008,16,84,7,4,453.99,0.3,1271.17,Credit Card,Desktop
2374,3647,20261217,7,1481,32,4,258.16,0.13,898.4,Debit Card,Mobile
2375,379,20260219,43,1238,72,2,547.22,0.03,1061.61,PayPal,Desktop
2376,3110,20261222,37,1972,40,4,296.18,0.15,1007.01,Credit Card,Mobile
2377,2723,20260407,1,141,47,3,654.13,0.24,1491.42,Credit Card,Desktop
2378,1829,20260503,21,769,74,4,313.85,0.12,1104.75,PayPal,Desktop
2379,3536,20260526,26,885,57,1,602.9,0.21,476.29,Credit Card,Mobile
2380,3610,20260218,42,1477,3,4,105.63,0.04,405.62,Credit Card,Mobile
2381,2674,20261219,15,1052,58,2,531.65,0.28,765.58,PayPal,Desktop
2382,577,20260101,3,1088,45,1,191.83,0.27,140.04,PayPal,Mobile
2383,557,20260912,30,466,46,2,298.98,0.1,538.16,PayPal,Mobile
2384,911,20260730,23,931,3,2,345.99,0.29,491.31,Credit Card,Desktop
2385,3161,20260214,36,1947,18,1,201.5,0.03,195.45,PayPal,Desktop
2386,3844,20260224,5,1287,23,2,571.5,0.21,902.97,PayPal,Desktop
2387,3549,20260627,26,235,5,2,586.24,0.09,1066.96,Credit Card,Desktop
2388,1747,20261105,27,49,7,4,214.25,0.02,839.86,Credit Card,Mobile
2389,355,20261015,2,184,93,3,280.19,0.04,806.95,PayPal,Mobile
2390,3011,20260413,41,875,9,2,984.43,0.04,1890.11,Debit Card,Mobile
2391,3877,20260306,35,1465,48,2,77.9,0.27,113.73,Credit Card,Desktop
2392,3915,20260808,50,1826,94,2,463.46,0.1,834.23,Debit Card,Desktop
2393,1252,20260715,42,364,19,4,739.14,0.29,2099.16,Debit Card,Desktop
2394,3381,20260423,2,220,80,3,859.52,0.09,2346.49,Credit Card,Desktop
2395,3046,20260502,41,420,94,1,56.5,0.15,48.02,Debit Card,Desktop
2396,3937,20260318,27,171,63,4,296.5,0.1,1067.4,Debit Card,Mobile
2397,3070,20260325,44,259,59,4,943.19,0.23,2905.03,PayPal,Mobile
2398,1606,20260721,27,1441,50,3,480.41,0.0,1441.23,Debit Card,Desktop
2399,314,20260320,40,1801,57,3,863.13,0.08,2382.24,Debit Card,Desktop
2400,2555,20260919,19,970,60,4,863.45,0.08,3177.5,Credit Card,Mobile
2401,62,20261024,3,846,14,1,107.09,0.06,100.66,PayPal,Desktop
2402,3988,20260914,10,258,31,4,587.34,0.3,1644.55,Debit Card,Desktop
2403,1718,20260418,48,1544,49,3,342.22,0.09,934.26,PayPal,Mobile
2404,2610,20260226,28,1728,33,1,193.28,0.1,173.95,PayPal,Desktop
2405,705,20260325,2,1987,52,3,389.07,0.17,968.78,PayPal,Desktop
2406,507,20260525,7,1374,91,1,660.68,0.03,640.86,PayPal,Desktop
2407,602,20260411,30,511,1,2,569.37,0.02,1115.97,PayPal,Desktop
2408,2404,20260430,19,1025,65,3,341.39,0.1,921.75,Credit Card,Mobile
2409,1720,20260928,35,48,52,3,540.98,0.18,1330.81,Debit Card,Desktop
2410,413,20260110,3,373,12,4,379.95,0.03,1474.21,Credit Card,Desktop
2411,337,20260609,47,382,32,3,236.27,0.22,552.87,Credit Card,Mobile
2412,3048,20261229,34,869,1,3,431.38,0.09,1177.67,Credit Card,Desktop
2413,3573,20260314,33,789,7,2,145.46,0.22,226.92,Credit Card,Mobile
2414,431,20260325,39,915,71,3,109.36,0.21,259.18,PayPal,Mobile
2415,3844,20260211,1,430,39,2,134.99,0.08,248.38,Debit Card,Mobile
2416,3062,20260504,7,1208,60,2,151.59,0.21,239.51,PayPal,Desktop
2417,2582,20260124,49,795,20,2,791.64,0.03,1535.78,Debit Card,Mobile
2418,1167,20260917,41,956,68,2,295.45,0.17,490.45,Debit Card,Desktop
2419,3925,20260105,29,698,29,1,647.25,0.02,634.3,Debit Card,Mobile
2420,682,20261228,36,1083,87,4,163.41,0.14,562.13,Debit Card,Mobile
2421,3115,20260830,4,1465,30,1,180.72,0.14,155.42,Debit Card,Mobile
2422,2828,20260801,33,228,100,3,150.49,0.01,446.96,PayPal,Desktop
2423,2441,20260321,49,1205,82,1,173.29,0.06,162.89,Debit Card,Desktop
2424,811,20260904,32,694,30,1,515.89,0.04,495.25,Credit Card,Desktop
2425,3699,20260803,1,373,37,3,581.68,0.03,1692.69,PayPal,Mobile
2426,3213,20261211,23,954,65,3,736.66,0.16,1856.38,Credit Card,Mobile
2427,1201,20260328,13,1636,99,3,668.77,0.2,1605.05,Credit Card,Mobile
2428,3377,20260722,8,801,75,1,965.81,0.05,917.52,Credit Card,Desktop
2429,1444,20261105,30,532,51,1,685.45,0.11,610.05,PayPal,Desktop
2430,2797,20260111,23,136,56,3,419.49,0.13,1094.87,PayPal,Mobile
2431,3816,20260506,24,1428,96,4,599.16,0.29,1701.61,Credit Card,Mobile
2432,1666,20260614,20,1687,19,4,102.17,0.03,396.42,Debit Card,Mobile
2433,810,20260103,24,96,84,2,506.33,0.0,1012.66,PayPal,Desktop
2434,3065,20260322,45,231,80,3,317.97,0.06,896.68,PayPal,Mobile
2435,1200,20261023,33,136,29,2,180.11,0.16,302.58,Credit Card,Mobile
2436,2461,20260604,5,1668,2,4,917.23,0.22,2861.76,Debit Card,Mobile
2437,292,20260124,25,976,93,2,189.99,0.11,338.18,Debit Card,Desktop
2438,1004,20261224,15,1368,79,3,326.26,0.21,773.24,Debit Card,Mobile
2439,1335,20260608,2,1680,16,3,572.45,0.03,1665.83,Debit Card,Desktop
2440,2010,20260804,33,1680,75,3,296.6,0.3,622.86,Debit Card,Mobile
2441,1315,20260613,48,1567,15,1,498.84,0.17,414.04,Credit Card,Mobile
2442,404,20260818,9,480,76,2,912.23,0.1,1642.01,Debit Card,Desktop
2443,634,20260917,25,1750,82,4,143.54,0.11,511.0,Credit Card,Desktop
2444,629,20260324,19,1612,38,4,265.73,0.12,935.37,Debit Card,Desktop
2445,579,20260524,3,734,9,4,451.71,0.14,1553.88,Debit Card,Mobile
2446,2049,20260114,30,251,47,1,487.66,0.02,477.91,Debit Card,Desktop
2447,3083,20261130,15,986,86,1,506.65,0.3,354.65,PayPal,Mobile
2448,935,20260421,34,33,100,3,142.82,0.1,385.61,Credit Card,Desktop
2449,2062,20260601,21,1446,59,4,830.27,0.25,2490.81,PayPal,Mobile
2450,1362,20260716,17,1579,97,1,97.32,0.17,80.78,Debit Card,Desktop
2451,2115,20260317,20,94,58,3,898.83,0.06,2534.7,Debit Card,Desktop
2452,3656,20260509,25,1400,27,4,179.3,0.13,623.96,Credit Card,Desktop
2453,3863,20260204,22,427,94,2,866.68,0.21,1369.35,PayPal,Desktop
2454,2473,20260901,9,447,68,3,446.69,0.04,1286.47,Debit Card,Desktop
2455,2843,20261107,2,1633,34,1,99.51,0.27,72.64,PayPal,Desktop
2456,2843,20261030,22,1598,48,1,695.45,0.05,660.68,Credit Card,Desktop
2457,2150,20260104,39,1582,19,3,379.51,0.01,1127.14,Debit Card,Mobile
2458,3707,20261023,21,1221,58,3,447.21,0.03,1301.38,Debit Card,Desktop
2459,3023,20260105,21,843,58,1,348.56,0.2,278.85,Credit Card,Desktop
2460,2911,20260914,22,706,33,2,615.61,0.14,1058.85,Credit Card,Desktop
2461,989,20260209,34,532,19,4,607.36,0.26,1797.79,Credit Card,Desktop
2462,534,20260418,30,1493,27,2,867.3,0.22,1352.99,Credit Card,Mobile
2463,604,20261228,31,212,14,3,217.26,0.28,469.28,Credit Card,Desktop
2464,2486,20260709,8,1984,63,2,668.69,0.15,1136.77,Credit Card,Desktop
2465,2527,20260326,35,762,15,1,104.35,0.09,94.96,Debit Card,Desktop
2466,133,20261010,24,360,14,3,433.94,0.17,1080.51,Debit Card,Mobile
2467,767,20260417,2,1841,24,4,605.29,0.24,1840.08,PayPal,Desktop
2468,3648,20261019,18,378,87,1,804.98,0.0,804.98,Debit Card,Desktop
2469,2238,20260911,2,1779,10,1,837.38,0.02,820.63,Debit Card,Desktop
2470,330,20260110,26,1893,25,4,925.51,0.24,2813.55,Debit Card,Mobile
2471,1193,20260625,38,407,27,4,700.99,0.28,2018.85,Credit Card,Desktop
2472,1544,20260823,37,459,15,2,224.36,0.28,323.08,Debit Card,Mobile
2473,990,20261016,36,11,70,3,314.71,0.13,821.39,Credit Card,Mobile
2474,250,20260723,11,1805,45,4,768.42,0.1,2766.31,PayPal,Desktop
2475,2477,20260225,15,261,60,4,713.94,0.07,2655.86,PayPal,Mobile
2476,656,20260910,37,242,50,3,221.17,0.26,491.0,Credit Card,Desktop
2477,2307,20261130,28,122,17,4,95.37,0.29,270.85,Debit Card,Desktop
2478,704,20260820,30,1768,22,4,425.38,0.1,1531.37,PayPal,Desktop
2479,1085,20260702,40,1534,81,2,978.37,0.18,1604.53,PayPal,Desktop
2480,3520,20260112,35,891,39,1,480.01,0.0,480.01,Credit Card,Desktop
2481,3468,20260911,2,348,6,1,994.03,0.23,765.4,PayPal,Mobile
2482,3932,20261207,11,1219,6,1,729.12,0.03,707.25,Credit Card,Mobile
2483,3869,20260209,20,1807,31,1,908.91,0.23,699.86,PayPal,Mobile
2484,142,20260524,38,462,23,4,296.1,0.17,983.05,Credit Card,Desktop
2485,3922,20260409,11,502,46,3,284.9,0.05,811.96,Credit Card,Mobile
2486,3299,20260320,22,705,8,3,819.11,0.27,1793.85,Credit Card,Mobile
2487,2798,20260622,3,463,52,2,319.5,0.24,485.64,PayPal,Desktop
2488,3093,20261222,50,503,25,2,794.2,0.19,1286.6,Credit Card,Desktop
2489,1748,20260507,9,15,69,4,424.41,0.05,1612.76,Credit Card,Desktop
2490,2643,20261016,15,251,17,3,759.29,0.16,1913.41,Debit Card,Desktop
2491,1820,20260216,50,683,97,3,203.61,0.17,506.99,PayPal,Desktop
2492,2519,20260610,9,1949,8,1,912.29,0.18,748.08,Credit Card,Mobile
2493,309,20260505,31,942,40,4,968.63,0.12,3409.58,PayPal,Desktop
2494,1573,20260523,12,1220,100,4,202.05,0.27,589.99,Debit Card,Mobile
2495,2549,20261017,7,1201,17,1,242.99,0.13,211.4,Credit Card,Desktop
2496,1973,20260817,24,476,93,4,122.21,0.07,454.62,Debit Card,Mobile
2497,1305,20260805,10,1368,66,4,862.22,0.08,3172.97,PayPal,Desktop
2498,582,20260509,45,53,80,2,413.94,0.27,604.35,Debit Card,Mobile
2499,19,20260818,37,1215,21,3,818.22,0.07,2282.83,PayPal,Desktop
2500,783,20260611,11,1445,14,4,880.83,0.08,3241.45,Credit Card,Desktop
2501,41,20261220,21,193,35,2,268.76,0.1,483.77,Credit Card,Mobile
2502,974,20260221,43,1724,7,3,602.79,0.03,1754.12,PayPal,Desktop
2503,573,20260906,17,955,78,1,921.46,0.14,792.46,Credit Card,Desktop
2504,629,20261221,6,1028,70,2,754.19,0.26,1116.2,Credit Card,Desktop
2505,3817,20261118,35,1621,15,2,808.0,0.1,1454.4,PayPal,Mobile
2506,2018,20260104,3,884,64,3,337.39,0.16,850.22,PayPal,Desktop
2507,961,20261022,49,349,76,1,238.36,0.06,224.06,PayPal,Desktop
2508,3862,20260701,4,340,44,2,140.51,0.26,207.95,Debit Card,Desktop
2509,1367,20260810,41,1032,46,4,311.19,0.27,908.67,PayPal,Mobile
2510,2866,20261005,28,1456,62,4,213.21,0.23,656.69,Credit Card,Desktop
2511,1630,20260330,31,257,85,4,67.09,0.15,228.11,PayPal,Mobile
2512,3196,20260705,41,1792,41,1,339.89,0.07,316.1,PayPal,Desktop
2513,2276,20260211,11,354,24,2,796.45,0.12,1401.75,Debit Card,Mobile
2514,3260,20260224,43,1913,82,4,556.62,0.11,1981.57,Debit Card,Mobile
2515,773,20260603,38,1558,33,1,474.86,0.17,394.13,Credit Card,Mobile
2516,666,20260216,16,1889,36,4,858.53,0.05,3262.41,Credit Card,Desktop
2517,3228,20261019,1,1241,90,3,594.73,0.18,1463.04,PayPal,Desktop
2518,163,20260721,9,840,52,2,211.73,0.21,334.53,Credit Card,Desktop
2519,2379,20260625,24,882,25,2,836.63,0.02,1639.79,Credit Card,Mobile
2520,77,20260902,46,475,79,1,844.16,0.19,683.77,Credit Card,Mobile
2521,3126,20260213,13,1104,80,1,596.17,0.07,554.44,Credit Card,Mobile
2522,356,20260324,38,456,49,2,332.98,0.14,572.73,Credit Card,Mobile
2523,589,20260803,30,996,85,4,966.84,0.28,2784.5,Credit Card,Desktop
2524,2807,20260724,48,857,8,4,316.94,0.03,1229.73,Debit Card,Desktop
2525,2154,20260308,46,1924,46,3,421.38,0.07,1175.65,Credit Card,Mobile
2526,819,20261021,18,868,12,4,359.29,0.14,1235.96,Debit Card,Desktop
2527,456,20261204,14,1777,26,1,189.28,0.07,176.03,Debit Card,Mobile
2528,1061,20260107,19,1460,12,1,660.77,0.24,502.19,Debit Card,Desktop
2529,1594,20260312,23,566,37,4,941.76,0.21,2975.96,Credit Card,Mobile
2530,3665,20260824,25,1072,47,1,219.74,0.14,188.98,Debit Card,Desktop
2531,3237,20260117,17,1238,38,2,450.89,0.21,712.41,Credit Card,Mobile
2532,1939,20260523,21,1758,44,2,886.0,0.24,1346.72,Credit Card,Desktop
2533,2026,20260111,40,1261,73,4,998.11,0.25,2994.33,Credit Card,Mobile
2534,691,20260603,19,1148,29,2,712.47,0.01,1410.69,Debit Card,Desktop
2535,2033,20260517,11,449,35,2,782.92,0.02,1534.52,Debit Card,Desktop
2536,1593,20260621,37,524,58,3,806.32,0.15,2056.12,PayPal,Mobile
2537,2196,20260326,24,1527,29,3,390.99,0.09,1067.4,Debit Card,Mobile
2538,2819,20260803,30,355,26,2,581.44,0.01,1151.25,PayPal,Desktop
2539,3922,20261228,1,1220,44,4,302.91,0.2,969.31,Credit Card,Desktop
2540,3866,20261117,18,358,12,3,891.35,0.14,2299.68,Debit Card,Desktop
2541,66,20260501,3,1192,100,1,355.22,0.18,291.28,Credit Card,Desktop
2542,205,20261001,20,1001,83,1,123.77,0.2,99.02,PayPal,Desktop
2543,3917,20260218,34,537,36,1,328.92,0.14,282.87,Credit Card,Desktop
2544,2221,20260127,49,925,84,4,426.37,0.11,1517.88,Debit Card,Desktop
2545,539,20260512,44,1796,50,2,901.29,0.25,1351.93,Credit Card,Desktop
2546,3204,20261011,5,754,85,1,928.39,0.27,677.72,Debit Card,Mobile
2547,2495,20260923,37,69,8,4,404.13,0.16,1357.88,Credit Card,Desktop
2548,3454,20260901,8,23,100,3,928.28,0.05,2645.6,PayPal,Desktop
2549,3446,20260621,36,789,3,2,88.96,0.14,153.01,Debit Card,Mobile
2550,137,20260706,22,1843,5,3,441.3,0.26,979.69,Credit Card,Mobile
2551,2086,20260816,16,433,4,4,303.66,0.13,1056.74,Debit Card,Desktop
2552,3349,20261127,26,965,90,1,468.03,0.06,439.95,Credit Card,Mobile
2553,3637,20260404,31,1867,74,1,748.15,0.13,650.89,PayPal,Desktop
2554,1852,20260211,33,1326,65,4,633.59,0.23,1951.46,Debit Card,Desktop
2555,2449,20260422,3,794,61,1,527.26,0.1,474.53,Credit Card,Desktop
2556,2853,20260415,33,1421,80,2,339.45,0.24,515.96,PayPal,Desktop
2557,3272,20260724,41,661,3,4,72.87,0.25,218.61,PayPal,Desktop
2558,2845,20261020,30,121,34,3,181.15,0.25,407.59,PayPal,Desktop
2559,1645,20261225,44,1482,57,4,776.6,0.16,2609.38,Credit Card,Desktop
2560,3124,20260720,5,824,98,2,245.64,0.25,368.46,Credit Card,Mobile
2561,2382,20260831,12,1571,66,2,232.07,0.24,352.75,PayPal,Mobile
2562,3812,20261211,11,1005,16,4,995.44,0.24,3026.14,PayPal,Mobile
2563,3152,20260803,14,1583,30,4,717.31,0.29,2037.16,Debit Card,Mobile
2564,2187,20260823,28,1685,40,1,750.66,0.28,540.48,PayPal,Desktop
2565,124,20260329,14,1471,90,2,434.96,0.09,791.63,PayPal,Mobile
2566,1339,20260214,20,1408,82,4,690.84,0.07,2569.92,PayPal,Mobile
2567,2501,20260227,27,921,4,4,318.16,0.23,979.93,Debit Card,Mobile
2568,1799,20260202,13,5,48,2,636.08,0.25,954.12,Debit Card,Mobile
2569,3042,20260520,50,570,85,4,270.4,0.27,789.57,Credit Card,Mobile
2570,2779,20261224,48,155,60,1,189.36,0.26,140.13,PayPal,Mobile
2571,23,20260801,25,1299,49,2,497.9,0.26,736.89,PayPal,Desktop
2572,3617,20261206,42,1081,75,1,260.7,0.03,252.88,Credit Card,Mobile
2573,3164,20260714,38,1887,93,1,667.97,0.08,614.53,PayPal,Mobile
2574,819,20261201,29,1587,6,1,535.45,0.1,481.91,Credit Card,Desktop
2575,1689,20260128,41,612,6,1,940.07,0.29,667.45,Debit Card,Mobile
2576,129,20260415,34,1312,9,2,79.53,0.19,128.84,Debit Card,Mobile
2577,3875,20260725,27,1127,23,1,192.71,0.05,183.07,PayPal,Desktop
2578,3877,20260603,2,1353,3,1,850.32,0.1,765.29,Debit Card,Mobile
2579,1389,20260922,37,377,83,4,532.26,0.17,1767.1,PayPal,Desktop
2580,2212,20261120,1,867,76,2,311.83,0.02,611.19,PayPal,Mobile
2581,452,20261104,11,1639,61,2,890.33,0.12,1566.98,Debit Card,Desktop
2582,547,20260309,2,492,80,3,64.78,0.01,192.4,Credit Card,Desktop
2583,3780,20260130,27,399,87,2,653.82,0.24,993.81,Debit Card,Desktop
2584,1563,20260518,41,1334,24,2,257.42,0.24,391.28,PayPal,Desktop
2585,3585,20260621,32,1844,1,3,998.4,0.2,2396.16,Credit Card,Mobile
2586,2712,20260106,43,293,39,2,749.0,0.09,1363.18,Credit Card,Desktop
2587,369,20260421,10,1960,29,2,437.43,0.01,866.11,Debit Card,Desktop
2588,1091,20260508,37,925,52,2,58.51,0.17,97.13,PayPal,Mobile
2589,1839,20260508,1,271,97,2,629.54,0.19,1019.85,Debit Card,Mobile
2590,3652,20260712,45,632,6,3,352.33,0.25,792.74,Debit Card,Desktop
2591,2054,20260424,49,163,90,2,713.48,0.13,1241.46,PayPal,Desktop
2592,67,20260708,16,1790,52,2,789.94,0.08,1453.49,PayPal,Desktop
2593,3582,20260919,46,1168,58,3,569.45,0.04,1640.02,Debit Card,Mobile
2594,1639,20260923,27,312,26,4,400.97,0.28,1154.79,Credit Card,Mobile
2595,1899,20260808,39,1589,80,1,86.52,0.12,76.14,PayPal,Desktop
2596,2382,20260526,20,1162,63,4,606.04,0.04,2327.19,PayPal,Mobile
2597,762,20260311,39,1075,50,3,761.07,0.29,1621.08,Credit Card,Mobile
2598,1573,20260730,27,816,10,1,585.49,0.04,562.07,Debit Card,Desktop
2599,2500,20260401,38,1861,77,3,229.69,0.1,620.16,PayPal,Mobile
2600,3897,20261029,47,1123,32,3,919.07,0.18,2260.91,Credit Card,Desktop
2601,1638,20261011,36,1055,60,2,748.06,0.26,1107.13,PayPal,Desktop
2602,3199,20260819,28,26,39,1,630.37,0.11,561.03,Credit Card,Mobile
2603,3882,20260511,17,1834,78,2,548.93,0.01,1086.88,Credit Card,Mobile
2604,777,20260617,49,1228,11,1,240.13,0.16,201.71,Credit Card,Mobile
2605,273,20260726,19,610,7,3,59.35,0.0,178.05,PayPal,Desktop
2606,3060,20260724,5,1960,40,3,189.45,0.19,460.36,PayPal,Mobile
2607,2311,20260118,5,446,39,4,877.18,0.22,2736.8,Credit Card,Mobile
2608,1317,20260415,10,1846,82,1,540.76,0.17,448.83,PayPal,Desktop
2609,1781,20260309,42,671,86,2,81.51,0.18,133.68,Debit Card,Desktop
2610,2857,20260323,9,608,2,4,755.17,0.2,2416.54,Debit Card,Mobile
2611,3407,20260129,15,64,73,4,542.66,0.07,2018.7,Debit Card,Desktop
2612,2550,20260808,17,1145,80,4,628.2,0.24,1909.73,Debit Card,Mobile
2613,2234,20261019,3,1330,48,2,943.16,0.25,1414.74,Debit Card,Mobile
2614,1008,20260103,41,1916,1,4,130.92,0.2,418.94,Debit Card,Desktop
2615,2343,20260729,22,984,20,2,145.48,0.16,244.41,PayPal,Desktop
2616,1259,20260104,32,528,16,4,344.14,0.24,1046.19,PayPal,Mobile
2617,796,20260612,31,1353,80,2,264.26,0.02,517.95,Debit Card,Desktop
2618,2032,20260219,13,1316,22,3,62.1,0.15,158.36,Credit Card,Desktop
2619,3104,20260629,37,1561,85,3,109.0,0.13,284.49,Credit Card,Mobile
2620,3049,20260317,38,1224,93,3,710.26,0.25,1598.08,Credit Card,Mobile
2621,166,20260922,13,611,94,3,510.07,0.06,1438.4,Credit Card,Desktop
2622,2253,20260608,39,1,100,3,311.31,0.13,812.52,Debit Card,Desktop
2623,2190,20260809,27,1774,17,4,74.39,0.22,232.1,Credit Card,Desktop
2624,2834,20260203,31,847,42,4,926.85,0.27,2706.4,Credit Card,Mobile
2625,2819,20260830,36,1748,100,4,648.38,0.29,1841.4,Debit Card,Mobile
2626,682,20260905,35,1215,45,2,710.32,0.29,1008.65,Credit Card,Desktop
2627,152,20260630,39,1667,10,2,414.35,0.29,588.38,PayPal,Desktop
2628,3040,20260918,6,1493,95,2,51.38,0.1,92.48,Credit Card,Desktop
2629,2537,20260820,26,1371,47,2,297.54,0.22,464.16,Credit Card,Mobile
2630,1937,20260723,1,104,37,3,94.55,0.15,241.1,Credit Card,Mobile
2631,1277,20260107,8,1106,36,3,730.98,0.1,1973.65,Credit Card,Mobile
2632,613,20261106,12,167,70,3,926.96,0.21,2196.9,Credit Card,Mobile
2633,3143,20261029,48,1498,6,1,413.49,0.23,318.39,Credit Card,Desktop
2634,1142,20261006,41,1991,89,4,576.95,0.21,1823.16,PayPal,Mobile
2635,621,20261204,26,659,21,2,472.58,0.16,793.93,PayPal,Desktop
2636,2835,20260216,28,1453,77,2,972.28,0.11,1730.66,Credit Card,Mobile
2637,820,20260502,4,1910,25,3,375.42,0.13,979.85,PayPal,Desktop
2638,3719,20260603,33,1844,7,2,300.46,0.01,594.91,Debit Card,Desktop
2639,2288,20260122,31,1985,6,2,530.31,0.29,753.04,PayPal,Mobile
2640,2456,20260122,45,1260,12,4,980.1,0.21,3097.12,PayPal,Desktop
2641,3507,20260424,10,1661,50,3,124.92,0.06,352.27,Debit Card,Mobile
2642,1387,20260219,36,97,44,4,368.52,0.08,1356.15,Credit Card,Desktop
2643,2434,20260504,42,826,5,1,227.15,0.04,218.06,Debit Card,Desktop
2644,75,20261217,21,463,77,1,688.62,0.05,654.19,Debit Card,Mobile
2645,2913,20260901,18,607,62,1,503.54,0.08,463.26,PayPal,Mobile
2646,564,20260930,41,1834,26,3,694.95,0.2,1667.88,Credit Card,Desktop
2647,3371,20260202,40,1173,44,2,324.81,0.22,506.7,PayPal,Mobile
2648,1991,20261023,25,836,17,3,308.68,0.26,685.27,Debit Card,Mobile
2649,1540,20260508,1,745,30,3,360.38,0.23,832.48,Credit Card,Mobile
2650,68,20260716,9,766,63,2,119.99,0.16,201.58,PayPal,Desktop
2651,1644,20260104,4,678,7,4,255.28,0.12,898.59,Debit Card,Mobile
2652,3397,20260122,1,760,6,1,426.42,0.07,396.57,Credit Card,Mobile
2653,33,20261128,40,1117,76,4,651.62,0.08,2397.96,Credit Card,Mobile
2654,676,20260421,4,1650,95,1,607.31,0.18,497.99,Credit Card,Mobile
2655,1075,20260315,22,324,89,3,396.59,0.01,1177.87,Credit Card,Desktop
2656,1502,20260709,15,1757,15,1,590.0,0.21,466.1,PayPal,Mobile
2657,2185,20260720,28,89,18,3,89.58,0.19,217.68,Debit Card,Desktop
2658,1056,20260910,18,1291,76,4,937.72,0.2,3000.7,Credit Card,Mobile
2659,2478,20260613,19,1421,37,3,321.54,0.17,800.63,Debit Card,Mobile
2660,2584,20260921,36,248,92,4,136.03,0.17,451.62,PayPal,Desktop
2661,1161,20260628,19,1561,43,2,647.79,0.16,1088.29,Debit Card,Desktop
2662,2810,20260322,24,306,16,2,873.61,0.18,1432.72,Debit Card,Desktop
2663,50,20260127,16,1986,53,2,349.15,0.12,614.5,Credit Card,Desktop
2664,1834,20260313,1,607,58,3,344.12,0.13,898.15,PayPal,Mobile
2665,537,20260804,13,724,9,2,906.71,0.12,1595.81,Debit Card,Desktop
2666,2789,20260114,1,139,57,1,117.46,0.29,83.4,Credit Card,Mobile
2667,1734,20260805,4,711,68,4,522.2,0.03,2026.14,Debit Card,Mobile
2668,308,20260711,14,503,76,4,172.5,0.08,634.8,Debit Card,Desktop
2669,1538,20260815,17,1499,96,1,588.81,0.02,577.03,Debit Card,Mobile
2670,3847,20260219,30,1196,7,3,696.01,0.1,1879.23,Debit Card,Desktop
2671,3107,20260305,42,1910,68,3,594.04,0.22,1390.05,PayPal,Desktop
2672,3472,20260811,46,829,75,4,966.2,0.28,2782.66,Credit Card,Desktop
2673,963,20260619,13,1805,42,2,418.93,0.04,804.35,PayPal,Desktop
2674,1622,20260516,36,1956,1,3,645.84,0.17,1608.14,Debit Card,Desktop
2675,3056,20260126,45,980,61,3,783.4,0.29,1668.64,PayPal,Mobile
2676,3301,20261005,42,206,73,1,302.09,0.26,223.55,Credit Card,Mobile
2677,991,20260114,14,389,19,1,623.3,0.13,542.27,PayPal,Desktop
2678,2317,20260419,26,593,34,2,796.83,0.04,1529.91,Credit Card,Mobile
2679,3126,20261015,11,1671,51,3,925.48,0.1,2498.8,Debit Card,Desktop
2680,1058,20261113,11,900,61,3,866.49,0.2,2079.58,Credit Card,Mobile
2681,2670,20260425,10,96,18,1,734.88,0.26,543.81,Credit Card,Mobile
2682,1,20260112,5,867,79,3,596.47,0.08,1646.26,Credit Card,Mobile
2683,871,20260331,20,1014,85,4,540.45,0.09,1967.24,Credit Card,Mobile
2684,1358,20261108,21,1766,11,1,58.64,0.2,46.91,Debit Card,Desktop
2685,236,20261220,29,663,56,2,374.99,0.27,547.49,PayPal,Mobile
2686,121,20260414,1,1468,51,1,573.56,0.07,533.41,Debit Card,Mobile
2687,3107,20260420,28,1281,93,3,689.76,0.06,1945.12,Credit Card,Mobile
2688,835,20260910,5,849,93,2,476.93,0.14,820.32,PayPal,Mobile
2689,1959,20260723,2,1896,57,1,431.72,0.09,392.87,Credit Card,Mobile
2690,3267,20261013,3,687,79,4,393.43,0.07,1463.56,Debit Card,Mobile
2691,2582,20261116,19,174,94,4,528.25,0.09,1922.83,Credit Card,Desktop
2692,3678,20261229,32,554,3,1,332.64,0.02,325.99,PayPal,Desktop
2693,685,20260831,28,929,54,4,792.43,0.11,2821.05,Credit Card,Desktop
2694,1761,20261019,11,29,6,4,929.7,0.25,2789.1,Credit Card,Desktop
2695,1462,20260408,41,1735,52,4,814.61,0.2,2606.75,Debit Card,Desktop
2696,1291,20260206,39,995,83,2,318.59,0.13,554.35,PayPal,Mobile
2697,2405,20260223,45,1578,74,4,546.58,0.07,2033.28,PayPal,Desktop
2698,3450,20261022,39,1618,10,4,846.71,0.21,2675.6,Debit Card,Desktop
2699,1291,20260118,21,30,37,4,609.81,0.19,1975.78,PayPal,Mobile
2700,1788,20260315,19,444,17,2,832.37,0.23,1281.85,Credit Card,Mobile
2701,536,20261030,7,322,92,1,294.4,0.11,262.02,PayPal,Mobile
2702,2523,20261205,19,1152,44,3,873.67,0.03,2542.38,Credit Card,Desktop
2703,2806,20260109,29,895,95,4,53.88,0.02,211.21,PayPal,Mobile
2704,3983,20260312,34,1441,39,1,914.14,0.24,694.75,Debit Card,Desktop
2705,662,20260330,22,815,92,4,835.38,0.28,2405.89,Debit Card,Desktop
2706,2156,20260202,10,1862,17,2,854.88,0.23,1316.52,Credit Card,Desktop
2707,237,20260927,22,1347,70,1,660.81,0.19,535.26,Debit Card,Mobile
2708,316,20260718,47,410,90,2,546.05,0.12,961.05,PayPal,Desktop
2709,1916,20261022,48,1178,77,4,660.31,0.12,2324.29,PayPal,Desktop
2710,2111,20260720,28,1407,57,4,73.28,0.2,234.5,PayPal,Desktop
2711,3620,20261018,44,1110,31,2,786.29,0.12,1383.87,Credit Card,Desktop
2712,208,20260320,35,122,74,3,241.26,0.24,550.07,Credit Card,Desktop
2713,406,20260212,27,661,46,2,414.98,0.04,796.76,Debit Card,Desktop
2714,1354,20261217,32,1363,67,4,531.24,0.29,1508.72,Debit Card,Desktop
2715,2022,20260617,23,205,23,2,764.03,0.11,1359.97,Debit Card,Desktop
2716,1583,20260809,34,915,44,3,310.87,0.0,932.61,PayPal,Desktop
2717,236,20260929,23,147,54,2,863.04,0.09,1570.73,Debit Card,Desktop
2718,3653,20260511,17,1765,39,3,358.84,0.05,1022.69,Debit Card,Mobile
2719,1213,20260920,1,295,26,3,609.29,0.14,1571.97,Credit Card,Desktop
2720,3177,20261001,15,1714,41,2,998.21,0.01,1976.46,Debit Card,Mobile
2721,1673,20260202,13,94,80,2,480.0,0.29,681.6,Debit Card,Desktop
2722,1685,20260320,4,356,6,1,920.49,0.15,782.42,PayPal,Desktop
2723,915,20260125,2,1247,100,4,563.53,0.22,1758.21,Debit Card,Mobile
2724,2392,20260419,50,888,82,3,305.66,0.17,761.09,Credit Card,Desktop
2725,3364,20261102,37,1798,63,1,510.55,0.25,382.91,Credit Card,Desktop
2726,449,20260622,14,743,50,2,990.53,0.17,1644.28,PayPal,Desktop
2727,174,20260927,30,420,46,4,62.52,0.1,225.07,Debit Card,Desktop
2728,59,20260603,37,660,64,1,988.46,0.29,701.81,PayPal,Mobile
2729,1380,20261021,38,1697,81,3,288.65,0.01,857.29,PayPal,Mobile
2730,691,20260313,46,1264,33,1,674.97,0.13,587.22,Debit Card,Mobile
2731,3283,20261130,15,1986,12,3,878.32,0.26,1949.87,Debit Card,Mobile
2732,3568,20260620,2,960,25,2,544.56,0.18,893.08,Debit Card,Mobile
2733,1803,20260121,43,942,61,4,265.99,0.17,883.09,Debit Card,Desktop
2734,3886,20260824,8,1345,40,4,394.45,0.11,1404.24,Credit Card,Desktop
2735,2956,20260517,11,413,1,4,993.76,0.21,3140.28,PayPal,Mobile
2736,3580,20261107,26,1427,66,2,354.0,0.19,573.48,Debit Card,Mobile
2737,3140,20261020,15,345,55,3,449.27,0.07,1253.46,Credit Card,Desktop
2738,1147,20261008,11,941,54,2,407.91,0.19,660.81,Debit Card,Desktop
2739,1817,20260922,13,1434,1,4,249.3,0.25,747.9,Debit Card,Desktop
2740,3960,20260404,42,1874,88,2,851.25,0.06,1600.35,Credit Card,Desktop
2741,3660,20260217,49,185,60,2,982.64,0.16,1650.84,PayPal,Mobile
2742,3373,20260531,24,1683,44,2,789.99,0.27,1153.39,PayPal,Desktop
2743,96,20260801,27,1901,20,3,641.71,0.18,1578.61,Credit Card,Mobile
2744,1941,20260824,8,923,80,1,738.69,0.07,686.98,PayPal,Mobile
2745,2783,20260319,37,116,5,1,889.71,0.07,827.43,PayPal,Desktop
2746,2927,20260611,35,1286,82,2,832.73,0.26,1232.44,Debit Card,Mobile
2747,1909,20261210,29,1190,42,1,894.14,0.08,822.61,PayPal,Desktop
2748,2034,20260206,21,643,26,1,645.76,0.13,561.81,PayPal,Mobile
2749,3453,20261006,29,1534,27,2,563.75,0.21,890.73,Debit Card,Mobile
2750,2468,20260630,4,1143,75,2,604.03,0.1,1087.25,Debit Card,Desktop
2751,2569,20260919,25,344,52,4,988.19,0.23,3043.63,PayPal,Mobile
2752,1684,20260916,14,1076,3,1,300.4,0.15,255.34,Credit Card,Mobile
2753,975,20261217,38,818,88,3,505.04,0.02,1484.82,Credit Card,Mobile
2754,2469,20260228,2,1295,43,2,938.87,0.24,1427.08,PayPal,Mobile
2755,634,20261008,37,1326,70,4,884.57,0.16,2972.16,PayPal,Desktop
2756,3142,20261202,9,1671,4,3,794.93,0.03,2313.25,PayPal,Desktop
2757,3115,20260104,39,76,16,1,919.64,0.12,809.28,Credit Card,Desktop
2758,602,20261028,38,1137,19,4,175.36,0.14,603.24,Debit Card,Mobile
2759,2715,20260425,28,1355,39,2,311.16,0.21,491.63,PayPal,Desktop
2760,1724,20260124,32,672,59,3,280.48,0.09,765.71,PayPal,Desktop
2761,3992,20260923,13,693,46,2,793.79,0.26,1174.81,PayPal,Desktop
2762,3030,20260107,7,1569,22,1,810.35,0.13,705.0,PayPal,Mobile
2763,175,20260221,44,1729,99,3,356.76,0.1,963.25,Debit Card,Desktop
2764,2637,20261213,6,1075,62,1,909.81,0.11,809.73,PayPal,Mobile
2765,1079,20260922,3,638,48,1,310.16,0.25,232.62,PayPal,Mobile
2766,1264,20260223,31,1948,7,4,973.27,0.09,3542.7,PayPal,Mobile
2767,3250,20260320,21,1743,7,2,939.4,0.29,1333.95,Credit Card,Desktop
2768,2572,20261002,49,806,100,3,990.96,0.03,2883.69,PayPal,Mobile
2769,3575,20260120,29,1266,58,1,603.64,0.13,525.17,PayPal,Mobile
2770,3295,20260314,50,1286,35,1,270.51,0.29,192.06,Debit Card,Desktop
2771,1938,20260920,37,1660,38,3,327.33,0.12,864.15,Credit Card,Mobile
2772,1222,20260805,2,136,56,1,739.35,0.13,643.23,Credit Card,Mobile
2773,2043,20261110,33,1356,27,4,353.33,0.07,1314.39,Credit Card,Desktop
2774,2894,20261026,11,1232,91,4,947.66,0.11,3373.67,PayPal,Mobile
2775,1612,20261206,36,1586,96,4,467.22,0.03,1812.81,Credit Card,Mobile
2776,2291,20260311,24,1888,91,4,586.69,0.03,2276.36,PayPal,Desktop
2777,929,20261125,12,615,12,1,205.49,0.25,154.12,Debit Card,Desktop
2778,1042,20260205,35,507,75,3,572.49,0.19,1391.15,Debit Card,Desktop
2779,1229,20260113,19,1628,50,3,949.4,0.27,2079.19,Debit Card,Desktop
2780,3044,20260719,41,1173,46,3,217.85,0.04,627.41,PayPal,Desktop
2781,1097,20261129,48,1909,79,3,128.21,0.19,311.55,Credit Card,Desktop
2782,3885,20260202,11,1839,22,2,469.86,0.1,845.75,Credit Card,Mobile
2783,3417,20260727,19,1826,13,3,586.32,0.02,1723.78,Credit Card,Desktop
2784,3643,20260521,4,1445,76,2,684.26,0.12,1204.3,Debit Card,Mobile
2785,106,20261222,48,264,76,2,512.51,0.13,891.77,PayPal,Mobile
2786,989,20261002,13,1579,4,4,434.81,0.2,1391.39,Credit Card,Desktop
2787,122,20261121,37,1487,83,2,380.49,0.28,547.91,PayPal,Desktop
2788,3649,20261229,13,852,49,1,828.21,0.03,803.36,Debit Card,Desktop
2789,1702,20260305,27,892,10,2,619.79,0.11,1103.23,Credit Card,Mobile
2790,1139,20260610,12,1662,5,4,759.28,0.27,2217.1,Credit Card,Mobile
2791,1101,20260310,40,1206,70,2,696.05,0.29,988.39,Credit Card,Mobile
2792,2269,20260417,15,1825,54,1,738.94,0.29,524.65,Debit Card,Desktop
2793,3540,20261113,29,1259,10,1,753.35,0.03,730.75,Debit Card,Mobile
2794,493,20261122,18,602,4,1,339.21,0.24,257.8,PayPal,Mobile
2795,257,20260419,30,623,51,4,283.05,0.26,837.83,Debit Card,Desktop
2796,3333,20260607,4,226,71,4,183.11,0.24,556.65,Debit Card,Mobile
2797,273,20260908,37,1198,97,3,764.03,0.11,2039.96,Debit Card,Desktop
2798,3105,20261110,11,1310,24,4,652.02,0.11,2321.19,Debit Card,Desktop
2799,380,20260712,20,1245,6,1,858.27,0.08,789.61,Credit Card,Mobile
2800,3044,20261008,22,704,9,1,357.21,0.29,253.62,PayPal,Mobile
2801,1048,20260519,36,818,62,4,790.51,0.28,2276.67,Credit Card,Mobile
2802,4,20261001,20,961,97,2,915.07,0.07,1702.03,Credit Card,Mobile
2803,1549,20260203,47,1514,90,4,290.06,0.11,1032.61,Credit Card,Desktop
2804,811,20261218,10,733,12,4,508.09,0.17,1686.86,Credit Card,Desktop
2805,2118,20261223,30,1208,41,1,792.58,0.14,681.62,Credit Card,Mobile
2806,58,20260310,38,660,37,3,881.11,0.0,2643.33,Credit Card,Desktop
2807,2105,20260911,13,107,90,1,668.1,0.13,581.25,PayPal,Desktop
2808,2854,20260915,35,984,32,3,99.02,0.03,288.15,Credit Card,Desktop
2809,3844,20260416,5,513,30,1,603.18,0.1,542.86,Debit Card,Desktop
2810,3872,20261001,1,996,71,4,441.93,0.19,1431.85,Credit Card,Desktop
2811,2585,20260219,34,656,55,1,93.07,0.2,74.46,Debit Card,Mobile
2812,1666,20260619,42,1123,84,1,772.94,0.25,579.71,Credit Card,Mobile
2813,1002,20260808,47,148,48,1,830.87,0.2,664.7,Debit Card,Mobile
2814,137,20261228,4,379,25,4,755.89,0.0,3023.56,Credit Card,Mobile
2815,2651,20260915,45,1930,43,4,460.15,0.1,1656.54,PayPal,Mobile
2816,689,20261212,19,1518,13,4,360.12,0.25,1080.36,Credit Card,Desktop
2817,151,20260320,7,646,10,4,75.94,0.12,267.31,Debit Card,Desktop
2818,3523,20261029,26,870,32,3,588.07,0.01,1746.57,Credit Card,Mobile
2819,154,20260307,3,655,30,3,178.9,0.04,515.23,PayPal,Mobile
2820,1548,20260405,9,1342,4,2,681.6,0.01,1349.57,Credit Card,Mobile
2821,2189,20260208,20,429,29,4,158.18,0.06,594.76,PayPal,Mobile
2822,744,20260409,34,776,15,3,266.43,0.05,759.33,Credit Card,Mobile
2823,3410,20260505,27,1392,37,1,746.29,0.08,686.59,Debit Card,Mobile
2824,1223,20260421,50,1647,39,4,339.07,0.15,1152.84,PayPal,Desktop
2825,2391,20260808,33,881,55,2,803.4,0.05,1526.46,Credit Card,Desktop
2826,2390,20260331,23,507,56,2,758.15,0.22,1182.71,Debit Card,Desktop
2827,1134,20261117,43,1174,71,2,909.67,0.25,1364.5,PayPal,Desktop
2828,1460,20260401,26,1710,100,1,640.74,0.25,480.56,Credit Card,Desktop
2829,3932,20261219,26,760,43,3,218.69,0.12,577.34,PayPal,Mobile
2830,3934,20260517,11,758,32,1,513.53,0.27,374.88,PayPal,Mobile
2831,432,20261114,18,969,48,4,920.32,0.12,3239.53,Credit Card,Mobile
2832,653,20260727,19,1799,57,2,856.55,0.21,1353.35,Debit Card,Desktop
2833,1385,20260811,14,1150,75,1,733.7,0.2,586.96,PayPal,Desktop
2834,2362,20260307,36,1820,44,1,773.79,0.26,572.6,PayPal,Mobile
2835,2897,20260320,49,796,64,3,325.15,0.26,721.83,PayPal,Mobile
2836,642,20260602,42,938,83,3,148.09,0.14,382.07,PayPal,Desktop
2837,920,20260411,21,556,28,2,757.7,0.16,1272.94,PayPal,Desktop
2838,1758,20260730,16,1370,74,1,571.1,0.15,485.44,Credit Card,Desktop
2839,1213,20260221,37,964,76,1,423.63,0.16,355.85,PayPal,Mobile
2840,2238,20261112,43,159,54,3,628.0,0.27,1375.32,Credit Card,Desktop
2841,416,20260425,26,1837,66,1,690.12,0.15,586.6,PayPal,Mobile
2842,95,20261222,32,1652,27,1,488.81,0.01,483.92,Debit Card,Mobile
2843,3175,20260714,50,9,13,1,105.98,0.21,83.72,Debit Card,Desktop
2844,79,20260904,36,1836,18,3,960.98,0.27,2104.55,Debit Card,Desktop
2845,502,20261021,19,816,26,2,247.61,0.04,475.41,PayPal,Desktop
2846,1139,20260815,10,1534,75,4,427.02,0.1,1537.27,PayPal,Mobile
2847,3075,20260718,26,421,25,2,850.33,0.09,1547.6,PayPal,Mobile
2848,3525,20260824,38,1292,39,4,181.76,0.28,523.47,Credit Card,Mobile
2849,3468,20260722,43,164,86,1,829.63,0.08,763.26,Credit Card,Mobile
2850,2944,20261125,19,1162,59,2,442.93,0.27,646.68,Credit Card,Desktop
2851,2794,20260820,36,460,28,4,990.1,0.01,3920.8,Debit Card,Mobile
2852,1596,20261104,7,348,45,3,155.39,0.03,452.18,PayPal,Mobile
2853,2326,20260228,39,558,94,3,431.28,0.22,1009.2,PayPal,Mobile
2854,3982,20260211,18,442,61,2,234.95,0.07,437.01,PayPal,Desktop
2855,2809,20260904,18,1093,13,2,673.95,0.06,1267.03,Debit Card,Mobile
2856,363,20261016,47,128,10,1,568.22,0.21,448.89,Debit Card,Desktop
2857,1029,20261104,35,187,14,2,255.68,0.02,501.13,Debit Card,Mobile
2858,2716,20260525,43,171,99,1,599.42,0.21,473.54,Credit Card,Mobile
2859,3661,20260609,3,309,68,1,673.35,0.28,484.81,PayPal,Desktop
2860,2230,20260802,3,1532,10,3,929.54,0.12,2453.99,PayPal,Mobile
2861,3464,20260507,50,411,34,3,327.38,0.04,942.85,PayPal,Desktop
2862,246,20260604,14,654,26,4,575.84,0.27,1681.45,Credit Card,Desktop
2863,2750,20260201,7,995,76,3,710.59,0.17,1769.37,Credit Card,Mobile
2864,3225,20261006,31,203,90,3,413.05,0.02,1214.37,Credit Card,Desktop
2865,2890,20260301,7,1194,88,2,243.11,0.04,466.77,Debit Card,Mobile
2866,3554,20260311,1,331,67,3,338.28,0.14,872.76,PayPal,Mobile
2867,2186,20260529,30,1744,81,4,137.41,0.04,527.65,Debit Card,Desktop
2868,308,20260311,50,1904,78,2,913.21,0.28,1315.02,Credit Card,Desktop
2869,1559,20260901,19,1762,55,4,856.68,0.11,3049.78,Credit Card,Mobile
2870,154,20260503,41,1023,39,3,576.4,0.29,1227.73,PayPal,Mobile
2871,2366,20261203,19,347,32,4,986.58,0.04,3788.47,PayPal,Mobile
2872,312,20260302,46,487,11,2,380.93,0.26,563.78,Debit Card,Mobile
2873,1775,20260619,43,380,50,1,98.83,0.18,81.04,Credit Card,Desktop
2874,685,20261008,21,360,97,4,290.61,0.1,1046.2,PayPal,Desktop
2875,2593,20260609,24,580,63,4,898.75,0.0,3595.0,PayPal,Mobile
2876,2887,20261229,40,566,67,2,493.22,0.16,828.61,PayPal,Desktop
2877,2336,20260807,39,453,8,2,420.91,0.08,774.47,Credit Card,Desktop
2878,2993,20260224,22,887,58,4,611.3,0.19,1980.61,Debit Card,Desktop
2879,1214,20260417,10,1745,24,3,397.34,0.23,917.86,Debit Card,Mobile
2880,3115,20260822,42,741,52,4,198.26,0.12,697.88,Debit Card,Mobile
2881,93,20260513,43,88,11,2,413.64,0.0,827.28,Debit Card,Desktop
2882,3353,20260226,25,1043,83,1,846.89,0.0,846.89,Debit Card,Mobile
2883,1824,20260514,50,1655,14,1,88.5,0.21,69.92,Credit Card,Mobile
2884,2218,20261123,39,121,87,3,981.44,0.12,2591.0,Debit Card,Mobile
2885,1933,20260906,27,346,25,4,178.8,0.04,686.59,PayPal,Mobile
2886,661,20260304,9,470,19,1,383.62,0.24,291.55,PayPal,Mobile
2887,54,20260403,35,569,61,4,216.24,0.05,821.71,Debit Card,Mobile
2888,2421,20260927,39,609,5,2,232.97,0.3,326.16,Credit Card,Desktop
2889,1098,20260217,29,1240,15,1,87.06,0.23,67.04,Credit Card,Desktop
2890,1422,20260222,43,61,100,3,719.3,0.28,1553.69,Debit Card,Mobile
2891,3800,20260613,10,338,99,2,968.82,0.28,1395.1,PayPal,Mobile
2892,482,20260104,41,1435,86,3,801.97,0.13,2093.14,Debit Card,Desktop
2893,1903,20261012,34,493,4,2,981.52,0.18,1609.69,Credit Card,Mobile
2894,2548,20260207,19,1864,92,1,72.54,0.09,66.01,Debit Card,Mobile
2895,3110,20260604,9,1612,98,3,123.34,0.1,333.02,PayPal,Mobile
2896,1680,20261202,30,590,94,3,299.51,0.14,772.74,PayPal,Mobile
2897,2089,20261009,44,1138,79,2,84.59,0.03,164.1,Credit Card,Mobile
2898,3739,20260717,36,1316,91,3,260.91,0.1,704.46,Credit Card,Mobile
2899,2735,20260826,10,200,29,2,580.4,0.23,893.82,PayPal,Desktop
2900,3367,20260509,47,825,77,2,934.6,0.27,1364.52,PayPal,Mobile
2901,3924,20260613,23,1874,64,2,823.61,0.17,1367.19,Debit Card,Desktop
2902,1140,20261224,12,1180,95,2,779.75,0.16,1309.98,Credit Card,Desktop
2903,201,20261105,45,611,46,1,966.51,0.17,802.2,Credit Card,Desktop
2904,1592,20260108,22,861,59,2,408.4,0.22,637.1,Credit Card,Mobile
2905,3661,20260820,3,170,52,4,768.34,0.11,2735.29,Debit Card,Mobile
2906,1714,20260816,43,1148,9,3,443.66,0.28,958.31,Debit Card,Mobile
2907,2098,20260313,18,399,62,4,389.83,0.19,1263.05,PayPal,Desktop
2908,3478,20261112,26,606,35,1,633.09,0.19,512.8,Debit Card,Desktop
2909,3288,20260913,1,1089,37,4,866.7,0.05,3293.46,PayPal,Mobile
2910,714,20260504,14,618,66,3,756.75,0.27,1657.28,Credit Card,Mobile
2911,1261,20260521,8,1475,43,4,126.02,0.21,398.22,Debit Card,Mobile
2912,1385,20260723,21,940,37,1,620.33,0.1,558.3,PayPal,Mobile
2913,3314,20260716,25,31,21,2,215.41,0.15,366.2,Debit Card,Mobile
2914,3125,20260708,14,454,85,4,479.57,0.07,1784.0,Credit Card,Desktop
2915,3814,20261212,15,1738,11,1,619.79,0.11,551.61,Debit Card,Mobile
2916,83,20260926,9,1240,56,1,417.53,0.01,413.35,Debit Card,Mobile
2917,647,20261220,7,995,38,3,636.37,0.03,1851.84,Credit Card,Mobile
2918,1901,20260309,35,1900,99,3,75.12,0.03,218.6,Credit Card,Mobile
2919,3686,20260703,26,784,78,4,700.27,0.18,2296.89,Credit Card,Desktop
2920,3357,20260103,23,1540,5,2,426.4,0.3,596.96,Credit Card,Mobile
2921,1238,20260429,35,1598,46,1,607.05,0.15,515.99,Credit Card,Mobile
2922,2397,20260319,4,218,74,4,92.83,0.03,360.18,Credit Card,Mobile
2923,2475,20260419,32,174,78,1,404.99,0.07,376.64,Credit Card,Mobile
2924,2383,20260130,42,700,56,1,663.82,0.06,623.99,Credit Card,Desktop
2925,2931,20260316,46,1387,36,2,225.0,0.1,405.0,PayPal,Desktop
2926,3973,20260202,39,634,1,2,538.42,0.11,958.39,PayPal,Desktop
2927,585,20261024,15,1,37,4,997.63,0.24,3032.8,Debit Card,Mobile
2928,1578,20260311,42,1286,60,2,755.75,0.02,1481.27,Debit Card,Mobile
2929,3007,20260526,19,1716,32,2,364.92,0.09,664.15,Debit Card,Mobile
2930,1445,20260302,13,1388,79,4,634.19,0.28,1826.47,PayPal,Mobile
2931,1753,20260211,27,1458,55,2,686.58,0.29,974.94,Debit Card,Mobile
2932,3672,20260626,49,857,9,3,217.96,0.14,562.34,Credit Card,Mobile
2933,2869,20261022,42,658,62,1,202.11,0.03,196.05,PayPal,Mobile
2934,2560,20260728,4,320,17,1,679.07,0.24,516.09,Credit Card,Mobile
2935,2241,20261212,44,1900,57,1,158.18,0.14,136.03,Credit Card,Desktop
2936,838,20261119,22,504,18,1,834.61,0.19,676.03,Credit Card,Mobile
2937,2400,20261217,10,147,18,4,511.98,0.16,1720.25,Debit Card,Desktop
2938,3734,20261128,32,172,11,1,537.0,0.12,472.56,Debit Card,Mobile
2939,119,20261107,48,502,59,1,345.99,0.01,342.53,Debit Card,Mobile
2940,2855,20261019,10,1790,32,1,764.72,0.17,634.72,PayPal,Mobile
2941,2456,20260417,43,1283,65,1,186.04,0.13,161.85,Debit Card,Desktop
2942,3093,20261110,35,1462,34,3,248.26,0.29,528.79,Credit Card,Desktop
2943,2036,20261204,27,702,73,1,576.06,0.24,437.81,Credit Card,Desktop
2944,387,20260418,7,1596,36,3,923.38,0.04,2659.33,PayPal,Mobile
2945,1753,20260718,26,600,24,4,813.64,0.05,3091.83,Debit Card,Desktop
2946,3300,20260423,10,1000,24,2,877.93,0.11,1562.72,Debit Card,Desktop
2947,1020,20260626,32,1946,47,1,259.58,0.24,197.28,PayPal,Desktop
2948,1923,20260610,27,533,68,2,933.83,0.12,1643.54,Debit Card,Desktop
2949,3335,20261029,37,590,91,2,454.57,0.05,863.68,Debit Card,Mobile
2950,1290,20260112,1,1964,53,4,341.49,0.19,1106.43,PayPal,Mobile
2951,3805,20261018,22,1759,15,2,447.87,0.11,797.21,Credit Card,Mobile
2952,3588,20260804,27,1457,64,3,777.62,0.23,1796.3,Credit Card,Mobile
2953,2394,20260613,50,442,33,2,717.05,0.18,1175.96,PayPal,Desktop
2954,1234,20260312,28,1780,85,2,119.3,0.17,198.04,Debit Card,Mobile
2955,3658,20260406,32,946,71,2,189.98,0.06,357.16,PayPal,Mobile
2956,2962,20260527,37,950,18,1,915.17,0.29,649.77,Debit Card,Mobile
2957,1880,20260924,2,417,30,1,326.74,0.2,261.39,PayPal,Mobile
2958,3445,20260217,10,1586,32,3,327.97,0.17,816.65,Credit Card,Desktop
2959,230,20261127,37,1431,91,3,744.58,0.05,2122.05,Debit Card,Desktop
2960,1640,20260202,50,1495,57,1,731.88,0.12,644.05,Credit Card,Desktop
2961,576,20260411,34,874,26,3,436.65,0.07,1218.25,Credit Card,Mobile
2962,3382,20260204,10,56,7,1,989.02,0.26,731.87,PayPal,Desktop
2963,3347,20260915,17,1584,70,4,922.2,0.04,3541.25,Credit Card,Mobile
2964,2361,20260419,25,47,66,2,451.72,0.14,776.96,Credit Card,Desktop
2965,2857,20260913,14,781,2,2,737.59,0.19,1194.9,Debit Card,Desktop
2966,3591,20261107,39,273,4,3,921.49,0.27,2018.06,PayPal,Desktop
2967,213,20260803,8,1776,25,1,315.94,0.21,249.59,Credit Card,Desktop
2968,3720,20261115,37,1906,28,1,401.11,0.26,296.82,Debit Card,Mobile
2969,318,20261201,7,1841,43,3,970.67,0.26,2154.89,Debit Card,Desktop
2970,2174,20260226,46,1416,91,1,501.43,0.24,381.09,PayPal,Mobile
2971,2146,20261004,47,1044,74,4,883.89,0.07,3288.07,PayPal,Mobile
2972,1155,20260527,4,557,31,2,292.52,0.02,573.34,Credit Card,Desktop
2973,311,20260727,44,438,43,3,415.71,0.15,1060.06,Credit Card,Mobile
2974,1271,20260521,30,655,46,3,539.3,0.07,1504.65,PayPal,Mobile
2975,423,20260411,26,1058,41,1,89.96,0.19,72.87,Debit Card,Desktop
2976,1847,20260818,36,538,5,3,154.49,0.25,347.6,Credit Card,Mobile
2977,2692,20260321,7,830,78,4,894.15,0.24,2718.22,PayPal,Mobile
2978,438,20260905,24,1057,50,1,716.64,0.13,623.48,Debit Card,Desktop
2979,3386,20260227,25,899,46,1,130.93,0.17,108.67,PayPal,Mobile
2980,1952,20261206,3,1474,42,1,239.25,0.12,210.54,Credit Card,Desktop
2981,1461,20261002,42,1105,9,1,247.01,0.06,232.19,PayPal,Desktop
2982,2235,20260805,24,506,47,4,360.79,0.21,1140.1,Credit Card,Mobile
2983,2086,20261024,11,579,21,1,673.33,0.23,518.46,Debit Card,Desktop
2984,3182,20261204,45,988,43,3,184.92,0.14,477.09,PayPal,Mobile
2985,1097,20260204,28,877,71,4,697.25,0.16,2342.76,Debit Card,Mobile
2986,27,20260103,10,1616,66,2,824.05,0.23,1269.04,Debit Card,Mobile
2987,1962,20260322,49,787,56,2,905.9,0.14,1558.15,PayPal,Mobile
2988,3322,20260511,48,1455,8,3,350.82,0.19,852.49,Credit Card,Desktop
2989,1229,20260306,28,219,31,3,881.05,0.11,2352.4,Credit Card,Desktop
2990,3753,20260408,37,1893,61,4,944.31,0.0,3777.24,Credit Card,Mobile
2991,2276,20261124,46,1730,22,2,483.85,0.25,725.78,Debit Card,Desktop
2992,3096,20260829,8,248,98,2,483.09,0.22,753.62,PayPal,Desktop
2993,1970,20260313,42,1033,50,2,353.09,0.21,557.88,Credit Card,Mobile
2994,340,20261105,10,150,7,2,108.4,0.13,188.62,Credit Card,Desktop
2995,2003,20260314,14,1820,87,2,233.79,0.2,374.06,Credit Card,Desktop
2996,2713,20261204,29,962,13,1,509.26,0.25,381.94,PayPal,Desktop
2997,1945,20260303,7,771,47,3,693.96,0.17,1727.96,PayPal,Desktop
2998,1865,20260629,27,607,6,1,783.29,0.12,689.3,PayPal,Desktop
2999,3191,20260926,18,33,3,2,861.96,0.06,1620.48,PayPal,Desktop
3000,1154,20260319,9,1382,49,4,203.4,0.25,610.2,PayPal,Desktop
3001,3921,20260411,45,374,17,4,791.31,0.19,2563.84,Credit Card,Mobile
3002,55,20260513,30,44,47,2,281.68,0.19,456.32,PayPal,Desktop
3003,3123,20260902,8,686,64,2,688.17,0.13,1197.42,PayPal,Mobile
3004,3053,20260212,45,197,6,4,912.48,0.1,3284.93,Credit Card,Desktop
3005,37,20261229,2,1033,5,1,837.36,0.05,795.49,Credit Card,Desktop
3006,2742,20260628,17,1730,60,1,582.5,0.22,454.35,Debit Card,Desktop
3007,1306,20261012,19,1040,65,2,922.59,0.06,1734.47,PayPal,Mobile
3008,766,20260703,7,581,74,1,517.4,0.03,501.88,Debit Card,Desktop
3009,994,20261019,46,1035,53,4,136.73,0.08,503.17,PayPal,Desktop
3010,639,20260526,2,1796,27,1,694.84,0.07,646.2,Credit Card,Desktop
3011,1734,20261221,24,300,100,2,181.77,0.2,290.83,PayPal,Mobile
3012,3516,20260608,38,1847,22,4,423.2,0.1,1523.52,PayPal,Desktop
3013,3322,20261209,3,1412,95,1,172.11,0.0,172.11,PayPal,Mobile
3014,354,20260111,20,1366,96,3,568.8,0.2,1365.12,Debit Card,Mobile
3015,3137,20260613,22,574,27,4,131.72,0.01,521.61,Credit Card,Desktop
3016,2989,20260228,4,1801,83,4,430.61,0.2,1377.95,PayPal,Mobile
3017,2685,20260501,14,782,77,3,354.25,0.13,924.59,PayPal,Mobile
3018,2959,20260107,3,1207,7,3,134.94,0.02,396.72,PayPal,Mobile
3019,2979,20260203,1,1658,40,4,575.39,0.16,1933.31,PayPal,Mobile
3020,945,20260330,22,1432,36,3,550.39,0.29,1172.33,Credit Card,Desktop
3021,737,20261006,40,1399,7,2,886.74,0.18,1454.25,PayPal,Mobile
3022,2595,20260126,29,855,55,2,927.29,0.21,1465.12,Credit Card,Mobile
3023,2633,20260802,2,1049,11,2,424.21,0.16,712.67,Credit Card,Mobile
3024,1429,20261212,49,1172,39,4,653.43,0.16,2195.52,Debit Card,Desktop
3025,3733,20260823,46,452,10,3,854.46,0.26,1896.9,Credit Card,Mobile
3026,2763,20260628,50,1519,32,3,696.84,0.28,1505.17,Credit Card,Desktop
3027,2535,20260912,33,595,18,1,933.38,0.18,765.37,Credit Card,Mobile
3028,954,20260607,31,836,94,1,182.93,0.13,159.15,Debit Card,Mobile
3029,1962,20260223,45,1776,13,3,435.26,0.15,1109.91,PayPal,Desktop
3030,2696,20260903,34,1112,28,3,428.22,0.27,937.8,Debit Card,Mobile
3031,2732,20260810,23,51,12,3,567.51,0.27,1242.85,PayPal,Desktop
3032,705,20261124,38,326,24,4,203.39,0.28,585.76,Debit Card,Desktop
3033,2109,20260811,1,1168,90,3,471.66,0.25,1061.24,PayPal,Mobile
3034,1619,20260818,21,347,24,1,661.4,0.03,641.56,PayPal,Mobile
3035,3312,20260826,21,1159,69,4,326.86,0.18,1072.1,Credit Card,Mobile
3036,1905,20260615,10,889,42,3,374.33,0.14,965.77,PayPal,Desktop
3037,770,20260714,36,757,95,1,331.57,0.16,278.52,PayPal,Mobile
3038,2911,20260612,19,256,99,4,77.86,0.02,305.21,Debit Card,Mobile
3039,772,20260718,37,144,18,3,363.18,0.17,904.32,PayPal,Desktop
3040,2183,20260722,29,165,83,3,383.37,0.03,1115.61,Credit Card,Desktop
3041,2669,20260927,24,1585,6,3,457.1,0.02,1343.87,Credit Card,Mobile
3042,742,20260515,34,1942,58,4,306.28,0.21,967.84,PayPal,Desktop
3043,2566,20260628,15,1316,3,1,657.48,0.3,460.24,Credit Card,Mobile
3044,615,20260110,22,1298,2,1,167.32,0.22,130.51,Credit Card,Desktop
3045,2342,20261117,49,1985,3,2,84.32,0.08,155.15,Debit Card,Desktop
3046,3486,20260318,13,836,78,3,995.69,0.05,2837.72,Credit Card,Mobile
3047,3631,20261121,3,28,64,2,582.75,0.12,1025.64,PayPal,Mobile
3048,3218,20260111,12,1853,50,2,943.4,0.24,1433.97,PayPal,Desktop
3049,1849,20260313,24,490,61,1,296.58,0.24,225.4,PayPal,Desktop
3050,3622,20260113,45,189,83,4,712.42,0.1,2564.71,Debit Card,Desktop
3051,1506,20260720,27,1390,100,4,948.74,0.29,2694.42,Debit Card,Desktop
3052,2020,20260126,14,742,83,1,734.34,0.16,616.85,Debit Card,Desktop
3053,269,20260710,18,780,84,4,257.93,0.1,928.55,Debit Card,Desktop
3054,2729,20260701,48,1788,35,2,931.1,0.15,1582.87,PayPal,Mobile
3055,2709,20260601,23,1342,71,3,583.49,0.26,1295.35,Debit Card,Mobile
3056,1605,20260802,20,1061,41,1,840.52,0.06,790.09,Credit Card,Mobile
3057,1937,20260116,24,1075,61,3,867.64,0.24,1978.22,Credit Card,Desktop
3058,1674,20260505,50,1647,79,4,201.11,0.27,587.24,PayPal,Mobile
3059,999,20261203,47,882,77,3,837.66,0.08,2311.94,PayPal,Desktop
3060,2966,20261002,20,654,8,4,80.09,0.01,317.16,Debit Card,Mobile
3061,1899,20261102,11,1501,2,4,216.13,0.08,795.36,Credit Card,Desktop
3062,3106,20260411,39,1554,26,2,316.35,0.28,455.54,PayPal,Mobile
3063,3025,20261223,32,1858,19,4,494.07,0.07,1837.94,PayPal,Desktop
3064,2732,20260519,41,1986,88,2,653.19,0.28,940.59,Credit Card,Mobile
3065,565,20261015,22,1146,45,2,929.11,0.02,1821.06,Credit Card,Desktop
3066,2606,20260120,1,615,44,2,692.75,0.21,1094.55,Credit Card,Mobile
3067,930,20261015,5,286,60,1,139.5,0.06,131.13,PayPal,Desktop
3068,3377,20261217,15,1538,63,1,702.33,0.21,554.84,PayPal,Desktop
3069,3710,20260407,7,229,19,4,124.74,0.22,389.19,Credit Card,Desktop
3070,684,20261022,26,734,24,2,77.73,0.3,108.82,Debit Card,Desktop
3071,1558,20260318,12,1651,86,1,573.79,0.25,430.34,Debit Card,Mobile
3072,916,20261221,34,395,71,2,98.56,0.11,175.44,PayPal,Desktop
3073,1064,20260628,41,1550,56,3,327.93,0.29,698.49,Credit Card,Mobile
3074,1953,20261027,43,1848,39,3,270.54,0.03,787.27,Debit Card,Desktop
3075,1859,20260610,45,65,98,3,768.01,0.07,2142.75,Debit Card,Mobile
3076,1703,20260831,30,410,32,4,227.15,0.25,681.45,Debit Card,Desktop
3077,3465,20260717,6,1368,41,2,140.69,0.25,211.03,Debit Card,Desktop
3078,3061,20260805,11,1559,55,3,733.18,0.23,1693.65,Debit Card,Mobile
3079,1055,20260330,34,243,66,1,765.59,0.01,757.93,PayPal,Desktop
3080,3822,20260720,4,869,74,3,201.79,0.18,496.4,Credit Card,Mobile
3081,3237,20261105,16,1891,80,3,840.65,0.07,2345.41,PayPal,Desktop
3082,243,20260207,20,688,5,3,464.04,0.15,1183.3,PayPal,Desktop
3083,3759,20261112,9,1873,87,4,830.43,0.16,2790.24,PayPal,Desktop
3084,3882,20260814,12,1951,98,1,266.19,0.24,202.3,Credit Card,Desktop
3085,2278,20260428,34,1961,5,2,836.4,0.16,1405.15,Debit Card,Desktop
3086,235,20260216,10,757,78,1,674.69,0.2,539.75,Credit Card,Desktop
3087,593,20260602,36,360,93,2,397.95,0.26,588.97,Credit Card,Mobile
3088,3143,20260507,24,905,49,4,292.58,0.14,1006.48,Debit Card,Mobile
3089,1357,20261107,19,1210,4,4,629.15,0.03,2441.1,PayPal,Desktop
3090,2136,20261118,46,416,83,4,295.82,0.27,863.79,Debit Card,Mobile
3091,3750,20260812,6,1816,5,4,888.79,0.11,3164.09,PayPal,Mobile
3092,487,20261207,44,1316,14,2,982.26,0.15,1669.84,Debit Card,Mobile
3093,3886,20260728,44,1918,60,3,189.72,0.18,466.71,PayPal,Mobile
3094,3314,20260719,5,1864,58,2,908.09,0.29,1289.49,Credit Card,Mobile
3095,2808,20260918,40,171,96,1,155.97,0.13,135.69,Credit Card,Desktop
3096,402,20260428,38,1127,32,4,829.09,0.05,3150.54,Debit Card,Mobile
3097,1783,20260614,50,992,15,4,470.52,0.2,1505.66,Credit Card,Desktop
3098,1997,20260312,1,906,83,1,586.64,0.2,469.31,Debit Card,Desktop
3099,332,20261101,24,1769,26,2,753.46,0.25,1130.19,Credit Card,Desktop
3100,728,20260521,1,269,100,3,351.91,0.0,1055.73,PayPal,Desktop
3101,2511,20260924,3,1817,28,3,281.83,0.15,718.67,PayPal,Desktop
3102,2435,20261123,21,1031,52,1,378.91,0.02,371.33,Debit Card,Desktop
3103,1115,20260125,1,1239,100,3,275.85,0.23,637.21,PayPal,Mobile
3104,2783,20260520,23,610,81,2,437.68,0.21,691.53,Credit Card,Mobile
3105,395,20260503,3,155,32,2,799.37,0.16,1342.94,PayPal,Mobile
3106,3074,20260817,21,206,32,1,213.9,0.01,211.76,Credit Card,Desktop
3107,655,20260712,10,6,13,2,107.1,0.16,179.93,Credit Card,Mobile
3108,3158,20260705,36,1516,26,4,806.29,0.05,3063.9,PayPal,Mobile
3109,3194,20261211,41,842,29,1,417.4,0.04,400.7,Debit Card,Mobile
3110,2787,20260502,6,1329,90,2,560.6,0.2,896.96,Debit Card,Mobile
3111,2091,20260714,38,1447,40,1,620.22,0.14,533.39,PayPal,Desktop
3112,95,20260808,23,266,11,3,508.04,0.01,1508.88,Debit Card,Mobile
3113,1871,20260126,8,889,31,2,968.2,0.27,1413.57,Debit Card,Desktop
3114,3433,20260115,39,657,14,4,804.73,0.2,2575.14,Credit Card,Mobile
3115,3133,20260823,8,1807,100,2,56.1,0.11,99.86,PayPal,Mobile
3116,1482,20261115,17,1915,47,1,301.59,0.19,244.29,Debit Card,Desktop
3117,1596,20260314,8,1229,24,1,635.99,0.1,572.39,Debit Card,Desktop
3118,3008,20260913,44,1661,15,2,124.33,0.13,216.33,PayPal,Desktop
3119,1452,20260314,26,219,18,4,854.13,0.07,3177.36,PayPal,Desktop
3120,897,20260715,2,763,47,4,927.48,0.13,3227.63,Debit Card,Mobile
3121,3491,20260823,34,979,96,4,143.52,0.16,482.23,Debit Card,Mobile
3122,2685,20260326,46,1560,37,1,742.97,0.07,690.96,PayPal,Desktop
3123,3629,20260205,25,361,64,2,336.83,0.24,511.98,Debit Card,Mobile
3124,453,20260422,5,1650,59,3,50.81,0.29,108.23,Debit Card,Mobile
3125,419,20261217,24,381,38,1,333.28,0.19,269.96,PayPal,Mobile
3126,3020,20260227,27,425,54,4,620.92,0.3,1738.58,Debit Card,Desktop
3127,1545,20260114,35,1158,50,2,849.63,0.12,1495.35,PayPal,Desktop
3128,3193,20260112,15,7,4,4,255.63,0.17,848.69,Debit Card,Mobile
3129,934,20260907,26,1493,30,3,698.77,0.28,1509.34,PayPal,Mobile
3130,3900,20260626,10,1597,91,4,597.82,0.05,2271.72,PayPal,Mobile
3131,237,20261205,25,676,77,4,661.66,0.14,2276.11,Credit Card,Desktop
3132,1545,20260202,48,1919,88,3,91.5,0.08,252.54,Credit Card,Mobile
3133,2104,20260211,11,576,62,2,566.06,0.05,1075.51,Credit Card,Mobile
3134,2853,20260111,38,1583,52,1,133.13,0.03,129.14,PayPal,Mobile
3135,2511,20260903,47,1619,94,2,367.93,0.13,640.2,PayPal,Desktop
3136,2517,20261023,29,1279,77,3,503.21,0.09,1373.76,Credit Card,Desktop
3137,2009,20260324,8,227,36,4,933.37,0.04,3584.14,PayPal,Desktop
3138,3022,20260621,7,1133,80,2,988.45,0.11,1759.44,PayPal,Mobile
3139,2589,20260105,44,1750,91,1,461.04,0.15,391.88,Debit Card,Desktop
3140,3396,20260505,7,345,77,3,139.98,0.12,369.55,Debit Card,Desktop
3141,3551,20260630,49,849,14,2,476.2,0.05,904.78,Debit Card,Desktop
3142,2297,20261108,33,146,12,1,439.99,0.15,373.99,PayPal,Mobile
3143,2656,20260927,38,1817,75,3,860.3,0.21,2038.91,Credit Card,Desktop
3144,194,20260929,8,1564,27,1,979.13,0.05,930.17,PayPal,Mobile
3145,1426,20260913,13,1629,88,3,123.02,0.3,258.34,PayPal,Mobile
3146,2831,20260228,13,864,16,4,419.57,0.24,1275.49,Credit Card,Mobile
3147,1097,20260829,38,76,97,2,633.22,0.16,1063.81,Credit Card,Desktop
3148,1951,20261219,44,335,77,1,621.95,0.02,609.51,Debit Card,Desktop
3149,922,20260710,22,1424,54,3,540.09,0.1,1458.24,Credit Card,Mobile
3150,3001,20260320,14,1237,81,1,507.74,0.08,467.12,Credit Card,Mobile
3151,434,20260614,29,1657,35,1,788.34,0.27,575.49,Credit Card,Mobile
3152,2578,20260615,48,1727,33,2,579.77,0.26,858.06,Debit Card,Desktop
3153,2881,20260402,12,1448,25,4,909.37,0.03,3528.36,Debit Card,Mobile
3154,2341,20260304,39,535,46,1,711.4,0.12,626.03,Debit Card,Mobile
3155,1304,20260417,15,193,41,3,737.16,0.17,1835.53,Debit Card,Mobile
3156,3162,20260127,31,1225,52,3,622.95,0.0,1868.85,PayPal,Desktop
3157,2850,20261115,43,627,47,4,93.83,0.18,307.76,PayPal,Desktop
3158,132,20260311,36,1535,79,3,648.16,0.27,1419.47,PayPal,Mobile
3159,3181,20261226,13,674,84,4,152.23,0.15,517.58,Credit Card,Desktop
3160,845,20260725,14,1973,80,3,532.81,0.02,1566.46,Debit Card,Mobile
3161,558,20260808,8,981,85,2,480.18,0.14,825.91,Credit Card,Desktop
3162,544,20260106,42,352,83,1,721.03,0.05,684.98,Credit Card,Desktop
3163,3244,20260218,47,471,8,2,703.93,0.16,1182.6,Debit Card,Mobile
3164,1264,20260405,1,193,70,1,746.84,0.13,649.75,Credit Card,Desktop
3165,3982,20260529,36,1788,35,1,305.03,0.09,277.58,Credit Card,Mobile
3166,3428,20260322,49,754,1,1,708.47,0.07,658.88,PayPal,Desktop
3167,3842,20260813,6,242,86,2,440.79,0.21,696.45,PayPal,Desktop
3168,1123,20261203,1,1255,74,1,111.87,0.1,100.68,Debit Card,Mobile
3169,2209,20260608,40,1448,9,2,520.24,0.06,978.05,Credit Card,Desktop
3170,550,20260120,20,1718,42,4,353.92,0.25,1061.76,Credit Card,Mobile
3171,3523,20260918,5,1367,100,3,913.83,0.05,2604.42,Credit Card,Mobile
3172,2526,20261126,18,372,96,3,239.65,0.11,639.87,PayPal,Mobile
3173,1968,20260119,25,1457,49,1,652.46,0.05,619.84,Debit Card,Desktop
3174,1422,20261104,15,475,69,2,214.61,0.05,407.76,Debit Card,Mobile
3175,2561,20261019,35,1603,97,3,287.55,0.25,646.99,Credit Card,Mobile
3176,1252,20261115,9,575,84,2,803.4,0.24,1221.17,PayPal,Mobile
3177,728,20260531,33,1526,25,2,52.09,0.13,90.64,Debit Card,Desktop
3178,2120,20260408,35,1239,30,1,241.49,0.09,219.76,Credit Card,Desktop
3179,3921,20260417,48,1079,49,3,499.01,0.03,1452.12,Debit Card,Desktop
3180,1483,20260120,19,360,37,1,532.34,0.23,409.9,Credit Card,Mobile
3181,2272,20260716,22,704,3,1,946.59,0.28,681.54,Debit Card,Desktop
3182,2366,20260415,23,335,98,3,373.02,0.25,839.29,PayPal,Desktop
3183,1965,20261108,41,1773,2,3,308.38,0.3,647.6,Credit Card,Desktop
3184,1339,20261106,14,661,77,4,879.94,0.13,3062.19,Credit Card,Desktop
3185,511,20260727,36,1072,26,4,361.73,0.08,1331.17,Credit Card,Mobile
3186,559,20261031,36,1042,59,2,808.26,0.1,1454.87,Credit Card,Desktop
3187,1647,20260526,43,773,67,3,752.59,0.18,1851.37,Debit Card,Desktop
3188,1058,20260819,30,34,53,4,609.59,0.18,1999.46,PayPal,Mobile
3189,92,20260823,28,1197,7,2,715.27,0.26,1058.6,Credit Card,Desktop
3190,108,20261115,49,441,68,2,468.3,0.02,917.87,Debit Card,Desktop
3191,1469,20260222,27,886,94,2,369.89,0.14,636.21,Debit Card,Mobile
3192,2070,20261201,28,1933,3,4,371.77,0.16,1249.15,PayPal,Mobile
3193,2306,20260716,47,1399,24,3,516.83,0.09,1410.95,Credit Card,Desktop
3194,2502,20261222,41,891,74,1,247.11,0.29,175.45,PayPal,Desktop
3195,1140,20260110,21,1556,3,2,888.8,0.3,1244.32,PayPal,Desktop
3196,3240,20260729,15,993,44,4,438.1,0.21,1384.4,Debit Card,Mobile
3197,1083,20260311,12,1629,72,4,833.58,0.22,2600.77,Debit Card,Mobile
3198,688,20260830,22,1642,58,1,839.87,0.16,705.49,Credit Card,Desktop
3199,3532,20260118,44,1760,31,1,852.26,0.1,767.03,PayPal,Desktop
3200,707,20261228,49,771,39,4,999.04,0.13,3476.66,PayPal,Mobile
3201,2119,20261119,42,589,74,3,440.71,0.23,1018.04,Credit Card,Desktop
3202,803,20261014,21,1049,45,1,874.76,0.2,699.81,Credit Card,Mobile
3203,3130,20260213,10,900,71,4,70.65,0.02,276.95,PayPal,Desktop
3204,2501,20261104,42,427,1,1,366.79,0.29,260.42,Debit Card,Desktop
3205,2006,20260317,30,718,68,3,911.22,0.27,1995.57,Debit Card,Desktop
3206,1700,20260125,10,106,25,2,896.96,0.12,1578.65,PayPal,Desktop
3207,866,20260421,41,1219,34,1,291.04,0.2,232.83,Debit Card,Desktop
3208,2762,20260506,10,402,29,3,271.0,0.16,682.92,Debit Card,Desktop
3209,3450,20261214,48,1848,7,4,450.59,0.14,1550.03,Debit Card,Mobile
3210,3549,20260305,23,945,60,1,891.61,0.09,811.37,Debit Card,Mobile
3211,1004,20261212,26,911,69,1,442.8,0.04,425.09,Debit Card,Mobile
3212,3748,20260918,39,1001,64,4,633.54,0.27,1849.94,Debit Card,Desktop
3213,2663,20260711,16,1928,37,2,632.61,0.21,999.52,PayPal,Desktop
3214,1828,20260312,48,942,33,4,608.06,0.25,1824.18,Credit Card,Mobile
3215,1947,20260901,19,52,34,1,419.83,0.13,365.25,Credit Card,Mobile
3216,1263,20260903,39,912,45,4,450.19,0.11,1602.68,Credit Card,Desktop
3217,3140,20260215,14,1335,100,3,122.23,0.23,282.35,Credit Card,Mobile
3218,2636,20261115,46,96,74,4,608.94,0.24,1851.18,Debit Card,Mobile
3219,2074,20260729,10,496,96,1,403.97,0.11,359.53,Debit Card,Desktop
3220,3279,20260625,22,1341,85,4,281.96,0.29,800.77,Debit Card,Desktop
3221,821,20260506,44,267,53,2,374.86,0.05,712.23,Debit Card,Mobile
3222,3124,20261120,1,1765,5,4,699.36,0.27,2042.13,Debit Card,Desktop
3223,323,20260115,5,123,95,2,862.69,0.17,1432.07,Credit Card,Desktop
3224,3378,20261027,27,160,11,3,990.12,0.2,2376.29,PayPal,Desktop
3225,417,20260610,44,1817,41,2,993.94,0.03,1928.24,PayPal,Mobile
3226,1747,20260818,5,639,94,4,798.18,0.08,2937.3,Debit Card,Desktop
3227,2634,20260818,49,1327,53,1,453.8,0.03,440.19,PayPal,Desktop
3228,3003,20261209,38,843,52,2,50.06,0.22,78.09,PayPal,Desktop
3229,65,20261008,48,764,92,3,891.17,0.21,2112.07,Credit Card,Desktop
3230,1536,20260726,2,1079,83,2,375.94,0.18,616.54,PayPal,Mobile
3231,2834,20260522,15,8,94,2,732.41,0.21,1157.21,Credit Card,Mobile
3232,72,20260912,21,570,62,2,451.67,0.09,822.04,PayPal,Mobile
3233,638,20261116,5,519,8,3,558.28,0.05,1591.1,Debit Card,Mobile
3234,1541,20260421,3,632,63,4,881.89,0.16,2963.15,Debit Card,Desktop
3235,370,20260505,17,930,94,2,252.55,0.18,414.18,PayPal,Desktop
3236,1239,20260327,9,6,25,2,298.09,0.09,542.52,Debit Card,Desktop
3237,3057,20260525,44,341,93,1,147.96,0.28,106.53,Credit Card,Desktop
3238,337,20261127,35,1876,96,3,264.38,0.11,705.89,PayPal,Desktop
3239,2036,20260731,31,620,13,2,344.59,0.26,509.99,Credit Card,Mobile
3240,2762,20260415,13,18,19,3,922.74,0.02,2712.86,Debit Card,Desktop
3241,1714,20260411,50,652,69,2,304.16,0.28,437.99,Credit Card,Desktop
3242,3178,20260418,35,747,82,4,953.32,0.28,2745.56,Credit Card,Mobile
3243,3592,20260908,40,1653,80,4,572.86,0.1,2062.3,Credit Card,Desktop
3244,312,20261228,11,1989,71,2,891.88,0.24,1355.66,Debit Card,Desktop
3245,3986,20260704,8,772,59,4,817.27,0.25,2451.81,Debit Card,Mobile
3246,398,20260421,38,452,40,2,561.14,0.28,808.04,PayPal,Mobile
3247,3000,20261008,4,402,69,4,896.95,0.23,2762.61,Credit Card,Desktop
3248,2486,20260717,12,639,21,1,229.62,0.04,220.44,Credit Card,Desktop
3249,3126,20261022,4,1722,76,1,490.14,0.25,367.61,PayPal,Mobile
3250,1935,20260330,13,605,12,1,110.15,0.09,100.24,Credit Card,Desktop
3251,1362,20260725,42,730,47,3,133.72,0.07,373.08,Credit Card,Mobile
3252,242,20260202,20,608,2,3,354.69,0.01,1053.43,Debit Card,Desktop
3253,3661,20260930,4,1263,95,1,133.55,0.21,105.5,Debit Card,Desktop
3254,1282,20261111,21,936,53,3,571.58,0.2,1371.79,PayPal,Desktop
3255,3631,20260502,20,246,72,4,761.85,0.09,2773.13,PayPal,Mobile
3256,3846,20261102,40,1757,77,2,611.46,0.04,1174.0,Debit Card,Desktop
3257,337,20260320,40,1879,94,2,102.32,0.09,186.22,Credit Card,Mobile
3258,3065,20260803,25,1313,49,2,973.11,0.28,1401.28,PayPal,Mobile
3259,3442,20260109,45,1489,68,1,105.93,0.23,81.57,PayPal,Mobile
3260,3032,20260323,8,829,69,3,680.95,0.04,1961.14,Credit Card,Desktop
3261,343,20260915,41,1661,64,4,928.8,0.05,3529.44,Debit Card,Desktop
3262,2533,20260329,37,1596,49,4,667.86,0.11,2377.58,Credit Card,Mobile
3263,2347,20260928,46,177,96,1,233.88,0.08,215.17,Credit Card,Mobile
3264,3276,20260626,41,1298,82,4,590.27,0.04,2266.64,Debit Card,Desktop
3265,1868,20260308,4,1441,26,4,772.06,0.17,2563.24,Credit Card,Mobile
3266,1898,20260116,18,1145,44,4,94.3,0.19,305.53,PayPal,Desktop
3267,1897,20260307,8,297,79,4,291.38,0.06,1095.59,Debit Card,Mobile
3268,3324,20260601,3,679,87,3,367.94,0.27,805.79,PayPal,Mobile
3269,3882,20261228,34,819,3,4,933.26,0.27,2725.12,Debit Card,Mobile
3270,3832,20260528,12,537,2,2,574.8,0.05,1092.12,Debit Card,Desktop
3271,3911,20260603,26,1419,78,1,892.09,0.08,820.72,Debit Card,Mobile
3272,2600,20261024,33,1991,94,3,72.13,0.26,160.13,PayPal,Desktop
3273,837,20260812,3,193,50,4,422.54,0.21,1335.23,Debit Card,Desktop
3274,2290,20260809,32,1088,66,3,815.0,0.07,2273.85,PayPal,Desktop
3275,3733,20260715,40,1277,31,4,380.21,0.21,1201.46,Credit Card,Mobile
3276,2651,20260719,9,1813,18,2,676.05,0.02,1325.06,PayPal,Mobile
3277,3556,20260215,13,1139,49,1,992.68,0.24,754.44,Credit Card,Desktop
3278,3086,20260904,29,1849,11,4,839.17,0.08,3088.15,PayPal,Mobile
3279,497,20260420,49,1477,94,4,533.49,0.06,2005.92,Debit Card,Desktop
3280,2333,20260506,19,631,10,4,582.11,0.29,1653.19,PayPal,Mobile
3281,196,20260513,24,478,40,4,486.62,0.17,1615.58,Debit Card,Mobile
3282,381,20261015,48,838,61,1,277.4,0.11,246.89,Credit Card,Mobile
3283,2694,20261016,47,807,64,1,364.81,0.07,339.27,Credit Card,Desktop
3284,2568,20260919,34,1533,99,2,771.18,0.12,1357.28,Debit Card,Desktop
3285,3650,20260714,11,753,100,1,704.33,0.04,676.16,PayPal,Mobile
3286,2198,20260323,1,1557,98,4,549.26,0.05,2087.19,Credit Card,Mobile
3287,1790,20260320,33,1054,44,2,283.2,0.06,532.42,Debit Card,Desktop
3288,3714,20261215,27,1309,64,2,945.02,0.13,1644.33,PayPal,Mobile
3289,3284,20261109,36,449,62,2,951.64,0.08,1751.02,Debit Card,Desktop
3290,1372,20261022,10,163,30,4,359.18,0.17,1192.48,Debit Card,Mobile
3291,1412,20260211,44,1613,91,3,940.75,0.1,2540.03,Debit Card,Mobile
3292,2202,20260915,46,937,36,4,715.02,0.15,2431.07,Credit Card,Mobile
3293,1581,20261228,44,1818,21,1,654.31,0.29,464.56,Debit Card,Desktop
3294,2671,20260615,8,1618,79,1,772.58,0.25,579.44,PayPal,Desktop
3295,2512,20260806,27,729,41,4,294.31,0.07,1094.83,Credit Card,Desktop
3296,2505,20261125,26,903,68,4,464.04,0.27,1355.0,PayPal,Desktop
3297,3314,20260502,4,1159,27,2,938.6,0.0,1877.2,Debit Card,Mobile
3298,786,20260201,3,176,98,4,843.32,0.12,2968.49,PayPal,Desktop
3299,707,20261022,18,297,17,2,501.63,0.19,812.64,PayPal,Desktop
3300,3164,20261005,43,1230,22,1,802.29,0.06,754.15,Debit Card,Desktop
3301,2130,20260730,50,521,56,2,575.63,0.17,955.55,PayPal,Mobile
3302,3977,20260212,3,563,2,4,814.24,0.26,2410.15,Credit Card,Mobile
3303,3500,20260603,22,1783,29,1,575.87,0.02,564.35,Debit Card,Mobile
3304,1640,20260711,48,996,14,3,804.83,0.16,2028.17,Debit Card,Desktop
3305,1414,20260514,16,1200,20,2,308.94,0.26,457.23,Debit Card,Mobile
3306,1095,20261111,48,1689,52,1,896.0,0.15,761.6,PayPal,Mobile
3307,3070,20260911,14,810,90,2,179.23,0.19,290.35,Debit Card,Mobile
3308,2174,20260224,23,838,57,1,619.34,0.05,588.37,PayPal,Mobile
3309,351,20260914,23,1987,42,1,396.21,0.01,392.25,PayPal,Mobile
3310,2037,20261013,30,697,41,2,283.61,0.01,561.55,PayPal,Mobile
3311,1708,20260215,17,446,78,3,918.48,0.12,2424.79,Debit Card,Desktop
3312,3066,20260902,26,6,58,1,659.28,0.08,606.54,PayPal,Mobile
3313,3201,20260904,37,1428,73,1,838.63,0.02,821.86,Credit Card,Mobile
3314,628,20260822,37,1388,89,1,509.11,0.11,453.11,Debit Card,Desktop
3315,677,20260219,22,422,87,3,803.79,0.18,1977.32,Credit Card,Desktop
3316,3111,20260522,44,1557,32,3,638.92,0.05,1820.92,PayPal,Desktop
3317,1823,20261206,28,718,49,4,591.85,0.08,2178.01,Debit Card,Mobile
3318,2971,20260904,40,540,84,2,67.8,0.1,122.04,PayPal,Mobile
3319,3137,20261123,28,1100,61,3,843.58,0.07,2353.59,PayPal,Desktop
3320,2309,20260222,12,1948,19,2,369.47,0.12,650.27,PayPal,Mobile
3321,3677,20261026,4,998,52,4,302.35,0.18,991.71,PayPal,Mobile
3322,1475,20260602,38,950,60,2,871.87,0.1,1569.37,Credit Card,Mobile
3323,1365,20261206,42,517,60,3,95.35,0.04,274.61,Debit Card,Mobile
3324,2717,20260528,5,1677,85,2,633.83,0.08,1166.25,Debit Card,Desktop
3325,1919,20260310,33,690,52,3,214.3,0.28,462.89,Debit Card,Mobile
3326,2996,20260425,41,1000,40,2,375.48,0.19,608.28,Credit Card,Desktop
3327,1916,20261001,14,1269,86,3,362.36,0.19,880.53,Debit Card,Mobile
3328,3960,20260502,24,716,71,3,867.67,0.16,2186.53,Credit Card,Desktop
3329,1999,20260906,24,1901,65,2,759.5,0.09,1382.29,Credit Card,Desktop
3330,3728,20260726,34,1584,34,4,92.1,0.24,279.98,PayPal,Mobile
3331,3038,20260410,48,1342,82,1,440.02,0.07,409.22,Debit Card,Desktop
3332,1031,20260101,26,1653,76,4,335.55,0.14,1154.29,Debit Card,Mobile
3333,2417,20260511,32,1476,89,2,743.06,0.15,1263.2,Credit Card,Desktop
3334,2343,20260305,22,86,67,4,578.17,0.21,1827.02,PayPal,Mobile
3335,3140,20260913,26,76,16,3,941.89,0.11,2514.85,Debit Card,Mobile
3336,80,20260408,5,943,45,1,628.06,0.12,552.69,PayPal,Mobile
3337,1796,20261204,48,73,50,2,854.06,0.23,1315.25,Debit Card,Desktop
3338,2871,20261022,39,365,68,2,81.77,0.16,137.37,Debit Card,Desktop
3339,640,20261215,8,1535,47,2,142.97,0.27,208.74,PayPal,Mobile
3340,2398,20261207,28,912,52,1,572.19,0.24,434.86,PayPal,Mobile
3341,1994,20260630,16,754,87,3,998.3,0.24,2276.12,Debit Card,Desktop
3342,545,20260124,35,1103,28,2,514.6,0.14,885.11,Debit Card,Mobile
3343,437,20260420,49,398,79,4,268.96,0.1,968.26,Credit Card,Mobile
3344,3731,20260520,20,338,64,2,230.08,0.18,377.33,PayPal,Desktop
3345,2755,20261111,15,643,62,2,265.38,0.12,467.07,PayPal,Desktop
3346,3895,20260815,45,549,67,2,780.19,0.27,1139.08,Credit Card,Mobile
3347,2735,20261227,1,1361,7,2,779.26,0.29,1106.55,Debit Card,Mobile
3348,1495,20260706,36,1667,20,3,785.47,0.13,2050.08,Debit Card,Mobile
3349,744,20260920,43,851,31,4,215.4,0.25,646.2,PayPal,Desktop
3350,3277,20261030,5,290,65,3,948.68,0.21,2248.37,PayPal,Desktop
3351,3319,20260808,9,1377,17,4,942.03,0.03,3655.08,Credit Card,Mobile
3352,1321,20260208,11,1649,49,2,300.66,0.2,481.06,Credit Card,Mobile
3353,2325,20261027,10,1727,43,1,514.77,0.19,416.96,PayPal,Desktop
3354,1850,20260721,17,1289,81,3,977.91,0.23,2258.97,Debit Card,Desktop
3355,2812,20260710,21,574,37,1,715.06,0.05,679.31,Credit Card,Mobile
3356,2181,20260924,43,1741,98,3,142.68,0.23,329.59,PayPal,Desktop
3357,769,20260213,33,1980,3,2,253.14,0.28,364.52,PayPal,Desktop
3358,2655,20260315,42,1106,13,3,105.04,0.17,261.55,PayPal,Mobile
3359,2102,20260816,20,1599,13,2,845.63,0.22,1319.18,PayPal,Desktop
3360,2748,20260912,9,340,4,3,942.14,0.08,2600.31,Credit Card,Desktop
3361,1326,20261205,18,1997,8,2,546.12,0.06,1026.71,Credit Card,Mobile
3362,3734,20260405,25,24,26,2,470.77,0.16,790.89,Credit Card,Desktop
3363,1978,20260722,3,1500,74,4,924.13,0.14,3179.01,Credit Card,Desktop
3364,3979,20261205,35,486,100,2,681.76,0.13,1186.26,Debit Card,Desktop
3365,1980,20260315,27,1340,62,4,753.44,0.11,2682.25,PayPal,Mobile
3366,2044,20261122,10,86,37,2,445.23,0.29,632.23,PayPal,Desktop
3367,2053,20261015,25,1667,74,1,96.86,0.09,88.14,Credit Card,Mobile
3368,1586,20260426,20,1341,43,2,891.75,0.2,1426.8,Debit Card,Desktop
3369,2412,20261111,40,171,52,1,457.93,0.09,416.72,Credit Card,Desktop
3370,84,20261217,25,1607,33,1,765.09,0.18,627.37,PayPal,Mobile
3371,2643,20261017,1,470,39,2,733.35,0.23,1129.36,Credit Card,Desktop
3372,2442,20261205,29,1399,7,1,998.15,0.21,788.54,Credit Card,Mobile
3373,1627,20260711,35,292,75,4,580.72,0.03,2253.19,Debit Card,Desktop
3374,3936,20260106,22,1889,32,3,489.25,0.05,1394.36,Credit Card,Mobile
3375,3199,20261123,22,1951,22,2,906.26,0.22,1413.77,Debit Card,Mobile
3376,3011,20260313,49,52,71,1,215.52,0.13,187.5,PayPal,Desktop
3377,580,20260707,39,475,26,2,803.03,0.15,1365.15,Debit Card,Mobile
3378,3438,20260915,40,1309,11,4,836.18,0.06,3144.04,Credit Card,Desktop
3379,1337,20260705,6,984,40,2,476.2,0.27,695.25,Debit Card,Desktop
3380,2892,20260713,23,251,4,2,595.21,0.23,916.62,Credit Card,Mobile
3381,363,20260605,10,1866,70,1,94.73,0.24,71.99,Credit Card,Mobile
3382,3898,20260214,41,1194,91,4,592.79,0.11,2110.33,Debit Card,Mobile
3383,2470,20260423,30,205,64,3,371.93,0.23,859.16,Debit Card,Mobile
3384,1415,20260906,27,1025,58,3,714.3,0.06,2014.33,Credit Card,Desktop
3385,2862,20260207,25,10,43,1,173.09,0.27,126.36,Credit Card,Desktop
3386,2600,20260510,41,1138,76,2,563.83,0.07,1048.72,Debit Card,Mobile
3387,473,20260503,49,1142,59,1,475.81,0.17,394.92,Debit Card,Desktop
3388,249,20260826,1,795,36,1,872.39,0.13,758.98,Credit Card,Desktop
3389,2927,20260616,38,1637,92,1,944.66,0.2,755.73,Debit Card,Mobile
3390,969,20260210,3,467,29,2,657.1,0.14,1130.21,Credit Card,Desktop
3391,2960,20261025,47,925,43,4,801.68,0.22,2501.24,Debit Card,Desktop
3392,2224,20260624,18,1837,69,1,160.49,0.0,160.49,Credit Card,Desktop
3393,3285,20261225,14,1728,15,2,879.58,0.13,1530.47,PayPal,Mobile
3394,3462,20260626,19,333,62,4,417.67,0.26,1236.3,Credit Card,Desktop
3395,3848,20261101,24,1675,75,1,790.48,0.18,648.19,PayPal,Desktop
3396,441,20260902,4,992,74,3,442.88,0.04,1275.49,Debit Card,Desktop
3397,2760,20260607,48,720,54,4,887.06,0.11,3157.93,Debit Card,Desktop
3398,622,20260318,11,794,88,1,536.15,0.24,407.47,PayPal,Mobile
3399,2787,20260601,2,1553,27,4,531.56,0.08,1956.14,PayPal,Mobile
3400,1558,20261108,34,1758,45,4,532.1,0.29,1511.16,PayPal,Desktop
3401,2418,20260106,47,1224,24,4,850.71,0.11,3028.53,PayPal,Desktop
3402,1679,20260204,36,976,5,4,257.56,0.04,989.03,PayPal,Desktop
3403,1535,20260814,30,84,97,4,895.85,0.13,3117.56,PayPal,Mobile
3404,592,20261019,25,457,64,4,586.75,0.25,1760.25,Debit Card,Mobile
3405,226,20260816,29,1556,31,1,116.27,0.24,88.37,Debit Card,Mobile
3406,768,20260308,43,1625,5,3,576.2,0.13,1503.88,Debit Card,Mobile
3407,2804,20260528,50,496,7,2,241.63,0.07,449.43,Credit Card,Mobile
3408,1147,20261112,25,47,52,4,609.92,0.07,2268.9,PayPal,Mobile
3409,2899,20260713,15,1393,1,2,587.7,0.29,834.53,Debit Card,Desktop
3410,2203,20261202,26,662,100,1,173.99,0.1,156.59,Credit Card,Desktop
3411,1976,20260216,46,1710,7,4,179.71,0.1,646.96,Credit Card,Desktop
3412,2277,20260516,22,589,69,3,291.12,0.27,637.55,Debit Card,Desktop
3413,2588,20260506,49,1567,67,2,151.3,0.29,214.85,Credit Card,Desktop
3414,3705,20260327,10,1085,1,4,394.0,0.29,1118.96,Debit Card,Mobile
3415,3976,20260816,9,748,43,1,439.69,0.3,307.78,Credit Card,Desktop
3416,2256,20261013,34,1306,58,3,866.66,0.29,1845.99,PayPal,Desktop
3417,2958,20260115,38,1948,17,2,694.8,0.01,1375.7,Credit Card,Mobile
3418,141,20260508,6,1273,92,2,893.33,0.28,1286.4,Debit Card,Desktop
3419,3178,20260801,37,1356,17,4,926.38,0.29,2630.92,PayPal,Desktop
3420,3768,20261017,34,1018,26,3,548.26,0.15,1398.06,PayPal,Mobile
3421,2325,20260509,24,1633,53,3,811.37,0.24,1849.92,Credit Card,Mobile
3422,1269,20260831,20,236,55,3,919.93,0.17,2290.63,Credit Card,Mobile
3423,2075,20260410,1,965,1,3,772.23,0.16,1946.02,Credit Card,Desktop
3424,1998,20260210,20,694,88,1,716.5,0.05,680.67,Credit Card,Mobile
3425,2881,20260111,42,1541,1,3,189.78,0.05,540.87,Credit Card,Desktop
3426,274,20260704,26,565,68,2,332.68,0.28,479.06,Debit Card,Mobile
3427,3558,20261204,18,832,54,2,871.64,0.02,1708.41,Credit Card,Desktop
3428,401,20260613,23,351,52,1,667.72,0.01,661.04,PayPal,Desktop
3429,942,20260510,47,816,8,2,311.99,0.25,467.99,Debit Card,Desktop
3430,3298,20260530,13,414,2,2,748.2,0.28,1077.41,PayPal,Desktop
3431,975,20260917,45,1138,28,3,954.73,0.04,2749.62,Debit Card,Mobile
3432,1064,20260807,22,913,77,2,96.53,0.03,187.27,Credit Card,Mobile
3433,3038,20260310,43,1089,44,1,431.27,0.02,422.64,PayPal,Mobile
3434,1495,20261114,3,1480,14,3,652.55,0.0,1957.65,PayPal,Desktop
3435,1980,20260912,43,271,4,4,628.84,0.25,1886.52,PayPal,Mobile
3436,489,20260629,36,317,71,3,119.93,0.04,345.4,PayPal,Desktop
3437,3972,20260306,37,922,1,1,276.36,0.21,218.32,Debit Card,Mobile
3438,2431,20260902,7,704,69,3,606.22,0.15,1545.86,PayPal,Desktop
3439,3451,20260615,14,1643,78,3,820.03,0.02,2410.89,PayPal,Desktop
3440,80,20260212,30,685,59,1,318.3,0.05,302.38,Debit Card,Mobile
3441,3321,20260608,30,1694,31,3,919.0,0.09,2508.87,PayPal,Desktop
3442,327,20260323,34,1896,70,1,416.2,0.1,374.58,Credit Card,Mobile
3443,3965,20260402,31,1491,58,1,335.36,0.17,278.35,Credit Card,Desktop
3444,3613,20261229,49,529,39,4,799.93,0.14,2751.76,Credit Card,Desktop
3445,1247,20260412,40,1837,60,2,648.18,0.1,1166.72,PayPal,Desktop
3446,1483,20260326,31,226,44,2,623.42,0.26,922.66,Debit Card,Desktop
3447,2653,20260425,3,1710,21,3,899.61,0.26,1997.13,PayPal,Mobile
3448,77,20260426,42,608,17,3,306.7,0.16,772.88,Debit Card,Desktop
3449,2567,20261025,2,1477,7,4,870.94,0.29,2473.47,PayPal,Desktop
3450,1452,20260105,31,468,62,4,621.34,0.13,2162.26,Debit Card,Mobile
3451,2845,20260528,50,1985,89,4,885.03,0.12,3115.31,Credit Card,Mobile
3452,136,20260707,15,845,77,1,298.61,0.05,283.68,Credit Card,Mobile
3453,1100,20261101,41,1996,8,4,772.45,0.22,2410.04,Credit Card,Desktop
3454,2912,20260317,8,1541,59,4,493.42,0.03,1914.47,Credit Card,Mobile
3455,2013,20260722,22,863,74,3,345.2,0.02,1014.89,Credit Card,Mobile
3456,3762,20261121,40,1633,29,4,112.49,0.08,413.96,Credit Card,Desktop
3457,1837,20261109,20,336,21,1,551.11,0.22,429.87,PayPal,Mobile
3458,2804,20261128,27,1867,89,1,773.88,0.18,634.58,Debit Card,Desktop
3459,2438,20260212,2,1618,22,3,983.79,0.07,2744.77,Credit Card,Desktop
3460,3193,20260325,16,825,42,4,754.67,0.14,2596.06,Credit Card,Mobile
3461,2354,20260414,3,1441,82,4,186.09,0.17,617.82,Credit Card,Desktop
3462,3542,20260603,42,639,39,1,850.31,0.12,748.27,Credit Card,Desktop
3463,2891,20260915,21,652,34,4,514.45,0.25,1543.35,PayPal,Mobile
3464,1641,20260526,40,1010,77,4,217.23,0.07,808.1,Credit Card,Mobile
3465,3536,20260810,18,1938,74,4,470.73,0.11,1675.8,Credit Card,Mobile
3466,1640,20260606,38,40,36,2,958.16,0.21,1513.89,Debit Card,Mobile
3467,2822,20261210,23,358,66,3,610.47,0.05,1739.84,Debit Card,Mobile
3468,3270,20260621,33,202,29,2,483.84,0.07,899.94,Credit Card,Mobile
3469,2577,20260904,44,427,7,3,270.82,0.1,731.21,Credit Card,Mobile
3470,625,20260805,19,1553,61,1,344.71,0.25,258.53,Debit Card,Mobile
3471,2927,20261121,30,323,8,4,591.55,0.11,2105.92,Credit Card,Mobile
3472,1638,20260627,4,258,32,3,92.58,0.27,202.75,Credit Card,Desktop
3473,368,20260219,24,1940,46,2,827.91,0.15,1407.45,Debit Card,Desktop
3474,1093,20260128,41,1431,7,4,813.77,0.29,2311.11,Debit Card,Mobile
3475,2766,20260319,20,1939,44,1,900.59,0.25,675.44,Debit Card,Desktop
3476,1521,20260206,24,1753,12,3,124.76,0.19,303.17,Credit Card,Desktop
3477,3856,20260430,32,1579,67,3,535.16,0.24,1220.16,Credit Card,Mobile
3478,3629,20260508,23,1851,3,3,831.18,0.22,1944.96,Debit Card,Mobile
3479,3816,20261219,49,1995,9,4,344.56,0.29,978.55,PayPal,Desktop
3480,3099,20260226,21,734,64,2,366.52,0.15,623.08,Credit Card,Desktop
3481,2110,20260810,41,1331,17,2,807.66,0.05,1534.55,Debit Card,Desktop
3482,493,20260506,48,841,18,3,66.58,0.24,151.8,Credit Card,Desktop
3483,3580,20260810,50,2,59,1,275.57,0.04,264.55,Debit Card,Mobile
3484,1288,20260610,39,1152,85,1,89.46,0.05,84.99,Debit Card,Desktop
3485,1887,20261208,5,627,25,2,669.52,0.18,1098.01,PayPal,Mobile
3486,3823,20261221,33,87,96,1,966.13,0.01,956.47,PayPal,Mobile
3487,3135,20260225,49,856,94,2,91.92,0.27,134.2,Credit Card,Mobile
3488,2104,20260421,34,1026,72,3,619.9,0.15,1580.74,Credit Card,Mobile
3489,1601,20260120,43,235,50,2,317.0,0.29,450.14,Credit Card,Mobile
3490,2195,20260728,47,722,12,2,968.54,0.14,1665.89,PayPal,Desktop
3491,1436,20260804,41,73,85,3,934.42,0.01,2775.23,PayPal,Desktop
3492,2197,20260621,49,329,49,1,993.6,0.23,765.07,Debit Card,Mobile
3493,640,20260926,46,1000,21,2,82.56,0.14,142.0,Credit Card,Mobile
3494,1833,20261211,10,1295,25,2,685.33,0.26,1014.29,Debit Card,Mobile
3495,2113,20260630,15,1490,93,3,448.98,0.01,1333.47,PayPal,Mobile
3496,2473,20261001,29,1951,67,1,260.85,0.23,200.85,PayPal,Desktop
3497,1164,20260222,39,1124,27,2,659.47,0.1,1187.05,Debit Card,Desktop
3498,2312,20260210,3,1933,56,3,297.2,0.14,766.78,Debit Card,Desktop
3499,1383,20260819,49,1007,13,2,403.95,0.26,597.85,Credit Card,Desktop
3500,2740,20260605,39,1630,47,4,386.61,0.01,1530.98,Debit Card,Mobile
3501,2064,20260605,4,1877,81,3,286.5,0.23,661.82,PayPal,Desktop
3502,2949,20260418,3,276,45,1,609.14,0.04,584.77,PayPal,Desktop
3503,984,20260808,50,962,91,1,364.71,0.24,277.18,Debit Card,Desktop
3504,1551,20260504,32,1409,72,1,67.51,0.06,63.46,Debit Card,Mobile
3505,442,20261031,24,580,71,1,793.63,0.25,595.22,Debit Card,Mobile
3506,2723,20260107,4,284,48,2,859.51,0.04,1650.26,Debit Card,Desktop
3507,1402,20260614,19,1209,5,2,72.59,0.02,142.28,PayPal,Mobile
3508,3453,20261207,14,1164,64,1,585.41,0.28,421.5,Debit Card,Desktop
3509,1270,20260502,25,200,51,1,544.41,0.14,468.19,Credit Card,Mobile
3510,1019,20260414,34,451,99,1,808.42,0.23,622.48,PayPal,Mobile
3511,916,20260115,21,323,79,2,78.41,0.02,153.68,Debit Card,Mobile
3512,1139,20260110,7,897,73,1,517.13,0.29,367.16,PayPal,Desktop
3513,1588,20260610,10,1049,80,1,990.85,0.12,871.95,Debit Card,Mobile
3514,1547,20260703,11,298,44,4,144.79,0.18,474.91,Credit Card,Desktop
3515,680,20260617,9,512,5,4,650.24,0.02,2548.94,Credit Card,Mobile
3516,1918,20260527,29,1748,14,1,87.01,0.11,77.44,Credit Card,Desktop
3517,3018,20260210,3,1692,34,3,676.33,0.16,1704.35,Credit Card,Mobile
3518,285,20260917,27,825,56,1,888.43,0.0,888.43,Credit Card,Mobile
3519,2160,20260403,36,602,99,4,256.63,0.04,985.46,Debit Card,Desktop
3520,1564,20261122,13,853,11,3,633.5,0.18,1558.41,Debit Card,Mobile
3521,2260,20260831,19,621,39,3,421.36,0.1,1137.67,Credit Card,Mobile
3522,2843,20260316,36,306,33,1,202.07,0.29,143.47,PayPal,Desktop
3523,1891,20260408,16,947,10,4,737.98,0.07,2745.29,Debit Card,Desktop
3524,3423,20260122,8,1871,69,4,265.05,0.02,1039.0,Credit Card,Mobile
3525,3327,20260714,8,1885,34,3,695.09,0.19,1689.07,Credit Card,Mobile
3526,350,20261209,2,541,59,1,595.07,0.0,595.07,Credit Card,Mobile
3527,2522,20260222,9,1503,41,2,823.85,0.24,1252.25,Debit Card,Mobile
3528,2262,20260605,43,1592,28,2,739.97,0.12,1302.35,Debit Card,Mobile
3529,382,20260124,13,1548,9,4,259.42,0.02,1016.93,PayPal,Mobile
3530,2304,20260226,41,213,40,2,946.67,0.3,1325.34,Credit Card,Desktop
3531,1290,20260213,41,238,57,4,712.54,0.07,2650.65,PayPal,Mobile
3532,1480,20260608,27,3,74,4,346.23,0.01,1371.07,PayPal,Desktop
3533,1857,20260125,7,607,85,4,816.34,0.27,2383.71,PayPal,Desktop
3534,429,20260927,17,1658,46,2,252.05,0.01,499.06,Debit Card,Desktop
3535,625,20260611,30,672,85,4,500.11,0.28,1440.32,Debit Card,Desktop
3536,912,20260128,14,1757,58,3,482.24,0.08,1330.98,Debit Card,Desktop
3537,3972,20261113,34,922,1,1,646.02,0.18,529.74,PayPal,Mobile
3538,1611,20260507,48,1986,79,1,628.04,0.21,496.15,Debit Card,Mobile
3539,1231,20260406,5,9,50,4,825.03,0.12,2904.11,Credit Card,Mobile
3540,1437,20260327,15,1926,9,1,455.3,0.24,346.03,PayPal,Mobile
3541,989,20260628,6,1404,5,2,514.46,0.28,740.82,Credit Card,Mobile
3542,1210,20261001,27,1612,13,2,622.43,0.19,1008.34,Credit Card,Desktop
3543,1183,20260426,2,126,36,1,426.36,0.12,375.2,Debit Card,Desktop
3544,3592,20260924,36,776,100,2,430.01,0.18,705.22,PayPal,Desktop
3545,50,20260918,42,505,52,1,289.71,0.02,283.92,Credit Card,Mobile
3546,1920,20260128,1,1544,10,1,925.29,0.14,795.75,Debit Card,Desktop
3547,3717,20260424,20,1220,26,1,671.15,0.09,610.75,Credit Card,Mobile
3548,3625,20260816,5,906,14,4,551.41,0.03,2139.47,PayPal,Desktop
3549,97,20260127,11,1889,12,1,993.07,0.08,913.62,Debit Card,Desktop
3550,1461,20260531,22,1740,76,4,131.82,0.29,374.37,Debit Card,Desktop
3551,2712,20260524,34,621,85,1,266.08,0.07,247.45,PayPal,Desktop
3552,663,20261226,15,1163,14,1,929.34,0.11,827.11,Debit Card,Mobile
3553,3715,20260419,1,1795,97,1,740.55,0.11,659.09,Credit Card,Desktop
3554,738,20261113,25,1284,52,2,710.0,0.18,1164.4,Debit Card,Mobile
3555,2513,20260717,31,1327,59,4,731.75,0.29,2078.17,Credit Card,Mobile
3556,1243,20260821,49,876,89,4,255.63,0.17,848.69,Credit Card,Desktop
3557,3806,20260917,13,1624,96,1,520.54,0.22,406.02,PayPal,Desktop
3558,2709,20260927,16,1712,80,1,407.31,0.1,366.58,Credit Card,Desktop
3559,2719,20261204,6,535,90,2,821.47,0.17,1363.64,Credit Card,Mobile
3560,3665,20260521,49,987,78,2,597.68,0.24,908.47,Debit Card,Desktop
3561,2291,20260118,42,208,62,2,458.9,0.11,816.84,Credit Card,Desktop
3562,2938,20260825,8,796,18,4,627.15,0.04,2408.26,Debit Card,Mobile
3563,2509,20260721,13,1914,48,4,712.61,0.18,2337.36,Debit Card,Desktop
3564,2192,20260604,45,1221,58,4,430.61,0.25,1291.83,Credit Card,Mobile
3565,1343,20260601,24,996,1,1,679.49,0.19,550.39,Credit Card,Mobile
3566,3441,20260509,7,1484,70,4,678.34,0.14,2333.49,Debit Card,Desktop
3567,517,20261026,39,1708,84,3,966.63,0.11,2580.9,Credit Card,Desktop
3568,220,20260113,1,99,86,3,640.08,0.05,1824.23,Credit Card,Mobile
3569,3351,20261208,21,869,10,2,782.18,0.02,1533.07,Debit Card,Mobile
3570,3227,20261027,17,1983,99,4,486.69,0.17,1615.81,PayPal,Mobile
3571,5,20260313,4,1378,95,3,950.18,0.26,2109.4,PayPal,Mobile
3572,1241,20261202,43,1990,49,2,775.59,0.16,1302.99,PayPal,Mobile
3573,2904,20261215,36,1747,52,4,702.27,0.27,2050.63,Debit Card,Mobile
3574,252,20260411,17,1363,34,1,690.16,0.07,641.85,PayPal,Mobile
3575,1910,20260910,41,502,81,3,692.46,0.28,1495.71,Debit Card,Desktop
3576,568,20260612,9,148,99,1,738.41,0.02,723.64,PayPal,Mobile
3577,335,20260313,34,1490,51,4,69.94,0.06,262.97,Debit Card,Mobile
3578,2570,20260904,46,458,4,3,415.19,0.19,1008.91,Credit Card,Mobile
3579,2572,20260731,28,1245,31,4,298.71,0.03,1158.99,Debit Card,Mobile
3580,271,20260612,27,1736,60,1,917.41,0.18,752.28,Debit Card,Desktop
3581,3202,20260108,37,1365,9,3,844.77,0.04,2432.94,PayPal,Mobile
3582,3230,20261204,35,306,82,1,220.7,0.1,198.63,Debit Card,Desktop
3583,985,20260222,30,1195,34,4,216.06,0.27,630.9,PayPal,Desktop
3584,3716,20260326,40,849,98,4,939.47,0.09,3419.67,Debit Card,Desktop
3585,3939,20260604,16,1642,96,1,699.6,0.08,643.63,PayPal,Desktop
3586,463,20261227,8,153,40,3,743.16,0.13,1939.65,Credit Card,Mobile
3587,2899,20260124,34,51,42,1,454.78,0.01,450.23,PayPal,Desktop
3588,2878,20260903,23,1217,87,4,130.91,0.1,471.28,PayPal,Mobile
3589,684,20261124,50,987,68,1,914.35,0.21,722.34,Debit Card,Mobile
3590,2819,20260329,10,33,92,4,926.18,0.17,3074.92,PayPal,Desktop
3591,477,20260719,27,366,93,1,956.03,0.14,822.19,Debit Card,Desktop
3592,2084,20260112,20,149,69,3,255.55,0.06,720.65,Credit Card,Mobile
3593,2415,20261115,37,1949,63,3,353.5,0.2,848.4,Debit Card,Mobile
3594,802,20260822,39,1702,46,1,971.66,0.24,738.46,Debit Card,Desktop
3595,3343,20260627,10,522,93,1,114.08,0.29,81.0,Debit Card,Desktop
3596,2767,20261216,14,802,59,3,131.07,0.02,385.35,Credit Card,Mobile
3597,1455,20261230,26,1962,84,4,551.32,0.04,2117.07,Debit Card,Desktop
3598,2276,20260223,19,1496,21,3,148.24,0.11,395.8,Credit Card,Mobile
3599,1481,20260116,26,1959,32,4,806.66,0.16,2710.38,Credit Card,Mobile
3600,2612,20261023,36,286,66,1,965.81,0.19,782.31,Debit Card,Mobile
3601,1933,20260329,44,1467,67,1,809.4,0.01,801.31,PayPal,Mobile
3602,2934,20260212,28,724,98,4,213.18,0.13,741.87,Debit Card,Desktop
3603,27,20260318,5,1264,58,1,224.7,0.14,193.24,Credit Card,Desktop
3604,2759,20260312,5,895,88,4,567.53,0.08,2088.51,PayPal,Mobile
3605,3638,20260908,14,1289,51,2,632.42,0.13,1100.41,Debit Card,Mobile
3606,1448,20260322,22,188,88,3,643.47,0.22,1505.72,PayPal,Mobile
3607,133,20260110,33,236,80,2,959.15,0.27,1400.36,Debit Card,Desktop
3608,709,20261230,14,1414,7,4,172.45,0.13,600.13,Credit Card,Mobile
3609,529,20260803,16,660,5,3,60.2,0.14,155.32,Credit Card,Mobile
3610,1113,20260102,44,292,82,4,720.12,0.06,2707.65,Debit Card,Mobile
3611,470,20260822,28,1572,74,3,364.35,0.06,1027.47,Credit Card,Mobile
3612,1624,20261107,15,254,55,3,156.26,0.12,412.53,Debit Card,Desktop
3613,38,20261013,16,423,1,3,497.68,0.2,1194.43,Debit Card,Desktop
3614,78,20260523,25,204,56,3,914.39,0.02,2688.31,Debit Card,Desktop
3615,2239,20261025,19,595,95,4,491.09,0.01,1944.72,Debit Card,Mobile
3616,2007,20260221,27,614,19,3,362.74,0.2,870.58,PayPal,Desktop
3617,531,20261221,19,197,16,3,211.46,0.0,634.38,Debit Card,Mobile
3618,3950,20260612,27,1261,74,2,827.21,0.2,1323.54,PayPal,Desktop
3619,501,20260220,22,1714,21,1,744.27,0.23,573.09,PayPal,Desktop
3620,667,20260710,9,1354,71,1,201.81,0.07,187.68,Credit Card,Desktop
3621,1868,20260915,42,912,82,2,845.58,0.06,1589.69,Debit Card,Mobile
3622,3911,20260629,45,1743,92,2,925.17,0.22,1443.27,Debit Card,Desktop
3623,3566,20260727,44,407,77,4,215.64,0.1,776.3,Debit Card,Mobile
3624,3180,20260224,11,1674,42,4,132.59,0.27,387.16,Debit Card,Desktop
3625,2262,20260403,35,363,52,4,489.86,0.21,1547.96,Credit Card,Mobile
3626,2407,20260212,2,1986,31,2,984.02,0.08,1810.6,Credit Card,Desktop
3627,3267,20260703,33,15,91,2,812.22,0.16,1364.53,PayPal,Desktop
3628,3274,20260302,20,1694,17,3,844.93,0.13,2205.27,Credit Card,Mobile
3629,2835,20260708,50,605,85,4,959.41,0.1,3453.88,PayPal,Desktop
3630,3017,20261102,23,1155,53,4,885.32,0.01,3505.87,Debit Card,Desktop
3631,3493,20260816,6,220,88,4,521.13,0.18,1709.31,Credit Card,Desktop
3632,2903,20261031,20,1554,43,1,807.61,0.07,751.08,Debit Card,Desktop
3633,3142,20260315,44,214,12,3,470.04,0.08,1297.31,Debit Card,Mobile
3634,1461,20261009,34,1169,60,4,591.49,0.27,1727.15,Credit Card,Mobile
3635,744,20260628,8,1591,27,4,676.33,0.29,1920.78,Credit Card,Desktop
3636,249,20261230,1,1875,66,4,545.6,0.23,1680.45,Credit Card,Desktop
3637,533,20260823,43,1040,82,1,460.99,0.22,359.57,PayPal,Mobile
3638,1151,20260104,25,1849,14,1,702.52,0.28,505.81,PayPal,Mobile
3639,3093,20260507,41,982,74,2,744.0,0.17,1235.04,PayPal,Mobile
3640,1345,20260827,45,807,7,3,149.88,0.27,328.24,Credit Card,Mobile
3641,3613,20260924,34,1386,46,2,692.92,0.22,1080.96,Credit Card,Desktop
3642,2519,20261126,33,813,66,3,965.07,0.17,2403.02,PayPal,Mobile
3643,962,20261007,37,958,51,1,784.32,0.08,721.57,PayPal,Mobile
3644,36,20260127,42,9,61,4,726.18,0.27,2120.45,Credit Card,Desktop
3645,2506,20261028,47,1339,39,2,320.34,0.17,531.76,Debit Card,Desktop
3646,1035,20260825,20,568,15,4,699.79,0.19,2267.32,Credit Card,Desktop
3647,3047,20260726,28,278,50,2,602.45,0.25,903.68,PayPal,Desktop
3648,1852,20260526,23,1164,14,1,671.48,0.09,611.05,PayPal,Desktop
3649,1022,20260116,22,1188,84,1,939.85,0.22,733.08,PayPal,Mobile
3650,2609,20261109,46,1766,73,1,539.94,0.29,383.36,PayPal,Mobile
3651,2345,20260825,28,746,65,2,821.76,0.21,1298.38,Debit Card,Desktop
3652,2036,20260917,22,854,86,3,768.51,0.28,1659.98,PayPal,Mobile
3653,3375,20260713,14,628,87,2,503.1,0.09,915.64,Credit Card,Desktop
3654,2672,20261222,43,201,88,3,249.99,0.3,524.98,Debit Card,Desktop
3655,2609,20260718,13,648,85,2,139.22,0.28,200.48,Credit Card,Mobile
3656,2392,20260909,11,305,25,2,532.47,0.07,990.39,Credit Card,Desktop
3657,1675,20260525,38,1204,78,1,62.97,0.27,45.97,Debit Card,Mobile
3658,2983,20261011,12,460,12,4,366.38,0.23,1128.45,Credit Card,Desktop
3659,1285,20260611,45,1375,91,4,235.79,0.14,811.12,Debit Card,Mobile
3660,2434,20260526,45,110,25,3,641.92,0.05,1829.47,Credit Card,Mobile
3661,1197,20260506,28,1623,79,4,304.45,0.15,1035.13,Debit Card,Mobile
3662,1508,20261027,23,1424,58,2,280.87,0.11,499.95,Credit Card,Mobile
3663,1031,20260119,5,399,54,2,88.91,0.03,172.49,Debit Card,Desktop
3664,3274,20260704,26,228,99,1,585.42,0.24,444.92,Credit Card,Mobile
3665,2446,20261010,6,1960,82,1,585.53,0.28,421.58,Credit Card,Desktop
3666,3452,20261213,27,666,4,4,745.8,0.24,2267.23,Debit Card,Desktop
3667,613,20260222,35,1330,31,3,910.82,0.05,2595.84,PayPal,Mobile
3668,2284,20260706,45,723,32,4,416.89,0.08,1534.16,PayPal,Mobile
3669,3849,20260512,22,1190,43,4,402.43,0.1,1448.75,Credit Card,Mobile
3670,28,20260728,32,1021,63,4,251.63,0.1,905.87,PayPal,Desktop
3671,1680,20260421,13,1181,93,4,270.48,0.04,1038.64,PayPal,Mobile
3672,120,20260515,34,365,89,2,694.46,0.12,1222.25,PayPal,Mobile
3673,3358,20260724,10,1942,55,3,587.29,0.22,1374.26,PayPal,Mobile
3674,255,20260405,37,910,48,2,949.6,0.06,1785.25,Debit Card,Mobile
3675,153,20260725,28,1318,60,3,148.97,0.23,344.12,Credit Card,Mobile
3676,229,20260624,14,1197,27,1,694.3,0.05,659.58,Debit Card,Desktop
3677,1949,20261110,11,1869,15,4,81.51,0.13,283.65,Debit Card,Mobile
3678,974,20260207,49,1406,30,2,573.67,0.06,1078.5,PayPal,Mobile
3679,3208,20261102,42,1249,19,3,199.67,0.28,431.29,Credit Card,Mobile
3680,654,20260622,12,1884,54,1,263.11,0.14,226.27,Credit Card,Mobile
3681,956,20261014,42,949,57,1,169.63,0.04,162.84,PayPal,Desktop
3682,1172,20260404,40,1147,42,4,481.33,0.02,1886.81,Debit Card,Desktop
3683,255,20260327,26,397,20,3,896.13,0.28,1935.64,Credit Card,Mobile
3684,3998,20260210,37,1134,7,2,981.81,0.05,1865.44,Debit Card,Desktop
3685,2375,20260801,21,282,95,4,718.5,0.11,2557.86,Debit Card,Desktop
3686,3353,20260729,45,1684,3,2,62.48,0.17,103.72,PayPal,Desktop
3687,1053,20260516,22,363,47,1,467.96,0.21,369.69,Debit Card,Mobile
3688,1923,20260820,32,1122,69,2,572.61,0.21,904.72,Debit Card,Mobile
3689,2483,20260815,18,854,41,2,53.42,0.21,84.4,Debit Card,Desktop
3690,1778,20260823,6,292,79,4,786.66,0.02,3083.71,PayPal,Desktop
3691,2140,20260320,4,1630,77,2,568.47,0.05,1080.09,Credit Card,Mobile
3692,2638,20260725,49,774,33,4,702.67,0.02,2754.47,Credit Card,Desktop
3693,2019,20260114,5,1322,67,1,51.24,0.06,48.17,Debit Card,Mobile
3694,2224,20260621,33,22,26,4,417.83,0.22,1303.63,Credit Card,Desktop
3695,3564,20260713,37,1717,48,4,340.33,0.14,1170.74,PayPal,Mobile
3696,3677,20260315,8,1803,23,3,492.9,0.16,1242.11,Debit Card,Mobile
3697,1529,20261013,44,1405,35,2,700.48,0.07,1302.89,Credit Card,Desktop
3698,2527,20260110,36,1395,34,1,130.5,0.18,107.01,PayPal,Mobile
3699,486,20260925,31,3,89,4,467.99,0.28,1347.81,PayPal,Desktop
3700,699,20260906,3,983,60,1,878.61,0.03,852.25,PayPal,Mobile
3701,1168,20260129,15,461,55,3,497.73,0.09,1358.8,PayPal,Desktop
3702,622,20260815,42,1868,38,2,617.25,0.14,1061.67,Debit Card,Mobile
3703,376,20261209,3,1898,74,4,101.02,0.29,286.9,Credit Card,Mobile
3704,2034,20261213,36,1510,47,2,495.53,0.24,753.21,Credit Card,Mobile
3705,2725,20260107,19,1158,61,3,403.61,0.04,1162.4,Credit Card,Mobile
3706,336,20261227,1,1382,23,3,698.54,0.05,1990.84,PayPal,Desktop
3707,1939,20260706,18,1328,59,1,909.24,0.24,691.02,PayPal,Desktop
3708,1317,20261124,39,1776,96,4,268.56,0.18,880.88,Debit Card,Desktop
3709,620,20260511,25,1359,87,1,839.85,0.05,797.86,PayPal,Desktop
3710,342,20261209,26,583,15,3,666.02,0.02,1958.1,Debit Card,Mobile
3711,3224,20260814,44,1743,47,2,327.13,0.28,471.07,Credit Card,Mobile
3712,2510,20260503,50,471,57,1,485.66,0.23,373.96,Debit Card,Desktop
3713,1833,20261021,25,1093,15,1,782.87,0.21,618.47,PayPal,Desktop
3714,2034,20260103,50,182,59,2,845.61,0.1,1522.1,Debit Card,Mobile
3715,1602,20260705,34,1043,11,1,544.92,0.18,446.83,Debit Card,Desktop
3716,867,20261029,22,1031,52,2,631.66,0.15,1073.82,Credit Card,Desktop
3717,1088,20260124,22,55,73,4,690.15,0.13,2401.72,PayPal,Desktop
3718,998,20260418,21,298,57,2,223.52,0.11,397.87,PayPal,Mobile
3719,3944,20260219,4,1866,90,4,906.29,0.03,3516.41,PayPal,Desktop
3720,1026,20261221,27,1388,55,2,868.52,0.29,1233.3,PayPal,Desktop
3721,995,20261102,23,1694,74,3,261.25,0.05,744.56,Debit Card,Mobile
3722,2700,20260914,30,1482,89,3,682.71,0.02,2007.17,Credit Card,Desktop
3723,3595,20261221,49,82,20,4,940.14,0.16,3158.87,Credit Card,Desktop
3724,3885,20260516,32,1358,18,4,197.12,0.18,646.55,Credit Card,Desktop
3725,3370,20260619,37,1059,62,3,331.68,0.25,746.28,PayPal,Mobile
3726,3108,20261109,19,964,88,4,183.86,0.02,720.73,Debit Card,Desktop
3727,715,20260817,38,508,59,2,339.79,0.0,679.58,Credit Card,Desktop
3728,3254,20261008,12,166,34,2,922.91,0.2,1476.66,Debit Card,Mobile
3729,195,20260823,18,705,19,3,224.0,0.1,604.8,PayPal,Mobile
3730,1753,20260805,40,1884,65,1,473.71,0.28,341.07,PayPal,Desktop
3731,3854,20261029,31,678,38,2,993.49,0.16,1669.06,Debit Card,Desktop
3732,1208,20260920,5,483,36,4,295.08,0.14,1015.08,Credit Card,Mobile
3733,3833,20261109,38,1418,28,1,929.89,0.04,892.69,Debit Card,Mobile
3734,746,20261220,45,930,43,1,361.88,0.18,296.74,PayPal,Mobile
3735,3670,20261224,16,1057,78,2,602.36,0.08,1108.34,Credit Card,Mobile
3736,2163,20260320,19,1614,38,2,848.28,0.25,1272.42,Debit Card,Mobile
3737,1668,20260805,8,1887,9,1,732.83,0.2,586.26,Debit Card,Desktop
3738,542,20261011,45,1888,31,1,813.15,0.04,780.62,Credit Card,Desktop
3739,1034,20260115,34,62,41,3,674.37,0.1,1820.8,Credit Card,Mobile
3740,1842,20260713,41,1892,39,4,83.37,0.21,263.45,Credit Card,Mobile
3741,2766,20260128,12,1656,84,3,252.52,0.13,659.08,PayPal,Desktop
3742,664,20260204,19,611,59,2,560.05,0.19,907.28,Debit Card,Desktop
3743,431,20260407,9,1282,10,3,868.5,0.24,1980.18,Credit Card,Mobile
3744,3704,20260909,32,1106,98,3,567.3,0.06,1599.79,Credit Card,Desktop
3745,1224,20260802,23,1276,66,3,123.7,0.21,293.17,Debit Card,Desktop
3746,2903,20260712,19,164,67,3,270.06,0.13,704.86,Credit Card,Mobile
3747,721,20261118,22,286,10,4,861.79,0.2,2757.73,Credit Card,Desktop
3748,1295,20260810,40,559,50,4,604.8,0.27,1766.02,PayPal,Desktop
3749,2838,20260331,35,587,58,1,560.01,0.27,408.81,Credit Card,Desktop
3750,903,20260320,44,344,79,2,92.23,0.02,180.77,PayPal,Desktop
3751,687,20260216,14,1528,21,3,803.04,0.23,1855.02,Credit Card,Mobile
3752,1201,20260810,9,1614,57,1,947.41,0.16,795.82,PayPal,Desktop
3753,2219,20261007,45,1359,100,1,419.74,0.13,365.17,Debit Card,Mobile
3754,1552,20260830,2,1480,32,1,186.82,0.14,160.67,Credit Card,Mobile
3755,2299,20260916,15,1703,35,4,994.24,0.14,3420.19,Debit Card,Mobile
3756,933,20260104,15,545,82,3,436.36,0.2,1047.26,PayPal,Desktop
3757,1402,20261122,28,356,25,3,719.02,0.14,1855.07,PayPal,Mobile
3758,150,20260820,4,522,43,2,524.72,0.21,829.06,Credit Card,Desktop
3759,895,20260929,4,1929,17,3,388.63,0.18,956.03,Debit Card,Mobile
3760,2256,20261122,23,1671,58,3,685.73,0.04,1974.9,Credit Card,Desktop
3761,3127,20261230,47,1989,20,1,205.06,0.08,188.66,Debit Card,Desktop
3762,2473,20260622,47,1618,90,2,325.84,0.12,573.48,PayPal,Mobile
3763,1877,20261024,42,80,38,3,805.98,0.27,1765.1,Credit Card,Mobile
3764,3498,20260801,5,737,75,4,502.84,0.17,1669.43,Debit Card,Desktop
3765,2162,20260724,26,1724,44,3,875.97,0.14,2260.0,Debit Card,Mobile
3766,2750,20260602,17,1529,86,1,965.71,0.08,888.45,Debit Card,Desktop
3767,2555,20260427,5,1976,89,4,246.87,0.21,780.11,Credit Card,Desktop
3768,1906,20261006,45,897,4,1,622.17,0.11,553.73,Credit Card,Desktop
3769,3851,20260324,21,1194,76,3,277.19,0.18,681.89,PayPal,Desktop
3770,1690,20260323,2,1303,72,4,450.66,0.01,1784.61,PayPal,Desktop
3771,2943,20260416,4,462,32,2,106.2,0.04,203.9,PayPal,Mobile
3772,2067,20261222,32,187,98,2,161.46,0.22,251.88,Debit Card,Mobile
3773,2252,20261006,40,110,42,4,262.65,0.11,935.03,PayPal,Mobile
3774,480,20260120,24,1677,28,4,563.8,0.01,2232.65,Credit Card,Desktop
3775,1654,20260524,30,44,17,1,845.82,0.06,795.07,PayPal,Desktop
3776,291,20260909,21,1897,49,4,207.42,0.23,638.85,Debit Card,Desktop
3777,3755,20261204,38,1368,38,1,639.95,0.14,550.36,Debit Card,Desktop
3778,1520,20260624,24,53,44,3,589.93,0.18,1451.23,Debit Card,Mobile
3779,2909,20261219,41,170,57,1,647.73,0.04,621.82,Credit Card,Desktop
3780,3440,20260921,19,1839,10,4,396.32,0.27,1157.25,PayPal,Mobile
3781,1282,20261116,9,1514,85,4,377.73,0.05,1435.37,Debit Card,Mobile
3782,3169,20260201,34,1322,65,3,945.28,0.27,2070.16,Credit Card,Mobile
3783,275,20260721,40,1289,91,4,667.61,0.03,2590.33,Credit Card,Mobile
3784,1210,20260603,46,606,41,4,840.62,0.11,2992.61,Credit Card,Mobile
3785,556,20260415,31,1292,50,2,88.34,0.24,134.28,PayPal,Desktop
3786,3173,20260826,36,290,39,2,242.36,0.15,412.01,Credit Card,Mobile
3787,2964,20260705,6,1610,22,3,699.04,0.07,1950.32,PayPal,Desktop
3788,2387,20260527,13,1583,56,1,59.13,0.21,46.71,Credit Card,Desktop
3789,2359,20261126,17,185,23,2,843.72,0.24,1282.45,PayPal,Mobile
3790,3402,20261010,43,338,46,1,906.12,0.11,806.45,Debit Card,Desktop
3791,1157,20261026,31,1245,33,4,589.77,0.21,1863.67,Credit Card,Mobile
3792,1239,20261202,27,17,12,2,274.83,0.05,522.18,PayPal,Mobile
3793,3946,20260228,47,478,34,3,243.75,0.09,665.44,PayPal,Desktop
3794,3143,20260831,44,1277,56,3,115.22,0.06,324.92,PayPal,Mobile
3795,761,20260825,32,490,38,3,456.14,0.12,1204.21,Credit Card,Mobile
3796,2537,20260301,6,1809,90,2,193.2,0.23,297.53,PayPal,Mobile
3797,378,20260915,19,1213,40,1,129.4,0.07,120.34,PayPal,Mobile
3798,208,20260325,36,1117,83,4,637.17,0.29,1809.56,PayPal,Mobile
3799,3316,20261024,24,324,25,1,410.85,0.12,361.55,Credit Card,Mobile
3800,2102,20261213,10,144,86,1,596.93,0.18,489.48,Credit Card,Mobile
3801,3345,20260614,45,424,13,4,422.93,0.17,1404.13,Debit Card,Mobile
3802,2565,20260430,26,1002,7,4,772.36,0.26,2286.19,Debit Card,Mobile
3803,892,20260905,45,1123,73,2,130.82,0.26,193.61,Credit Card,Mobile
3804,147,20260917,21,1666,4,2,803.52,0.14,1382.05,Credit Card,Mobile
3805,3635,20260416,16,558,34,2,792.64,0.01,1569.43,PayPal,Desktop
3806,1049,20260809,34,973,99,2,76.43,0.15,129.93,Debit Card,Desktop
3807,1421,20260130,49,1441,20,2,835.06,0.15,1419.6,Debit Card,Desktop
3808,3097,20260319,48,428,16,4,264.79,0.25,794.37,Debit Card,Mobile
3809,2064,20260411,47,158,12,1,679.03,0.29,482.11,PayPal,Mobile
3810,1801,20260611,2,1955,25,2,782.02,0.21,1235.59,PayPal,Desktop
3811,1891,20260416,2,28,45,2,107.41,0.12,189.04,PayPal,Desktop
3812,3965,20260726,26,814,88,1,918.3,0.26,679.54,PayPal,Mobile
3813,2827,20260312,30,122,4,2,987.47,0.07,1836.69,Debit Card,Mobile
3814,3201,20261215,2,1188,64,1,352.36,0.25,264.27,Credit Card,Desktop
3815,1023,20261202,12,443,39,1,96.13,0.13,83.63,Credit Card,Mobile
3816,2011,20260727,19,585,90,4,370.76,0.16,1245.75,PayPal,Mobile
3817,1918,20261116,22,1229,94,3,881.51,0.05,2512.3,Credit Card,Desktop
3818,1332,20260406,35,1718,89,4,185.03,0.26,547.69,Credit Card,Desktop
3819,1459,20261009,21,1783,15,3,948.27,0.22,2218.95,Credit Card,Mobile
3820,3948,20261022,14,1883,40,3,957.07,0.23,2210.83,PayPal,Mobile
3821,3723,20260501,14,1122,91,3,456.95,0.16,1151.51,Debit Card,Mobile
3822,789,20260722,10,1952,31,2,884.13,0.25,1326.19,PayPal,Mobile
3823,1046,20260117,29,746,67,4,295.19,0.07,1098.11,Debit Card,Desktop
3824,1765,20260804,48,983,92,3,903.66,0.08,2494.1,Debit Card,Mobile
3825,534,20260721,3,820,30,1,269.34,0.23,207.39,Credit Card,Desktop
3826,1812,20260620,31,819,5,2,377.95,0.05,718.1,Credit Card,Desktop
3827,424,20260703,8,1535,100,4,537.72,0.0,2150.88,Debit Card,Desktop
3828,462,20260210,46,639,92,3,401.38,0.05,1143.93,Credit Card,Desktop
3829,485,20260205,7,629,50,1,119.06,0.16,100.01,Credit Card,Mobile
3830,682,20260712,26,1533,96,4,122.32,0.15,415.89,Credit Card,Desktop
3831,1553,20260624,23,1864,34,4,372.8,0.19,1207.87,Credit Card,Desktop
3832,3085,20260914,17,1895,100,2,971.29,0.11,1728.9,Credit Card,Desktop
3833,112,20260820,13,595,87,4,135.03,0.08,496.91,Debit Card,Desktop
3834,1451,20260524,44,841,55,2,992.29,0.25,1488.43,Credit Card,Mobile
3835,380,20260429,39,1957,53,3,992.85,0.26,2204.13,PayPal,Mobile
3836,904,20260319,34,771,76,2,521.72,0.04,1001.7,Debit Card,Desktop
3837,3512,20261218,47,1979,99,1,169.42,0.03,164.34,Debit Card,Mobile
3838,1506,20260719,43,1610,8,2,807.95,0.07,1502.79,PayPal,Desktop
3839,3236,20261214,38,397,34,1,649.43,0.01,642.94,Credit Card,Mobile
3840,136,20260728,35,233,9,2,698.82,0.27,1020.28,Credit Card,Desktop
3841,3087,20261221,50,1940,3,4,801.18,0.26,2371.49,Credit Card,Desktop
3842,774,20260928,48,1969,61,3,646.95,0.17,1610.91,Debit Card,Mobile
3843,1995,20260108,37,678,92,1,706.48,0.05,671.16,PayPal,Desktop
3844,2433,20261230,23,523,37,2,167.91,0.24,255.22,PayPal,Desktop
3845,3422,20260808,6,1520,97,2,597.27,0.09,1087.03,PayPal,Desktop
3846,1783,20261223,9,973,44,2,713.26,0.11,1269.6,Credit Card,Mobile
3847,3042,20260107,46,1771,9,4,156.63,0.29,444.83,PayPal,Desktop
3848,2713,20260415,19,1428,97,4,307.36,0.14,1057.32,Debit Card,Mobile
3849,1677,20260430,46,436,71,1,347.39,0.04,333.49,Credit Card,Mobile
3850,2483,20260805,32,1472,12,1,314.57,0.22,245.36,PayPal,Mobile
3851,2279,20260128,7,257,88,4,135.97,0.0,543.88,PayPal,Desktop
3852,3900,20261122,5,1511,95,1,673.31,0.13,585.78,Credit Card,Mobile
3853,3850,20260519,37,618,72,3,880.26,0.23,2033.4,Debit Card,Mobile
3854,2563,20261224,46,1825,82,3,924.95,0.09,2525.11,Credit Card,Desktop
3855,3634,20260629,35,414,82,4,785.17,0.24,2386.92,Credit Card,Desktop
3856,2921,20260328,23,1761,52,1,690.78,0.24,524.99,PayPal,Desktop
3857,853,20261021,4,1881,18,2,993.87,0.04,1908.23,Debit Card,Desktop
3858,2913,20260713,31,197,11,3,310.22,0.14,800.37,Debit Card,Mobile
3859,3933,20260203,30,1966,5,4,844.0,0.26,2498.24,PayPal,Desktop
3860,1998,20260207,47,1182,16,1,935.74,0.28,673.73,Credit Card,Desktop
3861,1056,20260303,17,782,92,4,122.26,0.28,352.11,PayPal,Mobile
3862,988,20260222,4,1553,74,2,999.39,0.26,1479.1,Debit Card,Desktop
3863,3577,20260605,32,436,94,3,213.84,0.23,493.97,PayPal,Desktop
3864,2956,20261230,43,989,38,4,225.49,0.15,766.67,PayPal,Desktop
3865,2296,20260823,8,1296,19,4,54.5,0.14,187.48,Debit Card,Mobile
3866,355,20260330,49,1331,94,4,367.62,0.03,1426.37,PayPal,Mobile
3867,1664,20261009,31,1171,75,2,970.47,0.23,1494.52,Credit Card,Desktop
3868,608,20261207,35,882,47,4,435.57,0.22,1358.98,PayPal,Mobile
3869,2649,20261009,24,941,9,2,993.11,0.25,1489.66,Debit Card,Desktop
3870,548,20260726,7,1574,92,2,770.08,0.2,1232.13,Credit Card,Mobile
3871,40,20260407,49,1535,76,2,698.72,0.22,1090.0,Credit Card,Desktop
3872,3182,20260124,4,1081,81,3,820.21,0.15,2091.54,PayPal,Desktop
3873,3848,20261227,38,461,22,3,775.53,0.23,1791.47,Credit Card,Desktop
3874,3646,20261228,33,481,35,4,83.37,0.29,236.77,PayPal,Desktop
3875,1783,20261101,32,1480,39,4,196.82,0.21,621.95,PayPal,Desktop
3876,1679,20260729,23,122,61,3,937.18,0.05,2670.96,Debit Card,Desktop
3877,1750,20260624,31,810,47,1,425.22,0.13,369.94,PayPal,Desktop
3878,2057,20260215,7,915,76,3,784.74,0.15,2001.09,Debit Card,Desktop
3879,3767,20260902,3,397,40,2,598.53,0.0,1197.06,Debit Card,Mobile
3880,736,20260318,26,1253,29,3,107.96,0.13,281.78,Credit Card,Mobile
3881,3900,20260306,17,708,22,2,852.9,0.12,1501.1,Debit Card,Desktop
3882,2932,20260425,49,68,60,4,279.45,0.18,916.6,Debit Card,Mobile
3883,2110,20260715,22,301,83,1,265.75,0.03,257.78,Credit Card,Desktop
3884,501,20260827,9,702,91,4,429.73,0.14,1478.27,PayPal,Mobile
3885,102,20260904,4,1475,46,2,772.05,0.17,1281.6,Credit Card,Desktop
3886,558,20260728,32,890,30,2,620.46,0.06,1166.46,Credit Card,Desktop
3887,2856,20260308,26,327,99,2,191.98,0.28,276.45,PayPal,Mobile
3888,3502,20260827,15,1019,87,1,182.82,0.24,138.94,Credit Card,Mobile
3889,145,20260622,15,1659,30,3,763.37,0.06,2152.7,PayPal,Desktop
3890,2226,20261224,45,1197,40,4,728.66,0.02,2856.35,Credit Card,Mobile
3891,3044,20260509,29,23,35,4,938.83,0.01,3717.77,Credit Card,Mobile
3892,508,20260430,41,1284,69,3,892.54,0.06,2516.96,PayPal,Mobile
3893,3138,20261001,6,262,47,4,316.88,0.12,1115.42,PayPal,Desktop
3894,1904,20261008,15,901,13,1,644.64,0.0,644.64,PayPal,Desktop
3895,1725,20261218,37,1350,50,4,693.66,0.14,2386.19,PayPal,Mobile
3896,3458,20261201,46,731,40,2,646.44,0.09,1176.52,Debit Card,Mobile
3897,2210,20260219,15,950,80,3,399.27,0.2,958.25,PayPal,Mobile
3898,2922,20260811,10,1289,58,1,324.9,0.1,292.41,Credit Card,Desktop
3899,1078,20260925,47,1970,17,3,552.85,0.19,1343.43,PayPal,Mobile
3900,2471,20261122,30,1257,78,1,812.65,0.01,804.52,Debit Card,Mobile
3901,94,20261213,16,338,13,2,250.67,0.21,396.06,PayPal,Desktop
3902,1415,20261025,24,1597,11,3,833.06,0.13,2174.29,PayPal,Mobile
3903,1780,20260307,48,1330,68,4,365.04,0.12,1284.94,Debit Card,Mobile
3904,1220,20260726,32,856,61,1,663.92,0.07,617.45,Credit Card,Desktop
3905,1011,20261018,10,1146,75,3,598.16,0.16,1507.36,Debit Card,Mobile
3906,1272,20260101,10,1755,61,4,269.56,0.1,970.42,Debit Card,Mobile
3907,3111,20260320,26,496,87,3,148.01,0.11,395.19,Debit Card,Desktop
3908,934,20260416,39,1237,33,3,594.12,0.3,1247.65,PayPal,Desktop
3909,2306,20261102,23,657,96,3,324.58,0.06,915.32,Debit Card,Desktop
3910,1508,20260705,13,153,61,1,463.71,0.2,370.97,Credit Card,Desktop
3911,3491,20260422,6,33,85,4,79.75,0.04,306.24,Credit Card,Desktop
3912,2798,20260415,48,1993,22,2,411.16,0.11,731.86,Debit Card,Desktop
3913,2886,20261203,12,349,94,1,804.99,0.06,756.69,Credit Card,Desktop
3914,2452,20260916,5,873,86,1,479.42,0.17,397.92,Debit Card,Mobile
3915,43,20260219,20,1124,67,1,601.25,0.01,595.24,Debit Card,Desktop
3916,3518,20260112,48,316,53,2,760.4,0.06,1429.55,Debit Card,Desktop
3917,2339,20260818,41,1415,26,4,784.87,0.17,2605.77,PayPal,Desktop
3918,3848,20260921,18,188,62,4,389.53,0.11,1386.73,Debit Card,Mobile
3919,2031,20261112,7,1882,54,4,687.35,0.18,2254.51,Debit Card,Desktop
3920,1170,20261123,23,1539,63,3,952.11,0.03,2770.64,Credit Card,Desktop
3921,1230,20260803,17,1873,64,3,463.56,0.17,1154.26,Credit Card,Mobile
3922,234,20261004,48,1579,92,3,468.46,0.16,1180.52,Debit Card,Mobile
3923,1359,20260914,25,895,45,2,946.22,0.01,1873.52,Credit Card,Mobile
3924,3032,20260815,29,907,12,3,565.2,0.27,1237.79,PayPal,Mobile
3925,1454,20260816,3,1242,52,2,309.77,0.24,470.85,PayPal,Desktop
3926,647,20261113,48,663,8,4,253.61,0.01,1004.3,Credit Card,Mobile
3927,2424,20260124,44,799,36,3,535.93,0.17,1334.47,Debit Card,Mobile
3928,3584,20260516,15,734,33,3,933.82,0.09,2549.33,PayPal,Desktop
3929,765,20261101,7,1405,46,1,363.48,0.3,254.44,Debit Card,Mobile
3930,2135,20260501,35,93,27,2,529.18,0.02,1037.19,Debit Card,Desktop
3931,3,20260803,20,1204,8,4,640.8,0.11,2281.25,Credit Card,Desktop
3932,1763,20260726,48,1872,75,1,296.58,0.08,272.85,Credit Card,Mobile
3933,3328,20260807,22,91,97,1,127.01,0.05,120.66,Credit Card,Desktop
3934,3231,20261224,27,1455,65,4,347.36,0.11,1236.6,PayPal,Mobile
3935,174,20261123,20,252,41,1,584.88,0.19,473.75,PayPal,Mobile
3936,2228,20260421,27,1464,92,2,255.84,0.04,491.21,PayPal,Desktop
3937,1286,20260101,21,1535,1,2,145.4,0.07,270.44,Credit Card,Mobile
3938,791,20261028,34,24,14,3,371.8,0.26,825.4,Credit Card,Mobile
3939,3507,20260405,30,194,70,1,862.79,0.24,655.72,Credit Card,Desktop
3940,2680,20261014,6,1225,38,3,102.06,0.22,238.82,PayPal,Mobile
3941,2966,20260408,24,75,46,1,917.68,0.19,743.32,Debit Card,Mobile
3942,3321,20261022,38,456,74,2,140.14,0.24,213.01,Debit Card,Desktop
3943,2018,20260211,5,990,1,2,526.58,0.24,800.4,PayPal,Mobile
3944,2448,20261125,14,1449,21,2,345.63,0.28,497.71,PayPal,Desktop
3945,416,20260109,39,866,11,1,515.88,0.27,376.59,Credit Card,Mobile
3946,798,20260417,18,1181,46,2,822.14,0.02,1611.39,Credit Card,Mobile
3947,3161,20260122,17,85,86,1,584.41,0.28,420.78,Credit Card,Mobile
3948,3805,20260902,31,1016,47,3,879.14,0.02,2584.67,PayPal,Desktop
3949,2216,20260717,1,796,52,1,196.77,0.13,171.19,Credit Card,Mobile
3950,743,20261220,27,1616,95,3,922.23,0.28,1992.02,Credit Card,Mobile
3951,1591,20261129,38,1701,48,1,268.08,0.02,262.72,Credit Card,Desktop
3952,452,20260612,8,1136,56,3,515.87,0.03,1501.18,Credit Card,Mobile
3953,2990,20261005,9,1769,86,2,127.78,0.04,245.34,PayPal,Mobile
3954,908,20261214,13,122,24,3,633.85,0.18,1559.27,Debit Card,Desktop
3955,2029,20261026,38,1476,18,2,881.08,0.15,1497.84,Credit Card,Desktop
3956,3343,20260319,43,699,77,2,260.1,0.24,395.35,Debit Card,Mobile
3957,2594,20260111,7,1169,98,3,887.4,0.21,2103.14,Debit Card,Mobile
3958,365,20260528,5,289,97,1,391.34,0.1,352.21,Credit Card,Mobile
3959,3220,20260805,18,1590,14,1,55.59,0.04,53.37,PayPal,Mobile
3960,1668,20260510,3,1795,70,4,292.35,0.24,888.74,PayPal,Mobile
3961,1052,20261221,3,1648,100,1,630.63,0.27,460.36,PayPal,Mobile
3962,1149,20260520,37,1793,46,4,453.61,0.1,1633.0,Credit Card,Desktop
3963,3032,20260106,22,1698,65,1,611.09,0.24,464.43,Credit Card,Desktop
3964,1395,20260309,26,886,77,1,707.7,0.14,608.62,PayPal,Mobile
3965,3413,20261217,23,1171,84,2,637.33,0.16,1070.71,Credit Card,Desktop
3966,321,20260513,20,294,86,4,184.58,0.29,524.21,PayPal,Mobile
3967,3521,20260529,42,908,56,1,639.28,0.14,549.78,Credit Card,Desktop
3968,1179,20260408,30,832,97,4,690.76,0.19,2238.06,Debit Card,Mobile
3969,393,20261104,26,1922,37,2,816.1,0.06,1534.27,Debit Card,Mobile
3970,1923,20260926,19,1377,92,2,981.39,0.12,1727.25,Debit Card,Desktop
3971,3205,20261026,44,794,17,4,911.3,0.04,3499.39,PayPal,Desktop
3972,1585,20260718,9,1575,93,2,130.56,0.23,201.06,PayPal,Desktop
3973,2445,20260811,34,262,35,3,57.48,0.06,162.09,Debit Card,Desktop
3974,1514,20260905,25,323,64,3,667.94,0.04,1923.67,PayPal,Desktop
3975,3674,20261217,24,1684,64,2,330.58,0.05,628.1,Credit Card,Mobile
3976,607,20260214,18,368,26,3,730.96,0.04,2105.16,Debit Card,Mobile
3977,139,20260624,1,1068,42,1,836.41,0.12,736.04,PayPal,Desktop
3978,737,20261104,7,742,8,4,420.95,0.02,1650.12,Debit Card,Mobile
3979,3675,20260105,15,677,26,1,644.64,0.27,470.59,Credit Card,Mobile
3980,1695,20260302,2,675,79,4,539.28,0.11,1919.84,PayPal,Mobile
3981,520,20260528,47,1471,92,2,680.69,0.07,1266.08,Credit Card,Mobile
3982,3598,20261106,38,555,34,1,130.94,0.04,125.7,PayPal,Mobile
3983,2861,20260225,42,1636,10,2,803.19,0.08,1477.87,Debit Card,Mobile
3984,912,20261003,17,1423,26,2,929.93,0.15,1580.88,PayPal,Desktop
3985,2823,20260904,20,93,97,4,612.15,0.16,2056.82,Credit Card,Mobile
3986,935,20260228,6,445,63,4,455.73,0.16,1531.25,PayPal,Mobile
3987,175,20260915,44,1161,50,4,153.6,0.0,614.4,Credit Card,Desktop
3988,1898,20260325,34,1582,79,1,974.75,0.1,877.27,Debit Card,Mobile
3989,1850,20261214,19,1590,45,3,365.87,0.15,932.97,Credit Card,Desktop
3990,2141,20260420,35,295,26,4,778.88,0.09,2835.12,PayPal,Desktop
3991,3064,20261117,12,263,82,4,191.64,0.09,697.57,Debit Card,Mobile
3992,3974,20260617,34,1392,72,1,160.92,0.27,117.47,Credit Card,Mobile
3993,1378,20260619,24,472,71,4,93.76,0.07,348.79,PayPal,Mobile
3994,1074,20260919,29,813,61,1,964.07,0.05,915.87,Debit Card,Desktop
3995,2214,20260713,35,1987,64,2,723.16,0.16,1214.91,Debit Card,Desktop
3996,324,20261228,47,1363,17,4,711.48,0.15,2419.03,Credit Card,Desktop
3997,3366,20260610,14,1468,50,4,247.23,0.21,781.25,PayPal,Desktop
3998,3073,20261106,46,280,51,2,230.1,0.11,409.58,Credit Card,Mobile
3999,1211,20261203,46,1841,11,2,672.1,0.14,1156.01,Debit Card,Desktop
4000,63,20260423,25,168,36,2,53.6,0.25,80.4,Debit Card,Desktop
4001,1565,20260314,20,722,91,4,611.34,0.26,1809.57,Debit Card,Desktop
4002,2438,20260519,40,1742,62,3,934.99,0.06,2636.67,Credit Card,Mobile
4003,3354,20261216,16,1817,36,3,858.73,0.07,2395.86,PayPal,Desktop
4004,1915,20260326,2,189,4,3,641.11,0.25,1442.5,Credit Card,Mobile
4005,2457,20261121,39,1017,47,4,337.42,0.09,1228.21,PayPal,Desktop
4006,3006,20261010,34,1073,65,2,731.09,0.19,1184.37,Credit Card,Desktop
4007,3811,20260920,9,237,47,4,433.3,0.28,1247.9,PayPal,Mobile
4008,1791,20260913,15,1055,17,2,626.65,0.07,1165.57,Debit Card,Desktop
4009,863,20261026,14,241,21,4,874.11,0.29,2482.47,Credit Card,Mobile
4010,2281,20260428,3,1904,57,4,877.4,0.1,3158.64,Credit Card,Desktop
4011,1279,20260819,47,1929,95,2,246.4,0.04,473.09,PayPal,Mobile
4012,1932,20260722,47,1759,64,3,577.8,0.09,1577.39,Debit Card,Mobile
4013,1684,20260824,49,724,52,2,67.1,0.12,118.1,Credit Card,Mobile
4014,2938,20261211,9,332,71,1,968.63,0.11,862.08,Credit Card,Mobile
4015,521,20260403,8,1190,28,1,798.07,0.19,646.44,PayPal,Desktop
4016,1072,20261003,49,902,18,2,206.78,0.17,343.25,Debit Card,Desktop
4017,810,20261229,1,1857,39,4,800.92,0.18,2627.02,PayPal,Desktop
4018,2335,20261126,11,1357,98,1,606.92,0.25,455.19,Credit Card,Desktop
4019,3635,20260725,18,1113,46,1,677.13,0.12,595.87,Credit Card,Mobile
4020,1084,20260404,14,697,67,4,242.27,0.2,775.26,PayPal,Desktop
4021,461,20261024,34,1348,40,4,884.37,0.17,2936.11,Debit Card,Desktop
4022,485,20260220,2,1788,50,3,196.32,0.08,541.84,PayPal,Mobile
4023,3102,20260828,46,39,40,4,579.46,0.03,2248.3,PayPal,Mobile
4024,389,20260712,6,1412,53,2,289.8,0.28,417.31,PayPal,Desktop
4025,3360,20261024,36,1652,81,2,382.13,0.11,680.19,PayPal,Desktop
4026,2551,20261021,16,1024,74,3,935.45,0.05,2666.03,Credit Card,Mobile
4027,3726,20260417,45,807,44,1,774.91,0.12,681.92,PayPal,Desktop
4028,2129,20260401,32,976,63,1,514.42,0.14,442.4,Debit Card,Mobile
4029,855,20260704,50,633,12,4,798.9,0.13,2780.17,Debit Card,Desktop
4030,3173,20261101,36,49,71,2,119.33,0.1,214.79,PayPal,Desktop
4031,534,20260402,13,411,78,1,460.74,0.15,391.63,PayPal,Mobile
4032,471,20261214,24,1774,4,3,820.84,0.25,1846.89,Credit Card,Mobile
4033,1370,20260208,20,1077,1,3,127.9,0.18,314.63,Debit Card,Desktop
4034,1029,20260404,32,1267,21,2,761.91,0.12,1340.96,Credit Card,Desktop
4035,3539,20261027,47,1075,51,3,623.52,0.03,1814.44,Credit Card,Desktop
4036,76,20260509,20,1719,81,3,834.24,0.21,1977.15,PayPal,Mobile
4037,2173,20260625,43,1889,4,2,982.18,0.14,1689.35,Debit Card,Desktop
4038,2730,20261110,15,793,58,4,941.68,0.11,3352.38,Credit Card,Mobile
4039,3281,20261027,12,1560,25,4,691.81,0.04,2656.55,Debit Card,Mobile
4040,235,20260810,24,1043,50,3,340.28,0.2,816.67,PayPal,Desktop
4041,2542,20260323,31,213,86,4,901.01,0.27,2630.95,PayPal,Desktop
4042,801,20260705,11,1574,63,4,919.26,0.13,3199.02,Debit Card,Mobile
4043,2777,20260302,40,197,60,3,159.85,0.1,431.59,PayPal,Desktop
4044,3428,20260416,27,10,76,4,644.08,0.05,2447.5,Debit Card,Desktop
4045,3554,20260728,42,1407,71,3,532.97,0.21,1263.14,Debit Card,Mobile
4046,2759,20260118,39,972,26,1,931.5,0.16,782.46,Debit Card,Desktop
4047,3403,20260903,38,601,28,2,868.89,0.25,1303.34,PayPal,Mobile
4048,210,20260730,11,784,26,2,310.12,0.27,452.78,Credit Card,Desktop
4049,3626,20260722,49,1791,45,4,847.67,0.2,2712.54,PayPal,Desktop
4050,2687,20260516,48,794,50,4,748.58,0.16,2515.23,PayPal,Desktop
4051,3050,20261026,6,715,46,4,651.36,0.29,1849.86,PayPal,Mobile
4052,3538,20260521,21,1327,5,2,860.99,0.27,1257.05,PayPal,Mobile
4053,1814,20260510,32,348,77,1,72.34,0.11,64.38,PayPal,Mobile
4054,3064,20261014,34,1252,51,1,738.73,0.2,590.98,Debit Card,Mobile
4055,111,20261125,16,904,45,2,642.56,0.1,1156.61,Debit Card,Mobile
4056,2180,20260904,14,407,94,1,548.73,0.11,488.37,PayPal,Desktop
4057,2487,20260726,8,508,53,2,601.33,0.06,1130.5,PayPal,Desktop
4058,2854,20260605,18,1662,100,1,977.22,0.16,820.86,Credit Card,Desktop
4059,3289,20260424,18,179,46,3,485.67,0.02,1427.87,Credit Card,Desktop
4060,1055,20260422,2,644,14,3,217.84,0.3,457.46,Credit Card,Mobile
4061,2184,20260728,29,1294,75,2,392.92,0.07,730.83,Debit Card,Mobile
4062,1914,20260414,18,1327,55,1,896.31,0.28,645.34,Debit Card,Desktop
4063,3485,20260810,9,1851,63,4,758.29,0.07,2820.84,Credit Card,Desktop
4064,3206,20260516,4,1452,98,1,155.89,0.18,127.83,PayPal,Desktop
4065,734,20260205,41,1002,56,3,100.7,0.03,293.04,Credit Card,Desktop
4066,1344,20261001,8,803,39,3,154.67,0.26,343.37,PayPal,Desktop
4067,2597,20261031,31,415,67,1,887.09,0.14,762.9,Credit Card,Mobile
4068,881,20260112,21,916,84,1,455.76,0.08,419.3,Debit Card,Desktop
4069,862,20261228,22,47,45,4,949.16,0.16,3189.18,PayPal,Mobile
4070,119,20260729,47,827,68,4,80.12,0.23,246.77,Debit Card,Desktop
4071,349,20260810,41,1733,90,1,768.41,0.02,753.04,PayPal,Mobile
4072,2945,20260323,26,1890,13,1,619.73,0.07,576.35,Credit Card,Mobile
4073,1491,20260307,39,1321,76,1,228.22,0.14,196.27,PayPal,Desktop
4074,849,20261211,16,1021,53,1,147.33,0.22,114.92,PayPal,Desktop
4075,3189,20260105,1,1003,75,2,367.74,0.21,581.03,Credit Card,Mobile
4076,2627,20261118,24,244,4,1,812.51,0.12,715.01,Debit Card,Desktop
4077,2162,20260121,14,1560,69,4,521.16,0.29,1480.09,PayPal,Desktop
4078,3969,20260814,13,1650,2,3,554.36,0.08,1530.03,Credit Card,Desktop
4079,873,20260922,28,1905,43,2,849.35,0.11,1511.84,PayPal,Desktop
4080,3595,20261220,17,1271,17,1,694.47,0.26,513.91,Debit Card,Mobile
4081,483,20260921,29,1135,65,3,104.87,0.0,314.61,Credit Card,Desktop
4082,1754,20260512,32,1525,67,2,283.42,0.28,408.12,Debit Card,Desktop
4083,2257,20260514,36,1350,74,3,994.15,0.27,2177.19,Debit Card,Mobile
4084,2563,20260113,3,945,81,1,239.91,0.06,225.52,Debit Card,Desktop
4085,633,20260103,28,1269,80,1,852.5,0.25,639.38,Credit Card,Mobile
4086,2659,20260705,3,1842,17,4,201.01,0.25,603.03,PayPal,Desktop
4087,2460,20260715,11,1865,32,1,236.04,0.01,233.68,Debit Card,Desktop
4088,1003,20260630,2,902,77,1,301.5,0.0,301.5,PayPal,Mobile
4089,247,20260630,12,1399,60,2,311.42,0.24,473.36,Credit Card,Mobile
4090,2573,20260114,39,732,28,4,161.6,0.26,478.34,Credit Card,Desktop
4091,322,20260103,43,1941,69,2,70.89,0.04,136.11,Credit Card,Mobile
4092,518,20261221,4,617,68,3,861.61,0.28,1861.08,Credit Card,Mobile
4093,3726,20261018,23,609,68,1,275.64,0.29,195.7,Debit Card,Desktop
4094,3099,20260422,32,1229,58,3,919.46,0.11,2454.96,Credit Card,Mobile
4095,2785,20260519,21,485,68,2,839.48,0.1,1511.06,Credit Card,Desktop
4096,3521,20260213,44,385,98,1,558.99,0.15,475.14,PayPal,Mobile
4097,2404,20260812,23,1778,13,1,935.21,0.26,692.06,PayPal,Desktop
4098,1913,20260405,44,858,100,2,877.28,0.11,1561.56,PayPal,Mobile
4099,999,20260622,4,1919,66,2,910.0,0.18,1492.4,Credit Card,Desktop
4100,3039,20261114,33,929,50,2,361.93,0.09,658.71,Credit Card,Desktop
4101,2100,20260108,36,577,75,2,833.33,0.23,1283.33,PayPal,Mobile
4102,558,20260616,42,523,37,2,750.24,0.15,1275.41,Debit Card,Desktop
4103,1818,20260122,27,1220,47,1,275.46,0.1,247.91,Debit Card,Desktop
4104,862,20261104,24,1764,43,2,712.88,0.23,1097.84,PayPal,Mobile
4105,2720,20260201,10,915,57,1,532.4,0.21,420.6,Debit Card,Desktop
4106,2035,20260817,32,557,48,1,779.26,0.14,670.16,PayPal,Mobile
4107,517,20260709,14,1054,58,2,319.68,0.21,505.09,Credit Card,Desktop
4108,2442,20261028,31,1261,5,2,821.62,0.07,1528.21,Credit Card,Desktop
4109,3657,20260201,24,1229,37,4,725.16,0.26,2146.47,PayPal,Desktop
4110,3672,20261019,17,1889,93,1,703.59,0.12,619.16,Credit Card,Desktop
4111,1397,20260807,27,1350,63,2,175.94,0.2,281.5,Credit Card,Mobile
4112,3694,20260618,2,1905,22,2,395.81,0.07,736.21,Debit Card,Desktop
4113,86,20260817,25,617,16,2,300.33,0.22,468.51,Credit Card,Mobile
4114,1477,20260909,13,1650,9,4,190.15,0.14,654.12,Debit Card,Desktop
4115,423,20260227,32,1857,82,4,708.76,0.06,2664.94,Credit Card,Mobile
4116,2277,20260623,16,1619,38,3,318.77,0.11,851.12,Debit Card,Desktop
4117,1490,20261115,28,1642,24,1,965.25,0.27,704.63,Credit Card,Desktop
4118,834,20261013,24,1627,85,3,958.5,0.2,2300.4,Debit Card,Desktop
4119,3205,20260801,40,730,98,2,533.53,0.17,885.66,Credit Card,Desktop
4120,3110,20261025,46,105,38,4,137.07,0.15,466.04,Credit Card,Mobile
4121,2788,20260831,31,1146,42,4,134.35,0.27,392.3,Credit Card,Mobile
4122,949,20261117,15,801,72,3,732.29,0.14,1889.31,Debit Card,Mobile
4123,281,20261112,43,1393,54,4,697.57,0.07,2594.96,Credit Card,Desktop
4124,137,20261127,24,762,98,2,695.26,0.29,987.27,PayPal,Mobile
4125,3446,20261102,14,355,6,4,124.36,0.03,482.52,Credit Card,Desktop
4126,778,20260526,44,1389,94,3,96.06,0.18,236.31,Credit Card,Mobile
4127,175,20261020,12,1863,1,2,461.76,0.15,784.99,PayPal,Mobile
4128,695,20261006,42,1950,9,3,582.49,0.13,1520.3,PayPal,Mobile
4129,1843,20260928,34,204,97,4,332.3,0.29,943.73,Debit Card,Desktop
4130,1119,20260810,9,1514,2,3,433.97,0.22,1015.49,PayPal,Mobile
4131,1205,20260603,12,1522,99,3,536.88,0.03,1562.32,Debit Card,Desktop
4132,3344,20260530,27,629,36,1,506.7,0.04,486.43,Credit Card,Desktop
4133,2803,20260826,49,341,98,4,665.83,0.06,2503.52,Debit Card,Desktop
4134,2668,20260728,21,1062,12,4,277.64,0.18,910.66,PayPal,Desktop
4135,2497,20260816,37,346,40,3,833.55,0.09,2275.59,Debit Card,Desktop
4136,1054,20261206,25,1671,79,1,133.9,0.28,96.41,Credit Card,Desktop
4137,3310,20260508,28,827,40,4,137.26,0.1,494.14,PayPal,Mobile
4138,626,20260411,41,776,75,2,634.3,0.0,1268.6,Credit Card,Desktop
4139,1600,20260518,27,1368,67,3,777.39,0.18,1912.38,Credit Card,Mobile
4140,570,20261205,37,1601,19,4,987.04,0.05,3750.75,Credit Card,Mobile
4141,761,20260517,4,464,60,2,414.52,0.15,704.68,Credit Card,Mobile
4142,219,20260906,25,1384,92,4,721.65,0.23,2222.68,Credit Card,Mobile
4143,2896,20260921,34,1974,42,2,442.99,0.28,637.91,Debit Card,Mobile
4144,1343,20260127,38,789,88,3,931.83,0.24,2124.57,Debit Card,Desktop
4145,3753,20261206,24,1691,59,4,429.42,0.25,1288.26,PayPal,Desktop
4146,1445,20261015,22,138,95,4,693.15,0.02,2717.15,Credit Card,Desktop
4147,1070,20261123,41,524,78,1,761.18,0.2,608.94,Debit Card,Mobile
4148,150,20260801,24,842,14,3,919.71,0.05,2621.17,Debit Card,Desktop
4149,1038,20260701,12,87,8,2,233.24,0.08,429.16,Debit Card,Mobile
4150,1815,20260214,17,934,92,4,981.65,0.15,3337.61,Credit Card,Desktop
4151,2587,20260312,37,190,74,4,98.17,0.1,353.41,PayPal,Desktop
4152,1394,20261210,27,767,81,2,946.85,0.01,1874.76,Credit Card,Mobile
4153,1309,20260425,4,1113,12,3,350.77,0.26,778.71,PayPal,Desktop
4154,2907,20260407,37,1026,61,1,916.82,0.25,687.62,Debit Card,Desktop
4155,2007,20261230,43,1211,89,1,995.35,0.06,935.63,PayPal,Mobile
4156,393,20260523,1,824,6,4,172.41,0.06,648.26,PayPal,Mobile
4157,520,20260909,39,167,68,2,91.06,0.11,162.09,Debit Card,Desktop
4158,3414,20260824,19,1189,99,4,905.17,0.2,2896.54,Debit Card,Desktop
4159,544,20261113,31,39,91,2,618.67,0.1,1113.61,Credit Card,Desktop
4160,464,20261112,19,442,41,1,639.41,0.03,620.23,PayPal,Mobile
4161,2571,20260123,31,982,94,3,346.51,0.26,769.25,PayPal,Desktop
4162,45,20260305,39,1539,20,2,259.78,0.13,452.02,Credit Card,Mobile
4163,1390,20260725,13,1686,59,1,572.27,0.14,492.15,Credit Card,Desktop
4164,180,20260817,19,504,11,4,277.25,0.25,831.75,PayPal,Mobile
4165,736,20260816,27,871,53,2,317.9,0.24,483.21,Debit Card,Desktop
4166,355,20260123,27,1983,46,3,216.76,0.06,611.26,Debit Card,Mobile
4167,1335,20260803,22,693,20,4,774.69,0.08,2850.86,Debit Card,Desktop
4168,1660,20260313,41,1827,61,4,899.54,0.2,2878.53,PayPal,Mobile
4169,32,20260315,1,1822,46,1,481.96,0.09,438.58,PayPal,Desktop
4170,12,20261009,21,947,10,2,513.06,0.13,892.72,Credit Card,Mobile
4171,1570,20260212,30,1781,89,4,712.93,0.03,2766.17,PayPal,Mobile
4172,3260,20260403,13,1177,30,3,973.25,0.11,2598.58,PayPal,Mobile
4173,2170,20260109,19,1504,75,2,648.16,0.11,1153.72,PayPal,Desktop
4174,1938,20260211,4,1836,57,3,877.33,0.13,2289.83,PayPal,Desktop
4175,2163,20260407,15,66,19,4,188.02,0.03,729.52,Debit Card,Mobile
4176,2165,20260722,22,1287,88,3,699.23,0.12,1845.97,Debit Card,Mobile
4177,1248,20261021,5,1754,100,1,73.32,0.22,57.19,PayPal,Mobile
4178,135,20260615,50,648,13,3,724.59,0.16,1825.97,Credit Card,Mobile
4179,2964,20260408,16,460,54,2,320.21,0.23,493.12,Credit Card,Mobile
4180,1509,20260104,45,620,25,3,349.92,0.21,829.31,Debit Card,Mobile
4181,1155,20260102,8,831,99,3,598.76,0.16,1508.88,Debit Card,Mobile
4182,2650,20260819,10,197,60,1,932.62,0.01,923.29,Credit Card,Desktop
4183,1397,20260814,46,1434,80,3,108.41,0.25,243.92,Credit Card,Mobile
4184,2316,20260419,48,964,12,3,924.4,0.19,2246.29,Debit Card,Desktop
4185,2479,20260714,29,768,5,4,552.73,0.14,1901.39,Debit Card,Mobile
4186,2824,20260910,50,1153,31,4,954.25,0.07,3549.81,Credit Card,Mobile
4187,3656,20260130,38,172,100,2,701.35,0.22,1094.11,Debit Card,Mobile
4188,2412,20260507,14,1822,49,4,731.6,0.02,2867.87,Debit Card,Desktop
4189,1056,20260115,47,615,6,4,543.18,0.21,1716.45,Debit Card,Desktop
4190,3802,20261227,23,1696,20,4,731.51,0.19,2370.09,PayPal,Desktop
4191,1914,20261020,2,1360,64,4,242.5,0.25,727.5,Debit Card,Desktop
4192,3561,20260104,1,961,69,1,597.72,0.12,525.99,PayPal,Desktop
4193,747,20260806,29,227,75,4,189.84,0.28,546.74,PayPal,Mobile
4194,3819,20260730,41,1347,50,1,74.77,0.04,71.78,PayPal,Mobile
4195,3544,20260304,2,1515,16,1,583.06,0.15,495.6,Credit Card,Mobile
4196,279,20260812,38,571,74,4,846.52,0.18,2776.59,Credit Card,Mobile
4197,805,20261201,9,1024,89,3,493.99,0.01,1467.15,Debit Card,Mobile
4198,3287,20260928,43,1366,89,1,72.92,0.28,52.5,PayPal,Desktop
4199,3215,20260827,4,174,36,3,832.12,0.26,1847.31,PayPal,Desktop
4200,3609,20260310,7,216,73,3,712.78,0.15,1817.59,Debit Card,Desktop
4201,3723,20261128,26,627,56,4,673.24,0.22,2100.51,Credit Card,Desktop
4202,2436,20260819,24,800,90,2,242.17,0.1,435.91,PayPal,Mobile
4203,1451,20261031,8,1989,27,4,826.56,0.04,3173.99,Debit Card,Desktop
4204,2331,20260503,48,1358,59,2,862.71,0.22,1345.83,Debit Card,Mobile
4205,434,20260630,28,957,96,2,92.64,0.15,157.49,Debit Card,Desktop
4206,495,20261124,36,268,94,4,499.24,0.11,1777.29,Credit Card,Desktop
4207,1156,20260912,32,924,78,4,299.03,0.13,1040.62,Credit Card,Desktop
4208,3872,20261111,22,1341,71,2,932.08,0.2,1491.33,Debit Card,Mobile
4209,2371,20261002,38,962,97,4,273.44,0.12,962.51,Credit Card,Mobile
4210,329,20260629,40,410,8,2,187.37,0.01,370.99,PayPal,Desktop
4211,610,20260511,25,1659,63,3,454.5,0.17,1131.7,Credit Card,Mobile
4212,775,20261019,14,757,31,4,449.22,0.18,1473.44,PayPal,Mobile
4213,2274,20260419,31,1141,28,3,645.76,0.07,1801.67,Credit Card,Desktop
4214,3268,20261125,48,1483,62,1,423.65,0.04,406.7,Debit Card,Mobile
4215,1735,20260501,45,352,7,3,362.95,0.1,979.96,Credit Card,Desktop
4216,2066,20261009,8,233,24,3,958.3,0.08,2644.91,PayPal,Mobile
4217,807,20260726,19,1528,48,2,611.35,0.2,978.16,Credit Card,Desktop
4218,523,20260429,9,1186,29,3,592.06,0.05,1687.37,Credit Card,Desktop
4219,3710,20261127,1,1625,32,4,487.09,0.13,1695.07,PayPal,Desktop
4220,1530,20261218,49,1320,83,2,735.16,0.25,1102.74,Credit Card,Desktop
4221,2028,20260616,47,989,100,1,967.16,0.21,764.06,PayPal,Mobile
4222,515,20260823,43,617,28,4,335.62,0.02,1315.63,Debit Card,Desktop
4223,2850,20260416,5,141,89,1,382.26,0.15,324.92,Debit Card,Desktop
4224,3687,20260630,30,324,7,3,80.07,0.18,196.97,PayPal,Desktop
4225,1559,20260921,38,1438,48,4,82.91,0.24,252.05,Debit Card,Desktop
4226,808,20260802,13,1181,13,4,227.13,0.18,744.99,Debit Card,Desktop
4227,2200,20260824,21,665,3,1,977.66,0.24,743.02,Debit Card,Desktop
4228,3752,20260427,18,545,14,4,785.31,0.17,2607.23,Credit Card,Mobile
4229,3193,20260109,48,1215,61,4,334.85,0.26,991.16,Debit Card,Mobile
4230,470,20260628,1,219,68,4,314.48,0.18,1031.49,Credit Card,Desktop
4231,466,20261109,14,1965,20,3,898.97,0.19,2184.5,PayPal,Mobile
4232,861,20260709,34,629,65,1,475.88,0.29,337.87,PayPal,Mobile
4233,154,20260221,13,614,59,4,134.69,0.21,425.62,Debit Card,Desktop
4234,3429,20260128,27,587,88,2,660.87,0.26,978.09,Credit Card,Desktop
4235,3722,20260406,21,582,54,2,336.79,0.28,484.98,Credit Card,Mobile
4236,1400,20260402,46,514,50,2,963.44,0.25,1445.16,PayPal,Mobile
4237,17,20260315,32,1714,11,2,680.43,0.17,1129.51,Debit Card,Mobile
4238,1569,20261208,4,1881,80,3,330.35,0.08,911.77,Debit Card,Desktop
4239,208,20260830,27,104,32,4,700.92,0.22,2186.87,PayPal,Mobile
4240,1465,20260127,7,802,25,1,469.42,0.3,328.59,Debit Card,Mobile
4241,350,20260208,48,364,1,4,296.77,0.23,914.05,Credit Card,Mobile
4242,1636,20260530,5,785,66,3,651.45,0.15,1661.2,Credit Card,Desktop
4243,2166,20260812,47,1955,43,2,290.44,0.25,435.66,Debit Card,Mobile
4244,1606,20260409,24,1497,2,3,257.42,0.06,725.92,Credit Card,Desktop
4245,3707,20261102,28,1427,98,4,810.12,0.02,3175.67,Debit Card,Mobile
4246,1529,20260813,47,970,71,1,664.46,0.03,644.53,Credit Card,Mobile
4247,1246,20261227,38,366,22,3,362.73,0.22,848.79,Credit Card,Mobile
4248,656,20261126,37,1194,78,1,701.3,0.2,561.04,Debit Card,Mobile
4249,345,20260529,14,1671,66,3,154.65,0.0,463.95,Debit Card,Desktop
4250,1166,20261023,11,845,42,1,602.03,0.17,499.68,Credit Card,Mobile
4251,126,20260303,7,923,39,1,837.41,0.25,628.06,Credit Card,Mobile
4252,1240,20260127,45,630,56,2,638.32,0.15,1085.14,PayPal,Desktop
4253,304,20260726,45,1111,19,1,395.79,0.09,360.17,Debit Card,Mobile
4254,1873,20261104,43,670,78,2,168.39,0.2,269.42,Credit Card,Desktop
4255,2363,20260609,8,1862,41,4,958.76,0.21,3029.68,Credit Card,Mobile
4256,390,20260228,7,391,8,4,581.76,0.01,2303.77,PayPal,Desktop
4257,3395,20260312,35,1572,22,2,256.84,0.11,457.18,Credit Card,Desktop
4258,3985,20260404,1,1490,17,2,565.99,0.28,815.03,Credit Card,Desktop
4259,3415,20260722,6,1290,32,3,215.45,0.12,568.79,Credit Card,Mobile
4260,3963,20260313,49,1805,33,3,347.48,0.28,750.56,Credit Card,Mobile
4261,3333,20261002,29,971,50,3,452.72,0.24,1032.2,Credit Card,Desktop
4262,2670,20260310,41,1913,85,4,638.13,0.22,1990.97,PayPal,Desktop
4263,2902,20261124,26,1864,61,3,720.78,0.27,1578.51,Debit Card,Mobile
4264,2045,20261004,32,1768,18,1,715.76,0.27,522.5,Credit Card,Mobile
4265,1197,20260818,45,107,3,1,667.77,0.05,634.38,Credit Card,Mobile
4266,3500,20261224,5,39,89,3,84.01,0.24,191.54,PayPal,Desktop
4267,3993,20260316,9,706,36,1,319.47,0.14,274.74,Credit Card,Desktop
4268,3052,20260627,43,1090,76,4,324.87,0.02,1273.49,PayPal,Mobile
4269,1780,20261031,49,1483,97,1,218.99,0.3,153.29,PayPal,Mobile
4270,900,20261025,36,1347,14,4,573.36,0.21,1811.82,PayPal,Mobile
4271,2655,20260919,13,1988,86,2,597.73,0.27,872.69,PayPal,Mobile
4272,88,20260824,31,1812,95,2,571.82,0.13,994.97,Credit Card,Desktop
4273,3702,20260403,30,1584,84,2,668.18,0.07,1242.81,Credit Card,Mobile
4274,964,20260924,5,1681,11,2,633.49,0.11,1127.61,PayPal,Desktop
4275,332,20261216,42,392,41,1,599.67,0.06,563.69,Credit Card,Desktop
4276,29,20261229,31,1751,84,3,494.2,0.02,1452.95,Credit Card,Desktop
4277,2260,20260903,50,1849,39,1,406.21,0.22,316.84,PayPal,Desktop
4278,3740,20261204,26,406,45,4,598.98,0.18,1964.65,Debit Card,Desktop
4279,514,20260916,50,145,31,1,445.34,0.29,316.19,PayPal,Mobile
4280,2503,20260616,50,1686,33,1,916.36,0.11,815.56,PayPal,Desktop
4281,3688,20260703,24,1194,43,4,314.01,0.05,1193.24,Debit Card,Mobile
4282,2900,20260411,3,1521,42,2,826.28,0.25,1239.42,PayPal,Mobile
4283,853,20260629,43,1411,46,2,329.44,0.17,546.87,Credit Card,Mobile
4284,1404,20260114,7,1378,30,2,616.82,0.15,1048.59,Debit Card,Mobile
4285,41,20260725,22,1504,4,3,768.49,0.22,1798.27,Debit Card,Mobile
4286,3710,20260909,10,289,31,4,275.48,0.26,815.42,Debit Card,Mobile
4287,2058,20260803,30,1779,6,4,872.86,0.15,2967.72,PayPal,Mobile
4288,2233,20261214,8,287,67,1,213.86,0.19,173.23,Credit Card,Desktop
4289,3343,20260202,40,1340,93,3,892.5,0.26,1981.35,PayPal,Mobile
4290,1816,20260630,48,1397,96,2,947.31,0.09,1724.1,Debit Card,Mobile
4291,3069,20260303,21,1942,75,3,117.08,0.05,333.68,Debit Card,Mobile
4292,360,20260912,20,1242,27,4,896.59,0.07,3335.31,Credit Card,Mobile
4293,664,20260109,16,111,56,4,996.5,0.15,3388.1,PayPal,Desktop
4294,108,20261025,2,482,69,1,894.19,0.2,715.35,Credit Card,Mobile
4295,3899,20260505,24,1465,12,1,719.74,0.09,654.96,PayPal,Mobile
4296,1248,20260123,5,1447,33,4,172.54,0.15,586.64,Credit Card,Mobile
4297,3984,20260818,28,129,55,2,93.26,0.16,156.68,PayPal,Desktop
4298,785,20260930,12,1556,9,2,473.33,0.24,719.46,Debit Card,Desktop
4299,85,20260106,18,385,83,3,249.14,0.04,717.52,Debit Card,Desktop
4300,1252,20260511,9,214,6,4,252.39,0.06,948.99,Debit Card,Desktop
4301,1206,20260203,26,4,9,4,877.25,0.24,2666.84,Credit Card,Desktop
4302,1501,20260226,22,1967,96,2,239.31,0.07,445.12,Debit Card,Desktop
4303,3997,20260310,10,1403,88,2,94.96,0.14,163.33,Credit Card,Mobile
4304,3526,20261102,45,951,17,4,962.09,0.13,3348.07,PayPal,Mobile
4305,2912,20260908,34,1640,98,1,408.88,0.23,314.84,PayPal,Desktop
4306,2012,20261011,28,976,95,4,910.91,0.25,2732.73,Debit Card,Desktop
4307,2689,20260202,5,264,28,4,256.85,0.14,883.56,PayPal,Mobile
4308,1870,20260930,42,1303,21,2,972.41,0.07,1808.68,Credit Card,Desktop
4309,1480,20260917,8,1203,33,2,502.72,0.01,995.39,Debit Card,Desktop
4310,3396,20260914,6,1322,95,1,439.39,0.15,373.48,Debit Card,Mobile
4311,2809,20260524,2,1022,75,1,157.8,0.17,130.97,PayPal,Desktop
4312,2566,20260609,41,1629,14,3,741.52,0.01,2202.31,Debit Card,Desktop
4313,3716,20260613,37,218,99,4,534.5,0.19,1731.78,PayPal,Desktop
4314,136,20260503,24,1845,36,2,678.59,0.22,1058.6,Debit Card,Mobile
4315,2762,20260501,37,648,33,1,604.35,0.13,525.78,Credit Card,Desktop
4316,3672,20260427,30,18,18,3,540.73,0.25,1216.64,Credit Card,Desktop
4317,1879,20261122,36,1345,36,3,120.97,0.11,322.99,Credit Card,Mobile
4318,2658,20261218,23,1473,44,2,900.56,0.11,1603.0,Credit Card,Desktop
4319,148,20260517,29,1555,67,2,318.29,0.23,490.17,PayPal,Desktop
4320,3583,20260822,34,1102,76,3,494.58,0.29,1053.46,Credit Card,Mobile
4321,159,20260224,30,1597,18,1,774.17,0.01,766.43,PayPal,Mobile
4322,1272,20260522,32,1557,9,3,70.58,0.23,163.04,Credit Card,Mobile
4323,1504,20260601,43,1008,69,4,432.41,0.21,1366.42,PayPal,Mobile
4324,3902,20260524,45,637,71,4,140.04,0.27,408.92,Debit Card,Desktop
4325,3896,20260905,18,306,56,2,127.73,0.13,222.25,Credit Card,Desktop
4326,243,20260603,45,530,73,1,832.54,0.29,591.1,PayPal,Desktop
4327,482,20260829,33,949,60,1,128.06,0.24,97.33,Credit Card,Mobile
4328,193,20260505,45,585,85,4,199.18,0.14,685.18,Debit Card,Mobile
4329,3442,20260115,25,1351,55,3,490.4,0.04,1412.35,PayPal,Desktop
4330,3322,20261203,44,123,97,2,897.54,0.18,1471.97,Credit Card,Mobile
4331,415,20260514,30,906,80,3,808.19,0.07,2254.85,PayPal,Mobile
4332,1162,20260514,30,46,37,3,433.75,0.17,1080.04,PayPal,Mobile
4333,243,20260223,6,1048,55,3,932.64,0.2,2238.34,Debit Card,Mobile
4334,3778,20260311,23,1412,49,1,285.09,0.24,216.67,Debit Card,Mobile
4335,1505,20260919,39,166,61,4,797.78,0.05,3031.56,Credit Card,Mobile
4336,1886,20260506,18,406,94,1,307.67,0.27,224.6,Credit Card,Desktop
4337,117,20260715,45,678,27,4,815.76,0.14,2806.21,Debit Card,Mobile
4338,635,20260611,14,253,10,2,136.84,0.19,221.68,Debit Card,Desktop
4339,3425,20260225,2,1311,18,2,655.14,0.03,1270.97,Credit Card,Desktop
4340,1647,20260106,42,1195,27,3,514.36,0.07,1435.06,Credit Card,Mobile
4341,2765,20260704,20,543,21,4,877.59,0.05,3334.84,PayPal,Desktop
4342,3065,20260813,49,749,26,4,671.29,0.28,1933.32,PayPal,Desktop
4343,492,20261209,8,1705,53,4,179.28,0.23,552.18,Credit Card,Desktop
4344,2504,20261209,20,554,95,3,776.23,0.17,1932.81,Credit Card,Desktop
4345,3388,20261226,22,645,27,3,131.01,0.08,361.59,Debit Card,Desktop
4346,522,20261002,47,1314,80,2,972.66,0.12,1711.88,Debit Card,Mobile
4347,2378,20261001,43,637,5,1,151.14,0.26,111.84,Credit Card,Mobile
4348,2430,20260310,15,1691,45,4,235.11,0.17,780.57,PayPal,Mobile
4349,3822,20261222,41,683,83,4,245.94,0.2,787.01,Credit Card,Mobile
4350,1295,20260622,3,1788,64,1,76.62,0.24,58.23,PayPal,Mobile
4351,3364,20261027,29,1656,28,4,701.82,0.27,2049.31,Debit Card,Desktop
4352,1149,20260531,46,1437,61,3,916.47,0.11,2446.97,Debit Card,Desktop
4353,1121,20260905,37,800,34,3,290.46,0.23,670.96,PayPal,Mobile
4354,217,20260118,4,891,2,4,340.81,0.08,1254.18,Debit Card,Mobile
4355,3934,20260719,48,1376,59,3,332.77,0.13,868.53,Debit Card,Desktop
4356,3217,20260417,36,721,84,3,522.0,0.18,1284.12,Debit Card,Desktop
4357,91,20260111,17,50,60,4,603.67,0.04,2318.09,Credit Card,Desktop
4358,812,20260510,39,892,6,2,819.33,0.11,1458.41,Credit Card,Desktop
4359,3500,20260131,15,290,81,1,594.83,0.3,416.38,PayPal,Desktop
4360,1627,20260828,9,739,86,3,79.53,0.17,198.03,Credit Card,Desktop
4361,3170,20260601,4,446,17,2,241.23,0.21,381.14,Debit Card,Mobile
4362,2837,20261129,50,1198,39,3,833.97,0.22,1951.49,Credit Card,Desktop
4363,2348,20260517,23,319,88,3,940.94,0.14,2427.63,Credit Card,Desktop
4364,3729,20260216,17,1168,54,1,797.04,0.15,677.48,PayPal,Desktop
4365,2862,20260622,48,1835,46,3,930.13,0.09,2539.25,PayPal,Desktop
4366,710,20260822,29,1486,25,1,746.39,0.26,552.33,PayPal,Mobile
4367,2982,20260910,43,1641,19,1,724.15,0.09,658.98,Debit Card,Mobile
4368,3817,20260928,44,574,4,1,267.15,0.26,197.69,Credit Card,Mobile
4369,2727,20261104,9,975,50,2,966.74,0.12,1701.46,Credit Card,Desktop
4370,125,20260729,50,1365,36,4,922.22,0.08,3393.77,Credit Card,Desktop
4371,331,20260719,11,1132,49,2,369.54,0.11,657.78,Credit Card,Mobile
4372,3841,20260304,9,1449,17,4,966.58,0.11,3441.02,PayPal,Mobile
4373,2782,20260120,41,694,76,4,502.99,0.19,1629.69,Debit Card,Mobile
4374,1812,20260927,50,1908,54,1,978.44,0.28,704.48,Debit Card,Desktop
4375,1304,20260520,45,543,28,3,223.43,0.19,542.93,Credit Card,Desktop
4376,1805,20260410,34,1974,28,1,744.84,0.04,715.05,PayPal,Desktop
4377,1412,20261024,8,85,2,3,227.75,0.25,512.44,Credit Card,Desktop
4378,278,20260101,17,397,81,4,515.23,0.23,1586.91,PayPal,Desktop
4379,2332,20261223,43,1613,49,1,545.83,0.29,387.54,Debit Card,Mobile
4380,1952,20260912,16,229,4,3,114.87,0.27,251.57,Debit Card,Mobile
4381,269,20260103,36,929,29,2,582.3,0.17,966.62,Credit Card,Desktop
4382,955,20260127,30,921,30,3,502.49,0.06,1417.02,Credit Card,Mobile
4383,3877,20261110,18,1928,11,1,502.52,0.06,472.37,PayPal,Desktop
4384,3143,20260922,11,1402,89,2,372.89,0.27,544.42,Debit Card,Desktop
4385,110,20261107,34,306,53,3,656.96,0.27,1438.74,PayPal,Mobile
4386,708,20260101,2,1149,84,3,627.12,0.14,1617.97,PayPal,Desktop
4387,497,20260213,34,1197,97,3,877.84,0.28,1896.13,Debit Card,Desktop
4388,2866,20260403,21,1168,53,3,283.05,0.3,594.4,Credit Card,Mobile
4389,3321,20260501,40,1858,100,3,249.22,0.24,568.22,PayPal,Desktop
4390,3235,20260629,40,61,26,2,159.24,0.11,283.45,Credit Card,Mobile
4391,2206,20260108,4,1627,56,4,828.1,0.17,2749.29,Credit Card,Desktop
4392,3911,20260204,47,573,16,2,491.61,0.0,983.22,Credit Card,Mobile
4393,1734,20260125,32,1331,45,2,471.52,0.19,763.86,PayPal,Desktop
4394,3890,20260616,1,1204,44,2,373.64,0.16,627.72,PayPal,Mobile
4395,3395,20260605,29,361,32,4,368.5,0.09,1341.34,Debit Card,Desktop
4396,1825,20261115,12,1028,55,1,326.7,0.12,287.5,Debit Card,Mobile
4397,2826,20261004,9,81,40,4,915.71,0.09,3333.18,Credit Card,Desktop
4398,3910,20261206,45,531,52,2,357.76,0.01,708.36,Credit Card,Mobile
4399,793,20260907,19,1239,26,3,882.9,0.08,2436.8,PayPal,Desktop
4400,3882,20260224,46,1541,49,3,454.46,0.26,1008.9,Debit Card,Desktop
4401,2293,20260118,44,1797,89,2,469.54,0.27,685.53,Debit Card,Desktop
4402,309,20260930,49,177,7,3,348.93,0.08,963.05,Debit Card,Desktop
4403,1187,20260823,6,1033,58,2,659.05,0.29,935.85,PayPal,Mobile
4404,3657,20261201,21,444,59,3,600.11,0.16,1512.28,Debit Card,Mobile
4405,872,20260207,8,884,95,4,968.66,0.08,3564.67,Debit Card,Desktop
4406,604,20261213,17,506,57,1,686.49,0.16,576.65,PayPal,Mobile
4407,1977,20260519,41,1207,26,1,468.38,0.09,426.23,Debit Card,Desktop
4408,1529,20260204,26,1611,75,4,811.71,0.25,2435.13,Credit Card,Desktop
4409,206,20261223,50,1593,29,4,907.63,0.04,3485.3,PayPal,Mobile
4410,3180,20260829,32,242,19,2,955.19,0.29,1356.37,Debit Card,Desktop
4411,633,20260905,16,10,4,2,990.71,0.3,1386.99,PayPal,Desktop
4412,1430,20260823,38,236,48,2,676.75,0.26,1001.59,Credit Card,Mobile
4413,1591,20261228,25,41,1,3,339.69,0.1,917.16,PayPal,Mobile
4414,872,20260620,27,1339,78,2,921.03,0.24,1399.97,Credit Card,Mobile
4415,300,20260116,16,1684,82,4,242.08,0.27,706.87,Debit Card,Desktop
4416,1324,20261201,28,1500,69,1,229.6,0.18,188.27,Debit Card,Desktop
4417,2042,20260814,3,873,6,3,825.55,0.01,2451.88,Credit Card,Desktop
4418,1139,20260520,16,507,57,2,941.71,0.03,1826.92,Credit Card,Mobile
4419,3555,20260523,43,1000,40,3,746.59,0.02,2194.97,Debit Card,Mobile
4420,2983,20260718,41,1692,49,3,581.83,0.02,1710.58,Credit Card,Desktop
4421,1466,20260812,31,1450,63,2,227.14,0.02,445.19,Debit Card,Mobile
4422,2055,20260616,28,879,16,3,292.22,0.11,780.23,PayPal,Mobile
4423,1260,20260529,5,562,22,1,772.3,0.22,602.39,Debit Card,Desktop
4424,2973,20260430,47,1238,65,4,646.38,0.08,2378.68,PayPal,Desktop
4425,2811,20260330,37,353,11,4,447.35,0.21,1413.63,PayPal,Mobile
4426,3562,20260311,38,1710,68,1,244.71,0.07,227.58,Credit Card,Mobile
4427,1889,20260610,45,1684,16,3,585.03,0.01,1737.54,Credit Card,Mobile
4428,1119,20261205,33,530,100,2,711.24,0.09,1294.46,Debit Card,Desktop
4429,1489,20260821,43,545,15,3,927.48,0.14,2392.9,PayPal,Desktop
4430,1216,20261129,21,856,71,1,710.94,0.12,625.63,PayPal,Mobile
4431,2809,20261023,48,636,48,3,130.29,0.03,379.14,Debit Card,Desktop
4432,3876,20260909,29,1540,52,4,924.59,0.25,2773.77,Debit Card,Desktop
4433,1969,20260810,26,96,72,3,415.62,0.26,922.68,Debit Card,Mobile
4434,1401,20260105,42,287,76,1,525.13,0.22,409.6,Debit Card,Desktop
4435,290,20260618,32,745,8,4,886.44,0.28,2552.95,Debit Card,Desktop
4436,1998,20260928,10,959,47,3,177.64,0.17,442.32,Debit Card,Desktop
4437,2814,20260314,45,1135,47,3,208.28,0.13,543.61,PayPal,Mobile
4438,3387,20260801,35,958,87,4,895.89,0.05,3404.38,Credit Card,Desktop
4439,3279,20261218,31,287,40,2,311.85,0.02,611.23,Debit Card,Desktop
4440,3278,20260414,6,527,32,4,604.95,0.07,2250.41,Credit Card,Mobile
4441,2322,20260215,16,496,3,2,566.79,0.06,1065.57,Credit Card,Mobile
4442,2739,20260227,2,821,46,1,810.92,0.15,689.28,Debit Card,Desktop
4443,547,20260625,45,593,46,1,546.92,0.1,492.23,Credit Card,Desktop
4444,1688,20260223,39,937,33,4,376.42,0.08,1385.23,Debit Card,Desktop
4445,299,20261229,29,1962,74,4,956.01,0.06,3594.6,PayPal,Mobile
4446,365,20261129,43,495,43,1,526.59,0.21,416.01,Debit Card,Desktop
4447,3592,20260806,16,1346,27,2,918.17,0.13,1597.62,PayPal,Desktop
4448,2721,20261230,17,140,60,1,890.96,0.16,748.41,PayPal,Mobile
4449,189,20260617,45,252,77,4,947.32,0.12,3334.57,PayPal,Mobile
4450,3827,20260810,39,628,82,1,172.46,0.26,127.62,Debit Card,Desktop
4451,1612,20261227,44,1917,69,4,951.53,0.18,3121.02,Debit Card,Mobile
4452,479,20260809,32,1979,76,4,548.95,0.11,1954.26,Debit Card,Mobile
4453,2484,20260811,4,186,1,1,507.32,0.22,395.71,Credit Card,Desktop
4454,3223,20260209,40,641,93,2,626.38,0.02,1227.7,PayPal,Mobile
4455,1861,20260105,11,207,17,3,228.48,0.29,486.66,Credit Card,Desktop
4456,1123,20261123,23,1498,49,1,121.47,0.01,120.26,Credit Card,Desktop
4457,147,20260519,7,801,44,3,446.22,0.05,1271.73,Debit Card,Desktop
4458,869,20260422,44,723,5,1,650.56,0.07,605.02,PayPal,Mobile
4459,526,20260528,21,493,87,3,229.18,0.04,660.04,PayPal,Mobile
4460,2026,20260522,21,642,77,2,63.77,0.02,124.99,PayPal,Desktop
4461,252,20260203,10,1811,37,2,688.93,0.27,1005.84,PayPal,Desktop
4462,1999,20260408,18,756,2,1,765.37,0.1,688.83,PayPal,Mobile
4463,3502,20260507,38,1311,73,4,944.58,0.15,3211.57,PayPal,Desktop
4464,1239,20260113,13,177,4,3,182.73,0.08,504.33,PayPal,Mobile
4465,713,20260828,16,1388,43,4,510.01,0.2,1632.03,PayPal,Mobile
4466,2579,20260308,42,452,63,4,768.67,0.15,2613.48,Debit Card,Desktop
4467,1793,20260625,9,909,46,4,294.39,0.12,1036.25,Debit Card,Mobile
4468,438,20260622,19,959,13,2,354.47,0.17,588.42,Credit Card,Desktop
4469,2799,20260728,16,1189,28,1,456.59,0.1,410.93,PayPal,Mobile
4470,209,20261107,9,1970,9,1,302.94,0.14,260.53,Debit Card,Mobile
4471,3402,20261125,15,1304,32,2,143.31,0.27,209.23,PayPal,Mobile
4472,3035,20260812,35,1992,79,2,199.72,0.19,323.55,PayPal,Desktop
4473,1829,20260916,31,387,28,1,221.89,0.09,201.92,PayPal,Mobile
4474,178,20260309,15,922,15,4,622.87,0.18,2043.01,PayPal,Mobile
4475,993,20260317,37,1428,47,3,987.08,0.1,2665.12,Debit Card,Desktop
4476,3286,20261208,12,173,95,3,924.08,0.28,1996.01,Credit Card,Desktop
4477,3413,20261211,46,802,84,3,227.62,0.05,648.72,PayPal,Desktop
4478,1131,20261103,17,389,51,4,134.4,0.0,537.6,Debit Card,Mobile
4479,3374,20260720,11,1534,100,1,303.69,0.08,279.39,PayPal,Desktop
4480,2827,20261029,49,1891,91,2,138.26,0.04,265.46,Credit Card,Mobile
4481,3643,20260826,29,816,92,1,647.79,0.05,615.4,PayPal,Mobile
4482,3471,20260613,41,1039,58,4,199.35,0.15,677.79,PayPal,Desktop
4483,3752,20261209,14,386,70,2,508.28,0.02,996.23,Debit Card,Mobile
4484,3685,20260121,4,1364,55,4,63.55,0.18,208.44,Credit Card,Mobile
4485,2644,20260625,31,1909,58,3,538.76,0.26,1196.05,Debit Card,Desktop
4486,1964,20260726,11,1133,85,3,401.19,0.12,1059.14,Debit Card,Desktop
4487,3291,20261201,27,1307,28,4,76.42,0.09,278.17,Credit Card,Mobile
4488,2657,20261231,49,1373,53,2,322.69,0.11,574.39,PayPal,Desktop
4489,3010,20260203,13,682,16,2,367.48,0.22,573.27,Debit Card,Desktop
4490,3098,20260911,5,1675,66,1,243.81,0.29,173.11,Debit Card,Mobile
4491,1471,20260913,46,1674,73,3,426.09,0.2,1022.62,Debit Card,Desktop
4492,3218,20260617,41,1888,99,1,799.62,0.0,799.62,Credit Card,Mobile
4493,2333,20260818,26,1509,35,1,756.76,0.05,718.92,PayPal,Desktop
4494,655,20261123,12,1989,17,4,182.69,0.0,730.76,Debit Card,Mobile
4495,2408,20260516,41,755,93,4,371.59,0.14,1278.27,Credit Card,Desktop
4496,1693,20261125,3,560,9,1,173.94,0.15,147.85,Debit Card,Mobile
4497,2535,20260808,31,95,70,3,341.54,0.02,1004.13,Credit Card,Mobile
4498,585,20260907,8,34,80,4,197.49,0.18,647.77,Credit Card,Desktop
4499,2750,20261123,13,1242,20,1,769.35,0.09,700.11,Credit Card,Desktop
4500,2733,20260117,20,1163,51,1,132.6,0.3,92.82,Credit Card,Desktop
4501,2648,20260114,43,1212,43,1,487.82,0.13,424.4,Credit Card,Mobile
4502,2701,20261007,43,603,97,1,494.45,0.28,356.0,Debit Card,Desktop
4503,3895,20260823,29,1036,20,1,702.69,0.01,695.66,Debit Card,Desktop
4504,2489,20260724,20,1409,72,1,459.39,0.12,404.26,Credit Card,Desktop
4505,2315,20261217,41,634,27,4,828.6,0.2,2651.52,PayPal,Desktop
4506,1459,20260916,47,34,68,3,200.83,0.2,481.99,Debit Card,Desktop
4507,1750,20261024,11,1170,62,1,221.73,0.24,168.51,Credit Card,Desktop
4508,864,20260714,50,293,42,2,587.29,0.26,869.19,Debit Card,Mobile
4509,2941,20260907,27,1888,70,4,282.8,0.28,814.46,PayPal,Mobile
4510,1108,20260831,30,363,25,4,962.9,0.22,3004.25,PayPal,Mobile
4511,1764,20260510,27,815,14,1,656.13,0.26,485.54,Credit Card,Desktop
4512,2986,20260221,48,792,12,4,940.47,0.09,3423.31,PayPal,Mobile
4513,2057,20260713,36,791,97,1,876.58,0.12,771.39,PayPal,Desktop
4514,1027,20261112,39,1832,33,3,968.62,0.08,2673.39,Credit Card,Mobile
4515,2769,20261215,40,738,11,3,938.38,0.23,2167.66,PayPal,Desktop
4516,356,20261115,15,1367,39,4,721.91,0.13,2512.25,Debit Card,Mobile
4517,2687,20261015,16,1780,13,4,976.27,0.07,3631.72,PayPal,Mobile
4518,3036,20261006,13,549,61,2,76.28,0.12,134.25,Debit Card,Mobile
4519,834,20260311,32,1978,64,4,663.13,0.24,2015.92,PayPal,Mobile
4520,10,20261120,6,1590,87,2,971.24,0.17,1612.26,Credit Card,Mobile
4521,2053,20260115,49,752,24,3,122.94,0.06,346.69,Credit Card,Mobile
4522,1491,20261118,10,443,10,3,195.63,0.17,487.12,Credit Card,Mobile
4523,2781,20260722,5,597,99,1,655.3,0.21,517.69,Credit Card,Mobile
4524,1002,20260210,8,1125,77,3,209.56,0.01,622.39,Debit Card,Desktop
4525,2550,20260406,23,1238,3,2,83.22,0.03,161.45,Credit Card,Mobile
4526,1312,20261206,26,1852,74,4,784.62,0.15,2667.71,PayPal,Mobile
4527,2688,20260104,38,1309,97,1,714.2,0.21,564.22,PayPal,Mobile
4528,3931,20260826,14,1682,97,2,407.41,0.1,733.34,Credit Card,Desktop
4529,896,20260608,33,1864,100,4,553.12,0.08,2035.48,Debit Card,Mobile
4530,2945,20260710,32,624,56,1,917.49,0.09,834.92,PayPal,Mobile
4531,3678,20260228,46,1414,71,3,491.94,0.19,1195.41,Debit Card,Mobile
4532,764,20260310,3,1729,33,2,508.5,0.16,854.28,Credit Card,Mobile
4533,2945,20261116,34,20,70,4,275.54,0.3,771.51,PayPal,Mobile
4534,468,20260525,12,1715,27,1,645.74,0.17,535.96,Credit Card,Mobile
4535,1535,20260714,39,1783,91,1,682.76,0.0,682.76,Credit Card,Mobile
4536,569,20260516,44,1508,97,3,713.0,0.16,1796.76,Debit Card,Mobile
4537,605,20261231,42,1780,6,4,478.32,0.05,1817.62,Credit Card,Mobile
4538,2311,20260423,23,1486,38,3,156.12,0.13,407.47,Credit Card,Mobile
4539,109,20260327,7,1535,97,3,896.01,0.15,2284.83,Credit Card,Desktop
4540,1774,20260817,30,1628,95,4,530.26,0.03,2057.41,PayPal,Desktop
4541,1311,20260311,7,683,25,4,955.43,0.0,3821.72,PayPal,Desktop
4542,958,20260512,50,33,22,4,766.31,0.13,2666.76,Credit Card,Mobile
4543,2809,20261111,22,428,83,2,594.7,0.03,1153.72,Credit Card,Desktop
4544,318,20261211,39,1069,36,4,61.33,0.24,186.44,Credit Card,Mobile
4545,3258,20261207,21,6,68,1,375.58,0.13,326.75,Debit Card,Desktop
4546,2005,20260325,29,128,30,3,570.36,0.12,1505.75,Debit Card,Desktop
4547,3006,20260812,1,1146,84,2,479.48,0.15,815.12,PayPal,Mobile
4548,2703,20260113,19,1702,6,4,667.89,0.12,2350.97,Debit Card,Mobile
4549,345,20260614,32,1849,21,2,361.29,0.27,527.48,Debit Card,Mobile
4550,993,20260821,47,282,71,4,659.18,0.29,1872.07,Credit Card,Mobile
4551,968,20260302,9,23,47,2,854.41,0.16,1435.41,Credit Card,Mobile
4552,114,20260322,28,1834,26,3,110.05,0.06,310.34,Debit Card,Mobile
4553,1491,20260207,2,367,39,3,891.51,0.18,2193.11,Credit Card,Desktop
4554,2614,20260611,46,1704,35,1,111.01,0.2,88.81,Debit Card,Mobile
4555,1113,20260215,35,721,57,1,487.84,0.2,390.27,PayPal,Desktop
4556,2584,20260919,43,184,21,4,578.34,0.29,1642.49,Debit Card,Mobile
4557,1262,20260818,41,610,70,3,751.36,0.18,1848.35,PayPal,Mobile
4558,494,20260507,37,128,16,2,565.29,0.2,904.46,Credit Card,Desktop
4559,2848,20260621,26,952,57,2,713.77,0.15,1213.41,Debit Card,Mobile
4560,2313,20261027,26,1512,4,2,867.49,0.04,1665.58,Credit Card,Desktop
4561,1843,20260120,28,628,43,1,589.83,0.24,448.27,Credit Card,Desktop
4562,3623,20260827,10,1363,27,2,770.46,0.01,1525.51,PayPal,Mobile
4563,943,20260509,20,926,65,1,718.77,0.11,639.71,Credit Card,Desktop
4564,777,20260824,47,305,8,1,674.26,0.1,606.83,PayPal,Desktop
4565,2180,20261122,18,1074,73,4,608.65,0.21,1923.33,PayPal,Desktop
4566,716,20260501,30,1961,22,2,392.72,0.15,667.62,PayPal,Mobile
4567,1936,20260421,44,1285,3,2,647.19,0.1,1164.94,Credit Card,Desktop
4568,2357,20260116,33,822,86,3,899.57,0.18,2212.94,Debit Card,Mobile
4569,1574,20261107,19,1094,37,4,809.91,0.09,2948.07,Debit Card,Mobile
4570,953,20261213,21,1481,98,3,482.17,0.18,1186.14,Debit Card,Desktop
4571,2266,20260309,47,1133,54,4,724.61,0.18,2376.72,PayPal,Desktop
4572,1939,20260727,16,683,29,2,207.72,0.29,294.96,Credit Card,Desktop
4573,232,20260102,7,842,55,1,942.12,0.19,763.12,Credit Card,Mobile
4574,2831,20260519,9,189,48,1,790.57,0.04,758.95,Debit Card,Mobile
4575,726,20260511,27,434,52,1,888.13,0.3,621.69,Credit Card,Desktop
4576,1882,20260404,3,581,36,1,892.55,0.06,839.0,Debit Card,Desktop
4577,3719,20260705,42,1932,40,1,809.25,0.04,776.88,Credit Card,Desktop
4578,432,20260529,30,696,34,3,937.31,0.03,2727.57,PayPal,Desktop
4579,2628,20260531,19,342,98,4,992.05,0.1,3571.38,Credit Card,Desktop
4580,1551,20260402,16,1036,15,2,863.48,0.23,1329.76,Debit Card,Mobile
4581,3727,20260324,27,560,97,3,642.84,0.04,1851.38,Debit Card,Mobile
4582,2403,20260509,39,1800,65,4,677.6,0.09,2466.46,Debit Card,Mobile
4583,879,20260510,42,1859,80,1,468.88,0.06,440.75,PayPal,Desktop
4584,485,20260711,24,492,1,4,776.44,0.17,2577.78,Credit Card,Desktop
4585,3867,20260611,42,155,68,4,819.04,0.08,3014.07,Credit Card,Desktop
4586,2816,20260903,16,100,44,1,889.27,0.05,844.81,Debit Card,Mobile
4587,313,20260514,2,1484,65,1,358.07,0.06,336.59,Credit Card,Mobile
4588,3892,20260509,16,1522,62,1,434.28,0.09,395.19,PayPal,Desktop
4589,3351,20260328,41,146,35,2,343.11,0.22,535.25,PayPal,Desktop
4590,2419,20260107,25,234,93,1,454.49,0.22,354.5,Credit Card,Desktop
4591,1827,20261101,20,1244,14,2,645.32,0.07,1200.3,Credit Card,Mobile
4592,2868,20260923,41,76,50,1,917.22,0.18,752.12,Debit Card,Mobile
4593,1794,20260806,6,717,75,2,123.65,0.23,190.42,Credit Card,Mobile
4594,569,20260225,47,392,11,4,905.37,0.1,3259.33,Debit Card,Mobile
4595,767,20260101,31,339,72,3,914.29,0.23,2112.01,PayPal,Desktop
4596,463,20260919,12,124,71,4,963.83,0.19,3122.81,Debit Card,Mobile
4597,1210,20260516,10,762,5,4,760.16,0.19,2462.92,Debit Card,Desktop
4598,3083,20260714,29,1035,34,1,636.99,0.24,484.11,Credit Card,Mobile
4599,1140,20260201,18,280,33,2,664.96,0.09,1210.23,Debit Card,Mobile
4600,695,20261125,16,1445,69,3,501.9,0.25,1129.27,Debit Card,Mobile
4601,2887,20260701,21,1516,77,1,599.87,0.05,569.88,PayPal,Desktop
4602,2858,20260822,28,437,97,1,976.52,0.2,781.22,Debit Card,Mobile
4603,2044,20261031,31,1178,61,1,268.14,0.1,241.33,PayPal,Mobile
4604,1278,20260719,47,1282,13,4,471.4,0.0,1885.6,Credit Card,Desktop
4605,2756,20261028,35,212,41,2,257.5,0.08,473.8,Credit Card,Desktop
4606,1397,20260428,28,1520,4,2,591.31,0.29,839.66,Credit Card,Desktop
4607,3948,20261010,25,872,92,3,651.04,0.19,1582.03,Credit Card,Desktop
4608,3716,20260419,26,36,63,2,389.37,0.2,622.99,Debit Card,Mobile
4609,1192,20260329,9,798,22,2,132.72,0.03,257.48,PayPal,Mobile
4610,3748,20260714,7,1079,3,1,345.26,0.2,276.21,Credit Card,Desktop
4611,1430,20260626,39,1297,30,1,603.31,0.02,591.24,Debit Card,Desktop
4612,1133,20260711,42,501,61,4,278.38,0.05,1057.84,Debit Card,Desktop
4613,1710,20260120,44,1898,47,1,831.81,0.22,648.81,Debit Card,Desktop
4614,2295,20260425,48,1637,94,1,511.55,0.26,378.55,Debit Card,Mobile
4615,1356,20260619,48,1129,38,1,122.25,0.05,116.14,Debit Card,Desktop
4616,2703,20261031,32,1650,42,1,853.42,0.02,836.35,Credit Card,Mobile
4617,718,20260903,40,561,73,4,609.54,0.19,1974.91,PayPal,Desktop
4618,2557,20260617,26,1017,33,1,883.5,0.06,830.49,PayPal,Mobile
4619,2118,20260314,22,552,5,3,107.21,0.07,299.12,Debit Card,Mobile
4620,1403,20260131,37,1464,11,3,582.26,0.23,1345.02,Credit Card,Desktop
4621,1925,20260315,21,454,89,3,444.11,0.22,1039.22,PayPal,Desktop
4622,3857,20260205,39,1784,62,3,721.81,0.06,2035.5,Debit Card,Mobile
4623,289,20260620,20,268,93,1,202.97,0.09,184.7,Debit Card,Mobile
4624,577,20260112,2,815,32,3,307.56,0.15,784.28,Credit Card,Desktop
4625,2041,20260728,34,1016,25,1,122.42,0.16,102.83,Debit Card,Mobile
4626,1431,20260924,39,1830,25,4,220.58,0.11,785.26,PayPal,Mobile
4627,2916,20261221,40,136,62,3,532.21,0.09,1452.93,Credit Card,Desktop
4628,3393,20260125,48,1646,87,2,992.76,0.06,1866.39,Credit Card,Mobile
4629,356,20260916,34,1332,39,3,824.44,0.09,2250.72,Credit Card,Desktop
4630,2724,20261201,12,1387,3,3,814.12,0.13,2124.85,PayPal,Mobile
4631,2214,20260214,4,1498,21,1,261.39,0.27,190.81,PayPal,Mobile
4632,1989,20260117,47,2000,93,3,601.33,0.28,1298.87,Debit Card,Desktop
4633,3496,20260823,27,701,98,2,793.97,0.14,1365.63,Debit Card,Desktop
4634,2530,20260609,4,427,33,1,389.23,0.09,354.2,PayPal,Mobile
4635,1025,20261111,13,734,99,1,364.28,0.26,269.57,PayPal,Mobile
4636,2557,20260225,14,1176,41,4,906.66,0.04,3481.57,Debit Card,Mobile
4637,2997,20260501,49,278,25,4,831.46,0.16,2793.71,PayPal,Mobile
4638,843,20260407,24,1391,96,3,670.16,0.26,1487.76,Credit Card,Desktop
4639,3218,20261202,2,952,3,4,544.02,0.1,1958.47,Credit Card,Desktop
4640,3259,20260509,28,30,50,4,66.5,0.04,255.36,Debit Card,Desktop
4641,3058,20260224,20,627,65,4,353.83,0.3,990.72,Debit Card,Desktop
4642,1721,20260322,19,1152,32,1,151.99,0.28,109.43,PayPal,Desktop
4643,3422,20261205,38,929,32,1,179.02,0.21,141.43,Credit Card,Mobile
4644,1341,20261026,31,1881,22,1,317.78,0.13,276.47,Debit Card,Mobile
4645,3267,20261208,50,1962,47,4,81.9,0.07,304.67,PayPal,Mobile
4646,1533,20260821,35,371,69,1,488.99,0.03,474.32,Debit Card,Mobile
4647,2415,20261030,20,1701,78,4,686.4,0.25,2059.2,Debit Card,Mobile
4648,2386,20260716,5,1535,91,1,694.76,0.1,625.28,PayPal,Desktop
4649,1201,20260610,20,886,33,1,844.4,0.12,743.07,Debit Card,Mobile
4650,1057,20260502,5,1984,48,2,833.43,0.0,1666.86,Credit Card,Desktop
4651,3021,20260321,34,770,64,3,979.38,0.26,2174.22,PayPal,Desktop
4652,3226,20260619,5,1029,76,4,292.86,0.27,855.15,Debit Card,Desktop
4653,512,20261103,44,617,49,2,703.12,0.23,1082.8,Debit Card,Mobile
4654,2008,20261112,10,1554,83,1,695.12,0.07,646.46,Debit Card,Mobile
4655,235,20260307,45,635,86,4,912.21,0.21,2882.58,Credit Card,Desktop
4656,2602,20260905,32,495,35,1,905.29,0.01,896.24,PayPal,Desktop
4657,401,20260122,15,1360,39,3,689.27,0.03,2005.78,Credit Card,Desktop
4658,3055,20261028,6,790,35,2,637.18,0.24,968.51,Debit Card,Desktop
4659,1183,20260615,42,367,92,3,850.88,0.15,2169.74,PayPal,Mobile
4660,2007,20260306,44,1842,65,2,772.27,0.23,1189.3,Debit Card,Mobile
4661,3623,20260701,26,1068,66,1,696.05,0.13,605.56,Credit Card,Desktop
4662,1332,20260703,24,1712,54,3,755.58,0.03,2198.74,PayPal,Desktop
4663,2385,20260211,20,89,73,3,866.62,0.12,2287.88,Credit Card,Desktop
4664,58,20260503,22,1165,48,1,418.61,0.12,368.38,Debit Card,Mobile
4665,294,20261223,15,425,76,3,442.65,0.26,982.68,Debit Card,Desktop
4666,1522,20260407,5,1047,20,4,228.0,0.08,839.04,Debit Card,Desktop
4667,334,20261107,10,1314,91,2,433.89,0.18,711.58,Debit Card,Desktop
4668,3594,20260609,25,1188,63,2,580.14,0.23,893.42,PayPal,Desktop
4669,2079,20260927,41,1243,53,2,507.65,0.23,781.78,PayPal,Mobile
4670,240,20260213,23,332,64,4,593.07,0.28,1708.04,PayPal,Mobile
4671,3585,20260514,12,370,98,2,723.19,0.12,1272.81,Debit Card,Mobile
4672,3856,20260805,8,275,62,1,287.92,0.07,267.77,Debit Card,Desktop
4673,454,20261028,32,800,27,3,920.88,0.23,2127.23,Credit Card,Mobile
4674,999,20261020,30,1398,84,4,834.22,0.26,2469.29,Credit Card,Desktop
4675,19,20261208,27,1615,20,2,378.6,0.24,575.47,Credit Card,Mobile
4676,1927,20260107,14,1314,95,1,442.57,0.1,398.31,Debit Card,Desktop
4677,1186,20260821,11,1570,78,3,405.03,0.19,984.22,PayPal,Desktop
4678,35,20260203,46,73,28,3,51.77,0.09,141.33,PayPal,Mobile
4679,523,20260829,20,1571,68,4,243.08,0.07,904.26,Credit Card,Desktop
4680,848,20260605,48,1626,42,4,871.63,0.3,2440.56,Credit Card,Mobile
4681,2281,20260624,33,1415,97,4,847.1,0.02,3320.63,Credit Card,Mobile
4682,2813,20260505,28,1756,87,1,843.06,0.16,708.17,PayPal,Desktop
4683,569,20260916,43,138,72,1,682.89,0.12,600.94,Debit Card,Mobile
4684,2909,20261129,7,193,84,4,969.38,0.26,2869.36,Credit Card,Mobile
4685,3316,20260827,14,1306,51,2,510.21,0.18,836.74,Debit Card,Desktop
4686,3845,20260721,40,623,62,3,267.11,0.2,641.06,Credit Card,Mobile
4687,3478,20261129,21,1191,66,3,283.95,0.12,749.63,Debit Card,Desktop
4688,2013,20260106,40,101,92,1,232.87,0.29,165.34,Credit Card,Desktop
4689,896,20260116,23,1297,89,3,840.97,0.15,2144.47,Credit Card,Mobile
4690,3030,20261204,22,259,89,2,240.83,0.21,380.51,Debit Card,Desktop
4691,2587,20260801,22,98,94,3,479.05,0.03,1394.04,Credit Card,Mobile
4692,253,20260709,30,1618,9,1,432.67,0.14,372.1,Credit Card,Desktop
4693,2551,20260618,19,1630,70,1,194.17,0.25,145.63,PayPal,Mobile
4694,2456,20260914,33,488,65,2,387.76,0.24,589.4,PayPal,Mobile
4695,495,20260103,18,1203,60,2,911.59,0.02,1786.72,Debit Card,Desktop
4696,1639,20260731,47,174,53,3,304.83,0.03,887.06,Debit Card,Desktop
4697,3696,20260731,11,1964,18,3,847.19,0.04,2439.91,PayPal,Desktop
4698,2690,20260225,18,1451,73,1,847.7,0.2,678.16,PayPal,Mobile
4699,1080,20260309,38,1595,38,2,584.59,0.17,970.42,Credit Card,Desktop
4700,1677,20260613,26,158,93,2,485.12,0.25,727.68,Credit Card,Desktop
4701,3018,20260625,3,1449,75,2,644.07,0.0,1288.14,Credit Card,Desktop
4702,1817,20261101,33,385,19,3,379.34,0.12,1001.46,Credit Card,Desktop
4703,63,20261030,8,1187,100,2,768.78,0.12,1353.05,Debit Card,Mobile
4704,1569,20260320,7,1151,100,1,655.26,0.01,648.71,Debit Card,Mobile
4705,2191,20260729,3,1918,57,1,82.62,0.16,69.4,Credit Card,Mobile
4706,3700,20261209,15,1898,82,3,182.86,0.27,400.46,PayPal,Mobile
4707,274,20261009,11,24,98,4,942.83,0.03,3658.18,PayPal,Desktop
4708,901,20260722,29,336,3,3,859.81,0.13,2244.1,Credit Card,Desktop
4709,917,20260425,25,741,54,4,330.48,0.08,1216.17,Debit Card,Mobile
4710,2853,20260824,1,712,52,2,658.57,0.17,1093.23,PayPal,Desktop
4711,3468,20260909,13,1207,53,3,815.25,0.25,1834.31,Debit Card,Desktop
4712,1846,20260118,13,1231,32,1,351.76,0.12,309.55,Credit Card,Desktop
4713,3876,20260509,48,700,35,2,739.51,0.0,1479.02,Debit Card,Desktop
4714,1450,20260504,34,1983,65,1,732.75,0.02,718.1,Debit Card,Mobile
4715,388,20260130,9,1982,76,2,857.34,0.1,1543.21,Credit Card,Desktop
4716,2029,20260803,50,1042,7,3,171.39,0.08,473.04,PayPal,Mobile
4717,58,20261016,6,1597,38,4,361.39,0.02,1416.65,Debit Card,Mobile
4718,3004,20260611,1,84,4,2,627.98,0.14,1080.13,Credit Card,Mobile
4719,3843,20260118,21,528,51,4,478.21,0.16,1606.79,Debit Card,Mobile
4720,1000,20261119,26,1543,74,2,343.58,0.15,584.09,Credit Card,Mobile
4721,440,20261011,37,1088,41,1,624.16,0.03,605.44,PayPal,Desktop
4722,448,20260912,13,1965,2,1,114.3,0.07,106.3,Debit Card,Desktop
4723,1037,20260306,42,1624,91,2,935.89,0.16,1572.3,Credit Card,Desktop
4724,3699,20261119,38,1344,6,4,114.38,0.03,443.79,Credit Card,Desktop
4725,2367,20261104,19,341,85,3,335.22,0.22,784.41,PayPal,Desktop
4726,1837,20260202,40,1280,95,3,834.41,0.09,2277.94,PayPal,Mobile
4727,1012,20261216,36,1111,91,1,266.86,0.23,205.48,Debit Card,Desktop
4728,2592,20260828,25,1703,22,3,419.73,0.13,1095.5,PayPal,Desktop
4729,3406,20260206,20,35,83,1,899.53,0.23,692.64,Credit Card,Desktop
4730,1189,20261009,43,1434,84,3,256.97,0.14,662.98,Credit Card,Mobile
4731,979,20260928,11,1415,97,2,144.92,0.06,272.45,PayPal,Mobile
4732,1834,20261121,46,18,24,1,642.31,0.21,507.42,Debit Card,Desktop
4733,1933,20260505,8,714,40,1,534.31,0.26,395.39,PayPal,Mobile
4734,3379,20261010,7,160,61,2,359.42,0.07,668.52,PayPal,Desktop
4735,1663,20260129,29,1011,10,1,374.06,0.25,280.55,PayPal,Mobile
4736,2289,20261227,36,1243,18,3,793.12,0.24,1808.31,Credit Card,Mobile
4737,1819,20260131,21,1647,57,3,925.77,0.16,2332.94,Debit Card,Mobile
4738,761,20260703,16,1392,2,1,528.31,0.23,406.8,Credit Card,Desktop
4739,1975,20260107,8,1218,83,3,409.17,0.15,1043.38,Credit Card,Desktop
4740,1549,20261102,21,700,97,4,498.54,0.28,1435.8,Debit Card,Mobile
4741,3447,20260407,27,977,34,1,927.26,0.08,853.08,PayPal,Desktop
4742,938,20260218,29,730,98,2,709.66,0.09,1291.58,Credit Card,Desktop
4743,1218,20260816,44,1661,67,4,733.22,0.29,2082.34,PayPal,Mobile
4744,3456,20260615,39,1175,7,1,182.52,0.13,158.79,PayPal,Mobile
4745,3791,20260924,7,1678,15,2,397.04,0.03,770.26,Debit Card,Desktop
4746,2226,20260901,23,153,41,3,898.5,0.24,2048.58,Debit Card,Desktop
4747,152,20260527,42,755,8,2,749.23,0.15,1273.69,PayPal,Desktop
4748,829,20260930,33,1506,27,4,58.78,0.18,192.8,Credit Card,Mobile
4749,727,20260513,49,994,41,3,462.22,0.21,1095.46,PayPal,Desktop
4750,3058,20260127,48,1844,45,1,286.19,0.19,231.81,Debit Card,Mobile
4751,2214,20261219,37,309,32,3,278.99,0.06,786.75,Debit Card,Desktop
4752,220,20260312,22,158,41,1,314.95,0.1,283.45,Debit Card,Desktop
4753,1649,20260929,13,1097,70,1,941.64,0.19,762.73,Credit Card,Mobile
4754,3027,20260327,10,951,12,2,963.44,0.3,1348.82,Debit Card,Mobile
4755,3166,20261207,11,1465,89,2,549.07,0.2,878.51,PayPal,Desktop
4756,1028,20261024,31,856,93,2,938.75,0.29,1333.02,Credit Card,Mobile
4757,2280,20261120,23,1335,36,4,495.92,0.06,1864.66,Debit Card,Desktop
4758,2338,20261222,13,1881,16,4,226.15,0.16,759.86,PayPal,Mobile
4759,370,20260402,50,1627,92,2,737.71,0.29,1047.55,Credit Card,Mobile
4760,3552,20260313,49,1752,51,4,534.91,0.21,1690.32,Credit Card,Desktop
4761,3000,20260504,7,1867,65,3,700.94,0.08,1934.59,Debit Card,Desktop
4762,2209,20260624,40,337,41,3,399.65,0.02,1174.97,PayPal,Mobile
4763,3648,20260213,15,711,52,4,298.21,0.0,1192.84,Credit Card,Mobile
4764,618,20260414,28,973,25,4,909.35,0.05,3455.53,Debit Card,Desktop
4765,2374,20261110,49,1120,49,3,58.62,0.3,123.1,Debit Card,Desktop
4766,2393,20260221,46,895,84,1,455.3,0.24,346.03,Credit Card,Mobile
4767,1502,20260410,4,1075,54,3,190.37,0.22,445.47,Credit Card,Desktop
4768,2561,20261002,14,611,57,3,348.04,0.09,950.15,Debit Card,Mobile
4769,3864,20261217,35,359,27,4,696.08,0.25,2088.24,Credit Card,Mobile
4770,2450,20260705,42,1311,38,3,567.16,0.05,1616.41,Debit Card,Desktop
4771,1625,20261207,13,500,3,4,252.79,0.06,950.49,PayPal,Desktop
4772,3049,20260718,26,1982,20,4,89.79,0.14,308.88,PayPal,Mobile
4773,1660,20260501,20,1247,7,2,947.45,0.21,1496.97,PayPal,Desktop
4774,2588,20261208,6,888,31,3,524.63,0.17,1306.33,Debit Card,Mobile
4775,251,20261215,46,1948,89,1,82.84,0.28,59.64,Credit Card,Desktop
4776,733,20260730,49,1989,19,2,273.13,0.11,486.17,PayPal,Desktop
4777,1189,20260705,49,6,69,4,845.23,0.09,3076.64,PayPal,Desktop
4778,3897,20260821,25,312,21,4,634.56,0.28,1827.53,PayPal,Desktop
4779,8,20260208,33,640,68,1,775.62,0.03,752.35,Debit Card,Mobile
4780,1699,20260119,48,90,95,4,413.52,0.29,1174.4,PayPal,Mobile
4781,1214,20260404,27,1211,3,3,872.99,0.27,1911.85,PayPal,Mobile
4782,817,20260815,33,1699,82,2,298.75,0.2,478.0,PayPal,Mobile
4783,1280,20260714,18,149,4,4,896.65,0.04,3443.14,Debit Card,Desktop
4784,1309,20261117,31,1790,29,4,517.03,0.16,1737.22,Credit Card,Mobile
4785,3733,20260809,44,561,20,1,381.69,0.26,282.45,Credit Card,Mobile
4786,3423,20260627,1,944,10,3,302.77,0.08,835.65,Credit Card,Mobile
4787,2113,20261218,24,50,22,4,490.85,0.05,1865.23,Credit Card,Mobile
4788,3443,20260627,28,889,57,1,656.76,0.22,512.27,Credit Card,Desktop
4789,2692,20261004,13,1590,16,4,372.83,0.28,1073.75,Debit Card,Mobile
4790,1462,20260511,17,1507,9,1,482.33,0.23,371.39,Credit Card,Mobile
4791,642,20260530,1,1681,24,1,766.06,0.17,635.83,PayPal,Mobile
4792,2085,20260702,38,1761,88,3,796.83,0.05,2270.97,Debit Card,Mobile
4793,2243,20260226,1,247,21,4,852.51,0.26,2523.43,Debit Card,Desktop
4794,1342,20260327,49,117,62,3,367.46,0.01,1091.36,PayPal,Mobile
4795,2459,20261231,5,475,77,1,179.08,0.22,139.68,Debit Card,Mobile
4796,3074,20260128,11,749,6,2,284.71,0.29,404.29,PayPal,Mobile
4797,623,20260907,16,1150,30,4,288.07,0.12,1014.01,PayPal,Desktop
4798,3887,20260601,44,1720,30,2,94.91,0.27,138.57,Debit Card,Desktop
4799,2425,20260701,18,317,94,4,294.05,0.18,964.48,PayPal,Desktop
4800,108,20260926,34,842,82,3,68.2,0.07,190.28,Debit Card,Mobile
4801,3398,20260528,9,1210,84,3,578.79,0.2,1389.1,Credit Card,Desktop
4802,3400,20260111,18,1920,86,3,366.06,0.02,1076.22,PayPal,Desktop
4803,3426,20261205,21,242,72,3,150.52,0.18,370.28,Credit Card,Mobile
4804,2517,20260827,4,990,33,3,513.82,0.03,1495.22,Debit Card,Desktop
4805,440,20260829,45,147,61,2,593.77,0.07,1104.41,Credit Card,Desktop
4806,821,20260509,46,525,46,3,861.4,0.0,2584.2,Debit Card,Desktop
4807,1994,20260929,49,427,62,1,426.32,0.2,341.06,Debit Card,Desktop
4808,21,20261103,29,277,29,1,409.44,0.11,364.4,Debit Card,Desktop
4809,3257,20260130,31,540,14,2,779.11,0.26,1153.08,Credit Card,Mobile
4810,1788,20261013,34,1217,27,4,150.34,0.0,601.36,PayPal,Mobile
4811,2186,20260702,44,1934,75,1,848.18,0.04,814.25,PayPal,Desktop
4812,3170,20260103,24,240,52,4,340.83,0.17,1131.56,Credit Card,Mobile
4813,1979,20260722,29,765,17,2,627.32,0.21,991.17,PayPal,Desktop
4814,3832,20260803,4,445,86,4,582.61,0.28,1677.92,PayPal,Mobile
4815,285,20260807,30,646,20,4,236.48,0.14,813.49,Debit Card,Mobile
4816,3631,20260508,18,321,79,4,371.39,0.15,1262.73,PayPal,Mobile
4817,2557,20261110,49,733,31,4,259.2,0.06,974.59,PayPal,Desktop
4818,1627,20260311,3,1069,84,2,753.47,0.26,1115.14,PayPal,Desktop
4819,3428,20260407,30,1802,31,1,221.8,0.24,168.57,Debit Card,Mobile
4820,2468,20260217,32,1712,93,3,129.88,0.19,315.61,Debit Card,Desktop
4821,2753,20260618,42,921,60,4,308.72,0.15,1049.65,Credit Card,Desktop
4822,1709,20261029,30,1094,9,1,955.13,0.01,945.58,PayPal,Desktop
4823,3524,20260706,22,1178,62,1,831.74,0.12,731.93,Debit Card,Mobile
4824,129,20261109,43,411,99,2,415.7,0.23,640.18,PayPal,Desktop
4825,3675,20260111,26,1109,94,1,375.97,0.06,353.41,PayPal,Mobile
4826,1202,20260127,8,1446,87,2,542.94,0.22,846.99,Debit Card,Desktop
4827,879,20260808,3,971,92,4,643.65,0.08,2368.63,Credit Card,Mobile
4828,1870,20261217,43,930,9,4,527.72,0.24,1604.27,PayPal,Desktop
4829,2074,20261023,30,371,30,3,608.78,0.12,1607.18,Debit Card,Mobile
4830,1081,20260607,35,1760,43,3,775.04,0.04,2232.12,Debit Card,Desktop
4831,596,20260819,25,672,62,3,936.39,0.03,2724.89,PayPal,Mobile
4832,589,20261009,50,1202,16,1,840.32,0.17,697.47,Credit Card,Desktop
4833,2085,20261015,24,1868,84,4,642.6,0.25,1927.8,Credit Card,Desktop
4834,2559,20261023,26,53,82,2,957.52,0.17,1589.48,PayPal,Desktop
4835,2295,20260221,50,686,48,3,733.09,0.1,1979.34,Credit Card,Desktop
4836,879,20260427,30,1842,54,2,108.63,0.24,165.12,Credit Card,Mobile
4837,3977,20260929,32,45,64,2,354.82,0.17,589.0,Credit Card,Desktop
4838,2909,20261115,7,555,96,3,842.88,0.08,2326.35,Debit Card,Mobile
4839,149,20260103,29,757,53,4,106.15,0.22,331.19,Credit Card,Mobile
4840,209,20260503,47,866,40,3,785.51,0.3,1649.57,Credit Card,Desktop
4841,2147,20261107,48,331,23,2,511.95,0.18,839.6,PayPal,Desktop
4842,3042,20260606,18,530,76,3,196.18,0.28,423.75,PayPal,Desktop
4843,3671,20261022,24,236,83,2,831.69,0.18,1363.97,PayPal,Desktop
4844,2585,20261220,21,565,58,2,235.16,0.12,413.88,PayPal,Desktop
4845,2295,20260918,45,1926,86,3,906.27,0.14,2338.18,PayPal,Mobile
4846,246,20261208,45,661,25,1,510.1,0.02,499.9,PayPal,Mobile
4847,3261,20260701,28,1420,64,3,665.18,0.18,1636.34,Debit Card,Mobile
4848,9,20261013,50,1301,14,1,357.62,0.21,282.52,Debit Card,Desktop
4849,3945,20260425,11,718,49,2,715.61,0.08,1316.72,Credit Card,Mobile
4850,1676,20260531,44,813,64,2,164.87,0.27,240.71,Debit Card,Desktop
4851,1794,20260317,8,319,58,1,506.28,0.3,354.4,PayPal,Desktop
4852,3922,20260222,21,19,53,2,467.12,0.06,878.19,Debit Card,Mobile
4853,2489,20261223,2,1409,38,1,485.59,0.17,403.04,Credit Card,Mobile
4854,1629,20260907,9,1911,22,1,913.02,0.12,803.46,Debit Card,Mobile
4855,3895,20260315,5,812,82,2,751.33,0.09,1367.42,Credit Card,Mobile
4856,1118,20260613,31,259,43,4,534.76,0.3,1497.33,Debit Card,Mobile
4857,3651,20260525,33,323,84,1,414.75,0.14,356.69,Credit Card,Mobile
4858,3720,20260812,7,656,91,3,639.34,0.12,1687.86,PayPal,Desktop
4859,3729,20260117,5,487,33,3,679.97,0.06,1917.52,Credit Card,Desktop
4860,3248,20260426,50,1377,8,2,138.92,0.04,266.73,PayPal,Desktop
4861,1323,20260716,19,1344,1,4,467.1,0.12,1644.19,Debit Card,Mobile
4862,3980,20261122,42,234,89,2,219.82,0.05,417.66,Debit Card,Desktop
4863,3871,20260424,33,1527,56,4,368.19,0.21,1163.48,Credit Card,Desktop
4864,3644,20261009,5,492,67,1,682.25,0.11,607.2,Credit Card,Desktop
4865,1549,20260820,50,1652,57,1,263.13,0.03,255.24,PayPal,Desktop
4866,547,20260601,27,226,41,1,389.05,0.25,291.79,Credit Card,Mobile
4867,2727,20260814,24,1020,2,1,60.58,0.22,47.25,Debit Card,Mobile
4868,1633,20261115,35,1010,35,3,948.95,0.01,2818.38,Debit Card,Mobile
4869,2760,20260306,38,1194,90,3,783.82,0.1,2116.31,PayPal,Desktop
4870,2300,20261202,26,1223,20,2,214.67,0.28,309.12,Debit Card,Mobile
4871,2655,20260610,12,686,86,4,459.34,0.01,1818.99,Debit Card,Mobile
4872,3898,20260707,38,1787,97,1,133.02,0.24,101.1,Debit Card,Desktop
4873,3595,20260208,34,513,76,1,872.7,0.06,820.34,Debit Card,Mobile
4874,3288,20260204,13,548,98,4,843.36,0.05,3204.77,Debit Card,Desktop
4875,2558,20260929,32,867,89,4,664.05,0.2,2124.96,Credit Card,Mobile
4876,366,20260412,26,568,88,2,941.02,0.13,1637.37,Debit Card,Mobile
4877,3752,20260613,28,1578,43,4,191.26,0.21,604.38,Credit Card,Mobile
4878,1072,20260314,50,921,6,1,171.13,0.2,136.9,PayPal,Mobile
4879,443,20260102,11,1194,93,1,151.85,0.16,127.55,Debit Card,Mobile
4880,3172,20261112,36,1232,85,1,580.45,0.08,534.01,Debit Card,Mobile
4881,2269,20260818,43,1566,83,1,779.65,0.28,561.35,PayPal,Mobile
4882,1997,20260311,49,1897,77,1,899.53,0.15,764.6,Credit Card,Mobile
4883,2110,20260108,35,1652,76,2,545.14,0.01,1079.38,PayPal,Mobile
4884,2081,20260618,3,1120,16,1,860.13,0.27,627.89,Debit Card,Mobile
4885,104,20260409,22,69,71,2,255.8,0.21,404.16,PayPal,Mobile
4886,1543,20261222,46,454,44,1,735.63,0.01,728.27,PayPal,Desktop
4887,3939,20261030,7,1594,31,3,610.78,0.19,1484.2,Credit Card,Mobile
4888,1713,20260730,2,1823,18,3,716.57,0.17,1784.26,PayPal,Mobile
4889,3710,20260324,28,1972,58,3,916.96,0.26,2035.65,Debit Card,Desktop
4890,2808,20260315,47,1490,45,3,530.43,0.04,1527.64,PayPal,Mobile
4891,3352,20260723,18,1274,66,2,788.46,0.02,1545.38,PayPal,Desktop
4892,2453,20261027,5,1736,23,2,906.38,0.22,1413.95,Debit Card,Mobile
4893,324,20261024,47,1728,34,4,191.2,0.07,711.26,PayPal,Desktop
4894,2030,20260709,46,1847,16,1,446.39,0.21,352.65,Debit Card,Desktop
4895,2099,20260701,41,198,28,3,516.42,0.26,1146.45,Credit Card,Desktop
4896,1242,20261022,16,1899,65,2,642.44,0.25,963.66,PayPal,Desktop
4897,1441,20260529,3,1083,50,1,666.78,0.12,586.77,Credit Card,Desktop
4898,521,20260408,15,48,61,1,804.59,0.04,772.41,Credit Card,Desktop
4899,386,20261010,12,847,13,2,921.59,0.12,1622.0,Credit Card,Desktop
4900,1626,20260705,8,1033,96,3,515.51,0.1,1391.88,Credit Card,Desktop
4901,3623,20260916,3,1062,29,4,240.07,0.07,893.06,Debit Card,Desktop
4902,577,20261121,44,1309,61,1,824.8,0.08,758.82,PayPal,Desktop
4903,2415,20261017,12,32,56,4,568.44,0.15,1932.7,PayPal,Desktop
4904,1518,20260710,43,1875,77,3,411.85,0.06,1161.42,Debit Card,Mobile
4905,984,20260823,27,1104,31,3,463.81,0.05,1321.86,Credit Card,Mobile
4906,503,20260829,35,422,79,4,373.43,0.27,1090.42,PayPal,Desktop
4907,2298,20260623,48,1596,5,3,653.04,0.14,1684.84,Credit Card,Mobile
4908,2037,20260921,6,1389,4,1,66.86,0.26,49.48,Debit Card,Mobile
4909,73,20261016,9,1534,50,4,331.39,0.26,980.91,PayPal,Desktop
4910,2732,20260517,14,569,13,3,482.09,0.23,1113.63,PayPal,Desktop
4911,3044,20261223,14,382,31,4,284.37,0.02,1114.73,PayPal,Mobile
4912,1749,20260928,30,1755,74,1,459.62,0.2,367.7,PayPal,Mobile
4913,3051,20260806,17,964,62,3,450.93,0.15,1149.87,PayPal,Mobile
4914,2712,20260127,4,605,1,1,726.81,0.03,705.01,PayPal,Mobile
4915,3466,20260918,36,356,51,3,287.81,0.22,673.48,Credit Card,Mobile
4916,1949,20261125,40,1543,45,2,568.94,0.14,978.58,PayPal,Mobile
4917,1158,20260407,10,273,42,3,873.16,0.22,2043.19,Credit Card,Mobile
4918,1475,20261112,49,1009,62,4,173.19,0.08,637.34,Debit Card,Mobile
4919,2763,20260822,22,99,22,3,483.38,0.11,1290.62,Credit Card,Desktop
4920,1155,20260406,34,633,56,1,138.57,0.28,99.77,Credit Card,Mobile
4921,2386,20261231,26,1458,99,1,409.54,0.16,344.01,PayPal,Desktop
4922,723,20261005,2,1553,96,3,840.58,0.26,1866.09,PayPal,Desktop
4923,2835,20260825,38,1581,72,4,364.66,0.21,1152.33,Credit Card,Desktop
4924,1832,20261206,49,973,8,2,527.82,0.18,865.62,Debit Card,Mobile
4925,989,20261216,9,1322,82,4,610.26,0.16,2050.47,Credit Card,Mobile
4926,1720,20260612,46,1363,91,2,344.96,0.02,676.12,PayPal,Desktop
4927,1824,20261031,42,927,68,1,952.74,0.12,838.41,PayPal,Mobile
4928,3226,20260924,28,441,92,4,993.98,0.17,3300.01,Debit Card,Mobile
4929,2944,20260426,19,1598,82,2,876.24,0.1,1577.23,Debit Card,Mobile
4930,2295,20261227,22,1533,57,3,973.74,0.03,2833.58,Credit Card,Mobile
4931,358,20261120,40,576,59,1,365.58,0.19,296.12,Credit Card,Desktop
4932,2764,20260907,13,1035,75,3,592.4,0.04,1706.11,Debit Card,Desktop
4933,2549,20260530,32,1391,60,1,777.5,0.17,645.32,PayPal,Mobile
4934,630,20261229,9,42,6,4,504.76,0.19,1635.42,PayPal,Mobile
4935,1047,20260112,12,1034,53,4,799.54,0.03,3102.22,PayPal,Desktop
4936,352,20261102,21,1001,42,1,104.82,0.05,99.58,PayPal,Desktop
4937,3092,20260225,49,88,73,1,290.69,0.17,241.27,PayPal,Desktop
4938,2748,20260816,1,1360,66,1,143.25,0.21,113.17,Credit Card,Mobile
4939,2846,20260516,31,1844,24,4,649.6,0.11,2312.58,Debit Card,Mobile
4940,3686,20261204,42,601,93,2,215.77,0.26,319.34,PayPal,Desktop
4941,2537,20260805,20,1672,67,3,382.09,0.2,917.02,Credit Card,Mobile
4942,1904,20260626,10,1522,43,3,159.22,0.04,458.55,Credit Card,Mobile
4943,843,20261201,49,1932,31,4,256.29,0.27,748.37,Debit Card,Mobile
4944,2785,20260810,31,1020,57,3,490.13,0.2,1176.31,Credit Card,Desktop
4945,1372,20260308,35,1750,62,1,418.6,0.25,313.95,Debit Card,Mobile
4946,2904,20260416,42,1209,57,2,682.34,0.0,1364.68,PayPal,Mobile
4947,308,20260512,41,1834,88,3,50.96,0.27,111.6,PayPal,Mobile
4948,350,20260919,43,1181,77,2,78.35,0.24,119.09,Credit Card,Desktop
4949,2900,20260516,27,1238,98,1,996.63,0.12,877.03,Debit Card,Desktop
4950,3755,20260831,48,185,59,3,193.98,0.25,436.45,Credit Card,Mobile
4951,1734,20260529,33,1345,32,4,779.64,0.11,2775.52,PayPal,Mobile
4952,1585,20260422,37,762,92,2,195.96,0.23,301.78,Credit Card,Desktop
4953,3644,20260616,25,1003,27,1,555.42,0.22,433.23,Debit Card,Mobile
4954,3057,20260831,4,1355,64,2,971.11,0.23,1495.51,Credit Card,Mobile
4955,3446,20261201,25,549,93,3,615.62,0.24,1403.61,Debit Card,Mobile
4956,2497,20260404,45,1309,78,3,695.87,0.03,2024.98,Credit Card,Desktop
4957,2348,20261210,26,361,57,4,935.43,0.03,3629.47,Debit Card,Desktop
4958,3554,20261224,49,79,75,1,333.21,0.07,309.89,Debit Card,Mobile
4959,3641,20261119,26,446,3,1,624.9,0.1,562.41,Credit Card,Desktop
4960,484,20260413,4,735,87,4,420.56,0.21,1328.97,Credit Card,Desktop
4961,3565,20260513,48,1977,92,4,103.66,0.15,352.44,PayPal,Mobile
4962,371,20260603,14,1518,84,1,847.31,0.15,720.21,Debit Card,Mobile
4963,2748,20261219,41,505,78,2,743.0,0.22,1159.08,Debit Card,Desktop
4964,669,20260323,49,1643,77,2,508.59,0.19,823.92,Debit Card,Desktop
4965,1371,20260814,24,611,67,4,487.77,0.21,1541.35,PayPal,Mobile
4966,2408,20260831,39,787,78,2,134.71,0.05,255.95,PayPal,Mobile
4967,3990,20260616,31,20,7,1,327.82,0.16,275.37,PayPal,Mobile
4968,3381,20261021,7,435,17,3,284.92,0.23,658.17,Debit Card,Mobile
4969,642,20260830,5,512,56,3,824.6,0.13,2152.21,PayPal,Desktop
4970,2840,20260208,9,1520,78,2,391.72,0.14,673.76,Credit Card,Desktop
4971,259,20260330,47,1210,46,4,715.37,0.19,2317.8,Debit Card,Mobile
4972,1494,20260831,22,1143,77,4,463.95,0.3,1299.06,Credit Card,Mobile
4973,532,20260423,45,1120,42,4,708.08,0.11,2520.76,PayPal,Desktop
4974,1791,20261209,13,12,86,4,74.54,0.3,208.71,Credit Card,Mobile
4975,2492,20261008,15,1634,31,4,789.34,0.21,2494.31,Debit Card,Mobile
4976,2040,20261006,7,768,93,2,861.17,0.16,1446.77,Credit Card,Desktop
4977,3864,20261103,11,841,68,3,666.47,0.09,1819.46,PayPal,Desktop
4978,1475,20260913,21,70,59,3,302.78,0.08,835.67,PayPal,Mobile
4979,3782,20260924,8,1128,46,2,283.12,0.23,436.0,PayPal,Mobile
4980,1967,20260927,21,826,95,4,569.01,0.28,1638.75,Debit Card,Desktop
4981,456,20260114,42,25,41,2,759.82,0.1,1367.68,PayPal,Mobile
4982,2278,20260225,44,1687,54,3,51.43,0.27,112.63,Debit Card,Desktop
4983,2410,20260514,14,915,69,1,290.96,0.13,253.14,PayPal,Desktop
4984,2597,20260712,19,796,98,2,234.17,0.12,412.14,Debit Card,Mobile
4985,1814,20260423,18,1524,74,4,272.27,0.25,816.81,Debit Card,Mobile
4986,3526,20260412,10,320,89,3,955.04,0.17,2378.05,Debit Card,Mobile
4987,1413,20260915,1,372,28,3,158.72,0.28,342.84,Debit Card,Desktop
4988,1004,20260416,19,642,7,3,571.94,0.19,1389.81,Debit Card,Mobile
4989,3721,20260301,41,8,33,3,620.27,0.0,1860.81,Debit Card,Mobile
4990,3724,20260802,42,1155,55,4,75.1,0.14,258.34,Credit Card,Mobile
4991,1847,20260519,16,2000,53,1,387.63,0.18,317.86,Debit Card,Mobile
4992,1299,20261020,38,236,78,3,556.0,0.22,1301.04,PayPal,Mobile
4993,2952,20260813,15,797,56,2,763.81,0.15,1298.48,Debit Card,Mobile
4994,1434,20261111,34,923,39,1,469.16,0.16,394.09,PayPal,Desktop
4995,1003,20261202,8,1638,81,3,878.49,0.14,2266.5,PayPal,Desktop
4996,2462,20260515,25,133,56,1,300.75,0.24,228.57,Credit Card,Desktop
4997,1953,20260403,31,569,31,2,372.0,0.08,684.48,Debit Card,Mobile
4998,2111,20260210,30,911,48,3,184.52,0.15,470.53,Debit Card,Mobile
4999,2306,20261114,34,961,43,2,127.31,0.16,213.88,Debit Card,Desktop
5000,3988,20261031,15,260,94,4,876.95,0.16,2946.55,Credit Card,Mobile
5001,1326,20261124,38,26,41,3,790.02,0.28,1706.44,Debit Card,Desktop
5002,2255,20260228,24,583,5,3,466.24,0.11,1244.86,Debit Card,Mobile
5003,758,20261020,19,838,17,3,262.91,0.09,717.74,PayPal,Desktop
5004,960,20260222,16,1921,8,3,981.64,0.06,2768.22,Debit Card,Desktop
5005,798,20260502,46,755,79,4,242.07,0.26,716.53,Debit Card,Desktop
5006,1622,20261027,11,1032,24,3,687.02,0.01,2040.45,PayPal,Mobile
5007,2008,20261101,36,1002,98,1,433.17,0.0,433.17,PayPal,Desktop
5008,2262,20261121,10,1594,90,3,497.15,0.2,1193.16,Debit Card,Mobile
5009,195,20260827,38,1909,61,4,859.34,0.13,2990.5,Debit Card,Mobile
5010,1013,20261025,28,1732,50,3,659.16,0.15,1680.86,Debit Card,Mobile
5011,2043,20261019,33,1660,42,1,524.54,0.17,435.37,Debit Card,Mobile
5012,1491,20260129,43,95,57,4,701.81,0.09,2554.59,PayPal,Mobile
5013,3665,20261104,47,1989,99,4,429.74,0.28,1237.65,PayPal,Mobile
5014,2508,20261218,15,1456,24,1,127.61,0.28,91.88,PayPal,Mobile
5015,649,20260727,23,594,50,1,387.91,0.13,337.48,Credit Card,Mobile
5016,3023,20260620,23,872,64,1,640.09,0.2,512.07,Credit Card,Mobile
5017,2258,20260823,50,1961,93,1,469.97,0.06,441.77,Debit Card,Mobile
5018,371,20260523,46,1801,76,1,811.47,0.09,738.44,PayPal,Desktop
5019,2052,20261210,20,15,64,4,82.58,0.15,280.77,Debit Card,Desktop
5020,1494,20260413,13,1519,51,4,706.15,0.24,2146.7,Debit Card,Desktop
5021,2537,20260314,24,69,99,3,465.51,0.07,1298.77,Debit Card,Mobile
5022,187,20260628,27,1242,54,3,127.97,0.06,360.88,Debit Card,Mobile
5023,1301,20260203,25,1122,32,2,790.51,0.16,1328.06,PayPal,Desktop
5024,3544,20260115,34,1919,43,3,836.55,0.05,2384.17,Credit Card,Desktop
5025,638,20261019,8,592,93,3,883.55,0.17,2200.04,PayPal,Mobile
5026,1964,20260608,16,6,55,1,130.25,0.14,112.02,PayPal,Mobile
5027,1524,20261017,34,442,5,1,83.57,0.29,59.33,Debit Card,Desktop
5028,3525,20261216,28,1595,98,3,925.26,0.06,2609.23,PayPal,Mobile
5029,1617,20260805,28,689,86,2,470.89,0.06,885.27,Debit Card,Mobile
5030,3826,20260724,23,1156,46,1,501.06,0.11,445.94,Debit Card,Mobile
5031,1305,20260617,48,1551,82,3,326.08,0.24,743.46,PayPal,Desktop
5032,49,20260904,19,81,23,3,905.19,0.04,2606.95,Debit Card,Mobile
5033,3302,20260114,21,1083,58,4,646.77,0.27,1888.57,Credit Card,Mobile
5034,1474,20260625,31,1289,20,2,510.21,0.09,928.58,Credit Card,Mobile
5035,3249,20260320,19,176,48,4,323.72,0.03,1256.03,Credit Card,Desktop
5036,1553,20260605,1,1072,86,2,600.86,0.04,1153.65,Credit Card,Desktop
5037,2602,20261215,24,1290,49,1,831.03,0.03,806.1,Debit Card,Mobile
5038,1129,20260429,29,1359,84,2,665.51,0.0,1331.02,Debit Card,Mobile
5039,1376,20260122,36,617,5,3,89.36,0.25,201.06,PayPal,Mobile
5040,3581,20260308,37,1276,88,3,644.88,0.01,1915.29,Credit Card,Desktop
5041,992,20260608,22,896,84,2,626.63,0.09,1140.47,Debit Card,Mobile
5042,865,20261214,36,446,52,2,264.0,0.2,422.4,Debit Card,Desktop
5043,1333,20260313,50,1045,96,2,877.29,0.09,1596.67,Credit Card,Desktop
5044,1432,20260120,5,1603,98,4,547.78,0.07,2037.74,Debit Card,Mobile
5045,3209,20260514,40,1292,91,2,308.54,0.19,499.83,Debit Card,Desktop
5046,3156,20261226,3,1495,5,1,285.4,0.18,234.03,Debit Card,Desktop
5047,2248,20260419,2,560,90,4,612.11,0.28,1762.88,PayPal,Desktop
5048,428,20260911,20,21,88,4,650.37,0.25,1951.11,PayPal,Desktop
5049,2374,20260226,33,1936,58,2,751.8,0.02,1473.53,Credit Card,Mobile
5050,2053,20260912,8,1818,51,1,833.4,0.29,591.71,Debit Card,Mobile
5051,2567,20260425,35,603,49,4,898.65,0.07,3342.98,PayPal,Mobile
5052,224,20261214,7,781,33,3,221.6,0.03,644.86,Debit Card,Desktop
5053,1799,20260729,15,229,20,4,415.8,0.05,1580.04,Debit Card,Mobile
5054,2431,20260804,33,927,51,2,152.6,0.13,265.52,Credit Card,Mobile
5055,3055,20261027,41,1197,40,1,386.92,0.15,328.88,Debit Card,Desktop
5056,2311,20260706,42,1036,79,2,85.27,0.02,167.13,Debit Card,Mobile
5057,367,20260827,49,690,100,3,908.56,0.2,2180.54,Debit Card,Mobile
5058,1568,20260806,6,543,99,3,84.98,0.08,234.54,Debit Card,Desktop
5059,3475,20260214,17,538,99,3,901.82,0.1,2434.91,Credit Card,Desktop
5060,1414,20260405,44,1351,65,2,458.63,0.09,834.71,PayPal,Mobile
5061,2442,20261103,19,1492,48,4,907.78,0.12,3195.39,Debit Card,Mobile
5062,3619,20261204,8,1711,29,2,689.51,0.17,1144.59,PayPal,Desktop
5063,1987,20261013,28,277,3,1,92.31,0.18,75.69,PayPal,Mobile
5064,2434,20261008,26,1907,42,4,817.58,0.13,2845.18,PayPal,Mobile
5065,2745,20260609,27,5,91,3,904.01,0.25,2034.02,Debit Card,Desktop
5066,1072,20261204,49,1830,35,2,692.08,0.09,1259.59,Credit Card,Mobile
5067,784,20260811,19,318,42,3,709.1,0.06,1999.66,Debit Card,Desktop
5068,3348,20260717,28,1475,20,3,132.0,0.06,372.24,Credit Card,Mobile
5069,2818,20261001,24,706,10,1,293.04,0.04,281.32,Credit Card,Desktop
5070,2575,20260520,24,1583,19,4,933.25,0.26,2762.42,Debit Card,Desktop
5071,2062,20260104,41,127,66,1,399.4,0.27,291.56,Debit Card,Mobile
5072,295,20261223,10,802,25,1,62.58,0.05,59.45,Credit Card,Desktop
5073,2533,20260117,14,1001,68,1,707.65,0.06,665.19,Credit Card,Mobile
5074,1014,20260319,16,317,53,3,436.37,0.05,1243.65,Credit Card,Desktop
5075,1194,20260817,28,1807,79,1,920.1,0.13,800.49,Debit Card,Mobile
5076,1577,20261025,35,1986,58,1,652.83,0.09,594.08,PayPal,Desktop
5077,2356,20260531,19,550,78,4,604.39,0.05,2296.68,PayPal,Mobile
5078,2610,20260207,32,322,94,4,241.19,0.15,820.05,Debit Card,Desktop
5079,3949,20260916,1,1864,88,1,297.6,0.24,226.18,Debit Card,Mobile
5080,2647,20260727,33,429,98,4,666.68,0.27,1946.71,Credit Card,Mobile
5081,2922,20260408,46,1592,27,4,121.86,0.04,467.94,Credit Card,Desktop
5082,1239,20260819,3,1875,27,1,617.03,0.1,555.33,PayPal,Mobile
5083,3259,20260407,43,1928,94,3,239.72,0.2,575.33,Credit Card,Mobile
5084,3350,20260223,1,323,32,1,428.11,0.08,393.86,Debit Card,Mobile
5085,2446,20261003,15,1026,68,4,105.41,0.04,404.77,PayPal,Desktop
5086,3174,20260410,43,1832,31,3,118.36,0.11,316.02,PayPal,Desktop
5087,1008,20261006,17,1658,12,2,913.63,0.11,1626.26,Debit Card,Mobile
5088,51,20260112,33,861,24,3,690.06,0.23,1594.04,Credit Card,Desktop
5089,3894,20260630,10,841,84,4,106.62,0.12,375.3,Credit Card,Mobile
5090,2618,20260609,39,270,19,3,869.68,0.15,2217.68,Debit Card,Mobile
5091,600,20261123,28,1970,83,1,792.73,0.3,554.91,Credit Card,Mobile
5092,267,20260622,4,1085,38,2,90.96,0.12,160.09,Credit Card,Mobile
5093,3646,20260615,38,1017,84,2,873.13,0.25,1309.69,Credit Card,Desktop
5094,264,20260311,3,1156,79,2,723.64,0.27,1056.51,Debit Card,Desktop
5095,1621,20260405,27,1911,48,4,873.9,0.13,3041.17,Credit Card,Mobile
5096,2283,20260803,44,1911,21,4,574.73,0.23,1770.17,Credit Card,Desktop
5097,803,20260122,4,1077,88,2,470.4,0.07,874.94,Debit Card,Mobile
5098,799,20260524,40,21,78,3,766.71,0.17,1909.11,Credit Card,Mobile
5099,2724,20260127,26,363,51,2,374.22,0.24,568.81,Credit Card,Desktop
5100,3833,20260104,19,1009,37,3,650.87,0.3,1366.83,PayPal,Desktop
5101,2189,20261201,34,1262,22,3,476.44,0.16,1200.63,Credit Card,Mobile
5102,3645,20260328,22,1924,23,4,488.75,0.16,1642.2,Credit Card,Mobile
5103,2782,20260330,12,1975,99,3,178.42,0.14,460.32,Debit Card,Desktop
5104,3496,20260120,44,510,71,2,156.53,0.18,256.71,PayPal,Desktop
5105,962,20260908,42,175,65,4,782.31,0.11,2785.02,PayPal,Desktop
5106,2237,20260609,4,118,61,1,392.96,0.08,361.52,PayPal,Mobile
5107,1684,20260519,39,1712,67,1,765.85,0.07,712.24,Credit Card,Desktop
5108,1498,20260629,42,35,36,4,391.5,0.19,1268.46,Debit Card,Mobile
5109,3582,20261004,48,1024,96,2,518.2,0.01,1026.04,Debit Card,Mobile
5110,474,20261112,29,1617,19,1,602.0,0.22,469.56,Credit Card,Mobile
5111,2895,20260427,33,5,37,1,777.59,0.3,544.31,Credit Card,Mobile
5112,2758,20260502,27,1190,54,3,154.49,0.23,356.87,Debit Card,Mobile
5113,127,20260301,6,1816,80,3,96.32,0.09,262.95,PayPal,Mobile
5114,3834,20260417,28,341,23,2,360.53,0.0,721.06,Debit Card,Mobile
5115,1589,20261218,48,566,17,4,588.69,0.02,2307.66,Debit Card,Desktop
5116,1200,20260427,4,1852,71,2,269.55,0.11,479.8,Credit Card,Mobile
5117,2831,20260223,29,248,78,4,57.41,0.14,197.49,PayPal,Desktop
5118,190,20260612,22,1562,15,1,491.85,0.22,383.64,PayPal,Desktop
5119,2908,20260115,1,12,97,3,576.38,0.18,1417.89,Debit Card,Desktop
5120,1467,20260814,11,1644,54,2,808.03,0.07,1502.94,Credit Card,Desktop
5121,1771,20261103,16,741,24,2,400.63,0.14,689.08,Debit Card,Mobile
5122,2886,20260503,12,1652,68,4,669.55,0.01,2651.42,Debit Card,Desktop
5123,3042,20260220,28,45,22,4,101.61,0.12,357.67,Debit Card,Mobile
5124,1818,20260409,19,167,86,2,398.02,0.13,692.55,Debit Card,Mobile
5125,785,20260708,10,264,92,4,497.28,0.15,1690.75,Debit Card,Desktop
5126,669,20261222,26,250,41,2,802.76,0.23,1236.25,PayPal,Desktop
5127,3787,20260925,34,1219,92,2,643.22,0.27,939.1,Credit Card,Desktop
5128,3977,20261011,7,650,15,2,868.77,0.03,1685.41,Credit Card,Mobile
5129,644,20260513,19,1438,65,1,204.36,0.08,188.01,Debit Card,Desktop
5130,305,20260606,44,1916,27,4,967.85,0.13,3368.12,Debit Card,Mobile
5131,1081,20260829,6,1175,1,3,900.92,0.27,1973.01,PayPal,Desktop
5132,3867,20260725,21,1341,7,3,617.26,0.09,1685.12,PayPal,Desktop
5133,1042,20260901,1,1829,16,4,753.26,0.0,3013.04,PayPal,Mobile
5134,1891,20260910,2,793,14,2,433.15,0.27,632.4,Credit Card,Mobile
5135,874,20260228,35,454,12,3,148.35,0.04,427.25,PayPal,Mobile
5136,3952,20260821,21,963,76,3,204.22,0.28,441.12,Debit Card,Desktop
5137,2334,20260805,5,1364,100,4,296.55,0.01,1174.34,PayPal,Desktop
5138,2961,20260529,4,1454,57,3,863.0,0.23,1993.53,PayPal,Mobile
5139,1148,20260529,14,556,98,2,121.36,0.13,211.17,PayPal,Mobile
5140,3451,20260605,5,1713,16,4,962.37,0.21,3041.09,Debit Card,Desktop
5141,3862,20260612,28,296,36,2,883.77,0.2,1414.03,PayPal,Mobile
5142,2639,20260306,28,1833,38,3,267.38,0.25,601.61,Credit Card,Mobile
5143,1640,20260210,4,460,67,3,451.59,0.15,1151.55,PayPal,Desktop
5144,610,20260220,16,572,89,2,646.52,0.1,1163.74,Debit Card,Desktop
5145,2029,20260613,19,870,33,1,189.52,0.25,142.14,Debit Card,Mobile
5146,3548,20260430,18,1189,41,3,143.62,0.13,374.85,Credit Card,Desktop
5147,1180,20260118,7,197,89,1,790.17,0.19,640.04,Credit Card,Desktop
5148,2762,20261201,19,1313,55,3,149.01,0.07,415.74,PayPal,Mobile
5149,3877,20261120,32,1113,77,1,149.93,0.21,118.44,PayPal,Mobile
5150,3423,20261124,44,1535,42,1,509.35,0.13,443.13,Debit Card,Desktop
5151,2159,20260128,15,29,36,1,155.9,0.24,118.48,Credit Card,Desktop
5152,1162,20261121,32,628,64,2,865.73,0.08,1592.94,Credit Card,Mobile
5153,2681,20260517,42,1755,78,1,717.03,0.11,638.16,Debit Card,Mobile
5154,385,20260810,43,874,65,1,771.1,0.14,663.15,Debit Card,Mobile
5155,3313,20260705,45,991,41,1,844.85,0.02,827.95,Credit Card,Desktop
5156,76,20260103,6,1868,96,3,805.4,0.06,2271.23,Credit Card,Desktop
5157,1834,20261115,18,1320,3,1,427.94,0.17,355.19,PayPal,Desktop
5158,3228,20260328,43,1922,46,3,586.43,0.1,1583.36,Credit Card,Desktop
5159,277,20260905,34,547,58,1,925.62,0.05,879.34,PayPal,Mobile
5160,3877,20260719,14,1518,78,1,428.31,0.01,424.03,PayPal,Mobile
5161,389,20260528,6,1223,45,2,123.12,0.28,177.29,Debit Card,Mobile
5162,2607,20261220,25,364,95,3,735.01,0.28,1587.62,Debit Card,Mobile
5163,3053,20260919,42,111,51,1,978.22,0.3,684.75,PayPal,Mobile
5164,2736,20260215,8,943,75,3,774.03,0.05,2205.99,Debit Card,Mobile
5165,657,20261011,14,495,11,3,191.09,0.25,429.95,Credit Card,Desktop
5166,10,20260719,45,1451,28,4,511.74,0.04,1965.08,PayPal,Desktop
5167,1887,20260808,45,238,34,2,167.12,0.05,317.53,Credit Card,Mobile
5168,2902,20260523,32,387,19,2,801.6,0.15,1362.72,Credit Card,Desktop
5169,3535,20261130,17,369,13,2,517.3,0.21,817.33,PayPal,Desktop
5170,143,20260319,29,1217,31,4,61.27,0.08,225.47,Debit Card,Desktop
5171,269,20260227,40,1452,79,4,401.14,0.15,1363.88,Debit Card,Mobile
5172,1349,20260625,37,279,85,2,97.89,0.26,144.88,Debit Card,Mobile
5173,3138,20261125,37,746,46,4,816.4,0.0,3265.6,PayPal,Desktop
5174,2486,20260911,15,810,38,4,627.41,0.29,1781.84,PayPal,Mobile
5175,1859,20260908,10,456,67,4,250.31,0.18,821.02,PayPal,Mobile
5176,293,20260805,9,1194,20,2,962.85,0.24,1463.53,Credit Card,Mobile
5177,2608,20260614,5,491,84,2,148.49,0.2,237.58,Credit Card,Mobile
5178,1528,20260224,49,1386,6,2,77.91,0.1,140.24,Credit Card,Desktop
5179,2152,20260727,50,1665,37,4,975.63,0.08,3590.32,PayPal,Mobile
5180,517,20260329,12,468,22,2,250.57,0.25,375.86,Credit Card,Desktop
5181,2884,20260508,31,122,99,4,547.54,0.1,1971.14,PayPal,Desktop
5182,1019,20260417,31,25,68,1,605.53,0.25,454.15,Debit Card,Desktop
5183,508,20260923,15,1946,15,4,244.85,0.19,793.31,Debit Card,Mobile
5184,27,20260313,40,1659,77,3,406.99,0.02,1196.55,Credit Card,Desktop
5185,306,20260204,29,1726,70,2,403.76,0.19,654.09,Debit Card,Desktop
5186,3294,20261103,16,1107,1,2,567.24,0.24,862.2,Credit Card,Desktop
5187,3637,20261123,48,1647,30,3,314.39,0.2,754.54,PayPal,Mobile
5188,251,20260219,43,513,74,4,262.17,0.06,985.76,Debit Card,Desktop
5189,1264,20260328,2,901,63,1,340.89,0.11,303.39,Credit Card,Mobile
5190,1319,20260614,42,1932,65,3,918.08,0.28,1983.05,PayPal,Mobile
5191,415,20260415,43,255,100,3,921.36,0.17,2294.19,PayPal,Mobile
5192,2671,20261208,48,476,67,4,577.64,0.05,2195.03,Debit Card,Mobile
5193,2016,20260311,31,1212,71,2,742.7,0.16,1247.74,Credit Card,Desktop
5194,1903,20260921,5,761,55,4,512.01,0.11,1822.76,Debit Card,Mobile
5195,962,20260614,14,1523,5,3,890.04,0.24,2029.29,Debit Card,Mobile
5196,2022,20260715,4,1321,85,3,440.42,0.2,1057.01,PayPal,Desktop
5197,410,20260420,37,1616,9,2,777.27,0.07,1445.72,PayPal,Desktop
5198,3945,20261223,38,681,44,2,138.63,0.03,268.94,PayPal,Mobile
5199,2976,20260114,8,1723,25,2,615.22,0.15,1045.87,Debit Card,Mobile
5200,3984,20260428,30,18,100,4,513.28,0.19,1663.03,Credit Card,Desktop
5201,1697,20261020,7,1661,69,2,649.47,0.06,1221.0,PayPal,Mobile
5202,3767,20260127,24,1060,17,3,901.35,0.09,2460.69,Credit Card,Desktop
5203,3393,20260315,18,920,89,3,816.13,0.12,2154.58,Debit Card,Mobile
5204,1959,20260602,16,302,47,1,460.02,0.08,423.22,Debit Card,Mobile
5205,2358,20260806,43,1241,4,4,947.77,0.25,2843.31,Debit Card,Mobile
5206,2558,20260716,41,246,17,1,816.71,0.28,588.03,Credit Card,Desktop
5207,141,20260323,40,708,62,3,911.2,0.22,2132.21,PayPal,Mobile
5208,1315,20260430,1,1885,69,1,348.09,0.29,247.14,Credit Card,Desktop
5209,3062,20261004,17,569,42,3,866.71,0.28,1872.09,Debit Card,Desktop
5210,2856,20261227,47,1104,100,1,474.36,0.3,332.05,Credit Card,Desktop
5211,3973,20260515,21,534,8,2,329.7,0.06,619.84,PayPal,Desktop
5212,3782,20260213,45,1364,42,1,975.06,0.28,702.04,Debit Card,Desktop
5213,199,20260524,8,1494,51,2,59.14,0.24,89.89,PayPal,Desktop
5214,995,20260611,3,1894,4,2,621.35,0.18,1019.01,Credit Card,Mobile
5215,3577,20260512,3,715,95,4,870.89,0.02,3413.89,PayPal,Mobile
5216,296,20260718,17,1605,35,2,648.57,0.01,1284.17,Debit Card,Desktop
5217,201,20260608,1,83,38,2,543.19,0.0,1086.38,Credit Card,Mobile
5218,1470,20260530,17,1277,60,1,727.55,0.08,669.35,Debit Card,Mobile
5219,1806,20260601,23,349,47,3,745.21,0.16,1877.93,Debit Card,Mobile
5220,2479,20260525,10,1761,37,4,993.85,0.17,3299.58,Debit Card,Desktop
5221,341,20260310,13,1087,6,2,350.44,0.13,609.77,PayPal,Desktop
5222,2078,20261105,8,350,86,4,364.83,0.02,1430.13,Credit Card,Desktop
5223,246,20260630,36,1383,16,1,218.04,0.2,174.43,Debit Card,Desktop
5224,1386,20261105,2,900,10,2,71.37,0.07,132.75,Debit Card,Desktop
5225,1971,20260206,31,1755,99,1,650.36,0.21,513.78,PayPal,Desktop
5226,416,20260407,41,82,89,4,827.63,0.25,2482.89,Credit Card,Mobile
5227,1647,20261225,31,119,21,1,285.13,0.18,233.81,Debit Card,Desktop
5228,3771,20260712,19,570,49,4,144.66,0.15,491.84,PayPal,Desktop
5229,2069,20260525,39,1849,98,1,397.2,0.28,285.98,Credit Card,Desktop
5230,2222,20261216,15,380,66,4,342.9,0.28,987.55,Credit Card,Mobile
5231,1114,20260504,48,1399,88,3,870.75,0.19,2115.92,Debit Card,Desktop
5232,3200,20261231,38,938,96,1,615.91,0.21,486.57,PayPal,Desktop
5233,3750,20261022,20,1990,68,1,137.7,0.26,101.9,PayPal,Desktop
5234,1268,20260111,25,696,98,3,894.62,0.17,2227.6,PayPal,Desktop
5235,2376,20260727,10,1320,96,3,272.9,0.29,581.28,Debit Card,Desktop
5236,3080,20261014,16,980,51,1,67.37,0.29,47.83,PayPal,Desktop
5237,1926,20260803,14,928,68,3,812.67,0.26,1804.13,Credit Card,Desktop
5238,457,20260508,37,205,69,2,310.48,0.04,596.12,Debit Card,Mobile
5239,1829,20260805,20,905,56,4,170.46,0.16,572.75,Debit Card,Desktop
5240,235,20260806,45,1251,11,4,709.49,0.12,2497.4,PayPal,Mobile
5241,1559,20261104,17,259,44,4,230.24,0.11,819.65,PayPal,Mobile
5242,2033,20260227,1,1088,46,2,475.91,0.26,704.35,Debit Card,Desktop
5243,1536,20260613,42,894,94,3,596.4,0.01,1771.31,Credit Card,Desktop
5244,1137,20260906,29,978,62,3,94.09,0.09,256.87,Credit Card,Desktop
5245,3472,20260118,30,1935,8,1,387.67,0.14,333.4,Credit Card,Desktop
5246,3944,20260110,19,525,80,3,712.35,0.11,1901.97,Debit Card,Mobile
5247,2552,20261124,35,657,59,1,839.19,0.19,679.74,Debit Card,Mobile
5248,2010,20260709,17,1946,35,2,419.97,0.19,680.35,PayPal,Desktop
5249,2741,20260702,42,970,50,4,369.8,0.1,1331.28,PayPal,Desktop
5250,1113,20260418,12,7,91,4,279.92,0.1,1007.71,Debit Card,Mobile
5251,3197,20261017,1,1405,58,4,903.57,0.29,2566.14,Credit Card,Desktop
5252,2849,20260829,50,293,61,3,174.2,0.19,423.31,Debit Card,Desktop
5253,247,20261211,46,1138,75,1,532.13,0.17,441.67,Debit Card,Mobile
5254,94,20261127,16,840,55,1,983.39,0.25,737.54,PayPal,Mobile
5255,2791,20261122,20,542,70,2,228.03,0.14,392.21,Credit Card,Desktop
5256,3935,20260411,31,1236,51,3,707.37,0.01,2100.89,Credit Card,Desktop
5257,3199,20260701,30,1395,68,2,262.74,0.15,446.66,Debit Card,Mobile
5258,1180,20260523,37,133,76,1,516.42,0.13,449.29,Credit Card,Desktop
5259,1367,20260409,2,1751,88,1,947.6,0.13,824.41,Debit Card,Mobile
5260,406,20260625,25,1242,10,4,627.02,0.1,2257.27,Debit Card,Desktop
5261,2560,20261110,33,291,27,3,502.61,0.02,1477.67,Credit Card,Desktop
5262,806,20261209,14,1545,96,1,93.78,0.16,78.78,Debit Card,Mobile
5263,1228,20260314,15,365,56,4,248.08,0.23,764.09,PayPal,Mobile
5264,16,20260523,6,1427,49,3,642.34,0.03,1869.21,PayPal,Desktop
5265,2844,20261109,12,1173,39,2,632.51,0.04,1214.42,Debit Card,Desktop
5266,2222,20260121,10,1134,60,3,284.91,0.3,598.31,PayPal,Mobile
5267,1430,20260515,7,169,84,3,462.91,0.11,1235.97,Credit Card,Mobile
5268,3711,20260407,48,122,48,1,835.08,0.17,693.12,PayPal,Desktop
5269,1040,20260810,10,445,74,1,695.98,0.19,563.74,Debit Card,Mobile
5270,1464,20261013,44,1528,37,3,691.88,0.22,1619.0,Credit Card,Desktop
5271,989,20260717,20,1286,71,1,280.22,0.22,218.57,PayPal,Desktop
5272,2995,20260128,12,1791,58,1,748.36,0.0,748.36,Debit Card,Mobile
5273,2358,20261217,14,1668,10,1,803.25,0.3,562.27,Debit Card,Mobile
5274,1444,20260703,13,324,55,4,94.25,0.25,282.75,Debit Card,Mobile
5275,1251,20260523,44,1586,90,4,868.82,0.2,2780.22,PayPal,Mobile
5276,2288,20261220,46,945,98,3,492.56,0.12,1300.36,PayPal,Desktop
5277,3604,20261029,43,1079,73,1,890.8,0.22,694.82,Debit Card,Mobile
5278,1813,20260329,11,1038,63,4,862.28,0.29,2448.88,Debit Card,Desktop
5279,2526,20260912,6,107,38,3,799.03,0.12,2109.44,Credit Card,Desktop
5280,678,20260714,39,773,80,1,719.71,0.26,532.59,Debit Card,Desktop
5281,3047,20260404,21,996,29,2,843.11,0.08,1551.32,Credit Card,Mobile
5282,318,20260314,46,1835,2,1,67.34,0.01,66.67,Debit Card,Mobile
5283,3296,20261018,18,511,89,1,115.61,0.18,94.8,Credit Card,Desktop
5284,1493,20260129,29,1084,13,4,988.96,0.05,3758.05,Debit Card,Desktop
5285,324,20260424,38,430,48,3,810.35,0.1,2187.95,Credit Card,Mobile
5286,2947,20261205,21,1047,39,3,125.49,0.26,278.59,Debit Card,Desktop
5287,376,20260815,15,978,8,4,851.18,0.29,2417.35,PayPal,Mobile
5288,2839,20261224,30,564,73,1,730.04,0.3,511.03,Credit Card,Mobile
5289,3285,20260819,32,478,1,2,391.49,0.29,555.92,Credit Card,Mobile
5290,3482,20261228,29,437,59,1,936.58,0.3,655.61,Credit Card,Mobile
5291,182,20261101,6,1724,1,1,507.02,0.19,410.69,Credit Card,Desktop
5292,3388,20261017,36,1263,21,2,213.21,0.05,405.1,Credit Card,Desktop
5293,855,20260108,34,781,43,4,983.68,0.12,3462.55,Debit Card,Desktop
5294,1283,20260726,6,1999,35,3,100.35,0.27,219.77,Credit Card,Desktop
5295,3395,20261005,31,171,9,4,735.77,0.25,2207.31,PayPal,Mobile
5296,340,20260117,21,1529,32,4,959.01,0.1,3452.44,Credit Card,Mobile
5297,3733,20261020,41,833,8,1,946.54,0.18,776.16,Credit Card,Desktop
5298,3641,20260727,45,1767,36,3,620.4,0.06,1749.53,Debit Card,Desktop
5299,1341,20261107,17,1870,65,3,465.17,0.01,1381.55,Debit Card,Desktop
5300,3430,20260318,18,347,23,4,350.98,0.1,1263.53,Debit Card,Desktop
5301,3592,20260514,17,1358,96,2,769.27,0.12,1353.92,PayPal,Desktop
5302,1383,20260226,17,1802,14,4,791.34,0.23,2437.33,PayPal,Mobile
5303,475,20260913,20,1151,72,2,788.32,0.03,1529.34,Credit Card,Desktop
5304,3880,20260129,5,1163,64,3,400.64,0.17,997.59,PayPal,Desktop
5305,698,20260701,26,1008,95,4,914.96,0.01,3623.24,PayPal,Desktop
5306,3007,20260616,19,188,39,1,893.21,0.08,821.75,Debit Card,Mobile
5307,594,20261116,48,829,64,4,974.28,0.08,3585.35,PayPal,Mobile
5308,3474,20260929,3,133,43,3,561.88,0.21,1331.66,Credit Card,Mobile
5309,3158,20260813,12,842,66,1,685.63,0.2,548.5,Debit Card,Desktop
5310,1684,20260123,47,1154,86,1,328.65,0.08,302.36,PayPal,Mobile
5311,23,20260531,29,1999,49,2,192.37,0.27,280.86,PayPal,Mobile
5312,2191,20260813,5,1847,34,1,670.71,0.01,664.0,Credit Card,Desktop
5313,3818,20260704,15,1221,96,1,597.94,0.05,568.04,PayPal,Desktop
5314,195,20260720,21,516,16,4,440.56,0.03,1709.37,Debit Card,Mobile
5315,1772,20260615,1,165,89,3,85.87,0.24,195.78,Debit Card,Desktop
5316,25,20260226,1,1842,58,2,724.84,0.16,1217.73,Debit Card,Desktop
5317,1486,20260402,30,895,14,4,531.56,0.29,1509.63,PayPal,Desktop
5318,1753,20260905,32,269,89,1,508.11,0.01,503.03,Credit Card,Mobile
5319,2402,20260401,8,531,27,1,575.57,0.07,535.28,Credit Card,Mobile
5320,724,20260226,48,745,80,2,394.26,0.14,678.13,Debit Card,Mobile
5321,3734,20260411,18,1608,89,3,451.68,0.25,1016.28,Credit Card,Mobile
5322,2429,20260329,38,1656,35,2,702.63,0.01,1391.21,Debit Card,Desktop
5323,3009,20261118,35,1763,70,4,884.34,0.12,3112.88,Credit Card,Mobile
5324,3094,20260401,26,1634,17,2,687.61,0.05,1306.46,Credit Card,Mobile
5325,2292,20260801,35,79,20,1,141.23,0.0,141.23,Debit Card,Desktop
5326,1653,20261203,42,345,92,4,86.56,0.02,339.32,Credit Card,Desktop
5327,1523,20260504,22,1268,46,1,484.8,0.07,450.86,PayPal,Mobile
5328,1552,20260612,49,158,56,3,167.09,0.13,436.1,PayPal,Desktop
5329,3299,20260319,23,1110,51,1,983.44,0.12,865.43,PayPal,Mobile
5330,3198,20260717,24,499,49,1,863.09,0.02,845.83,PayPal,Desktop
5331,2535,20260407,10,365,42,2,929.82,0.24,1413.33,Debit Card,Desktop
5332,3743,20260124,2,794,79,1,814.82,0.3,570.37,Debit Card,Mobile
5333,1897,20261110,14,1685,84,4,467.23,0.24,1420.38,PayPal,Desktop
5334,820,20260219,41,1821,37,4,826.36,0.16,2776.57,Credit Card,Mobile
5335,1322,20260127,35,600,66,3,657.74,0.13,1716.7,Debit Card,Mobile
5336,948,20261231,2,1550,1,4,767.48,0.24,2333.14,Debit Card,Desktop
5337,3427,20260201,42,1464,54,2,263.89,0.24,401.11,Credit Card,Desktop
5338,3478,20260120,44,502,61,3,414.62,0.17,1032.4,Debit Card,Mobile
5339,209,20260526,41,1701,41,4,318.52,0.27,930.08,PayPal,Mobile
5340,2002,20260130,42,1085,74,2,299.66,0.0,599.32,Credit Card,Mobile
5341,771,20260822,1,1405,99,4,454.18,0.11,1616.88,Credit Card,Desktop
5342,485,20261119,40,1118,42,4,805.32,0.27,2351.53,Debit Card,Desktop
5343,2081,20260602,50,1,70,1,508.09,0.27,370.91,Debit Card,Mobile
5344,2092,20260906,11,1027,42,4,342.08,0.11,1217.8,Credit Card,Desktop
5345,54,20260325,24,1421,18,4,377.25,0.07,1403.37,PayPal,Desktop
5346,230,20260207,8,387,43,2,353.62,0.11,629.44,Credit Card,Desktop
5347,2265,20260828,33,971,87,2,126.59,0.24,192.42,Debit Card,Mobile
5348,2550,20260705,48,1417,16,1,165.98,0.3,116.19,PayPal,Desktop
5349,380,20260214,19,209,17,4,537.24,0.11,1912.57,Credit Card,Mobile
5350,1126,20260910,48,766,9,1,295.38,0.28,212.67,Debit Card,Desktop
5351,886,20261025,50,316,61,4,623.52,0.25,1870.56,Debit Card,Mobile
5352,2392,20260715,17,918,29,3,583.67,0.27,1278.24,PayPal,Desktop
5353,618,20261110,44,758,23,3,242.91,0.17,604.85,Credit Card,Mobile
5354,814,20260712,27,1662,6,1,979.82,0.11,872.04,Debit Card,Mobile
5355,505,20260318,14,978,27,1,336.59,0.24,255.81,PayPal,Desktop
5356,2193,20261112,5,1163,29,1,132.22,0.19,107.1,Debit Card,Desktop
5357,1219,20261024,14,1983,55,2,322.81,0.06,606.88,Debit Card,Mobile
5358,3968,20260213,21,1420,77,2,674.9,0.27,985.35,Debit Card,Desktop
5359,130,20260804,49,1113,75,2,574.33,0.04,1102.71,Debit Card,Mobile
5360,2676,20260531,7,1094,58,1,412.4,0.07,383.53,PayPal,Desktop
5361,2760,20260730,49,95,17,4,792.0,0.07,2946.24,Credit Card,Mobile
5362,986,20260524,15,1417,67,3,197.87,0.25,445.21,PayPal,Mobile
5363,3148,20260223,10,665,4,1,678.34,0.12,596.94,PayPal,Mobile
5364,3188,20260911,20,503,100,2,65.35,0.0,130.7,PayPal,Desktop
5365,165,20260714,32,1336,20,2,457.3,0.09,832.29,Debit Card,Mobile
5366,2074,20260324,39,858,55,1,490.9,0.14,422.17,Credit Card,Desktop
5367,1989,20260915,13,1086,8,1,77.5,0.06,72.85,PayPal,Mobile
5368,2312,20260414,30,61,12,2,230.41,0.26,341.01,PayPal,Mobile
5369,2816,20260531,30,742,13,4,490.93,0.02,1924.45,PayPal,Desktop
5370,2705,20260312,41,1795,84,2,149.1,0.17,247.51,Debit Card,Mobile
5371,2809,20260726,12,1036,84,2,487.37,0.28,701.81,PayPal,Mobile
5372,47,20260805,1,775,100,1,567.22,0.17,470.79,Debit Card,Mobile
5373,2978,20260323,11,757,22,4,512.03,0.01,2027.64,PayPal,Desktop
5374,1730,20260713,35,1590,10,2,356.4,0.28,513.22,PayPal,Desktop
5375,414,20261102,43,1252,79,2,177.46,0.19,287.49,Debit Card,Desktop
5376,256,20260105,34,435,34,3,256.1,0.01,760.62,PayPal,Mobile
5377,3626,20261113,47,530,33,1,568.76,0.26,420.88,PayPal,Desktop
5378,3270,20261010,18,1838,69,3,594.84,0.28,1284.85,Credit Card,Mobile
5379,2209,20260511,25,1880,89,3,445.65,0.24,1016.08,Debit Card,Mobile
5380,288,20260718,43,1033,89,2,106.89,0.03,207.37,Credit Card,Desktop
5381,1220,20261227,4,656,82,1,451.37,0.22,352.07,PayPal,Desktop
5382,100,20261122,34,1022,93,4,699.56,0.07,2602.36,PayPal,Mobile
5383,3778,20261226,42,1590,43,2,251.06,0.16,421.78,PayPal,Mobile
5384,3592,20260813,34,1081,64,4,151.57,0.13,527.46,Credit Card,Desktop
5385,1994,20260211,35,1947,82,4,366.95,0.29,1042.14,Credit Card,Mobile
5386,319,20261120,19,1677,22,1,747.3,0.06,702.46,Credit Card,Desktop
5387,1107,20261209,31,1217,78,3,371.31,0.29,790.89,Debit Card,Desktop
5388,3998,20260507,35,326,58,1,236.57,0.03,229.47,Credit Card,Mobile
5389,1674,20260630,28,277,5,4,666.82,0.18,2187.17,PayPal,Desktop
5390,1124,20260108,46,1875,52,2,925.51,0.13,1610.39,Debit Card,Mobile
5391,1665,20260228,25,285,15,4,365.45,0.13,1271.77,PayPal,Desktop
5392,1405,20260919,41,257,41,2,679.09,0.25,1018.63,Debit Card,Desktop
5393,1729,20260318,26,931,23,2,299.91,0.17,497.85,PayPal,Mobile
5394,664,20261021,9,1472,54,1,626.75,0.3,438.72,Debit Card,Desktop
5395,1288,20260123,50,533,14,4,461.78,0.01,1828.65,Credit Card,Mobile
5396,2282,20260813,27,1375,69,3,731.41,0.28,1579.85,PayPal,Mobile
5397,3418,20260502,35,1365,97,4,635.34,0.24,1931.43,PayPal,Desktop
5398,1036,20260312,28,1330,65,4,197.38,0.19,639.51,PayPal,Desktop
5399,356,20260406,4,465,47,3,584.85,0.27,1280.82,Debit Card,Desktop
5400,2292,20260912,20,412,63,1,305.25,0.17,253.36,PayPal,Mobile
5401,660,20261228,27,299,62,4,340.14,0.23,1047.63,Credit Card,Desktop
5402,2990,20260103,5,305,55,4,665.15,0.01,2633.99,Debit Card,Desktop
5403,3275,20260719,28,155,37,2,654.86,0.01,1296.62,PayPal,Mobile
5404,193,20261018,39,218,56,4,911.72,0.03,3537.47,Debit Card,Desktop
5405,1392,20261207,20,1916,93,3,613.23,0.1,1655.72,Credit Card,Mobile
5406,3561,20260128,18,1750,52,2,141.28,0.27,206.27,Credit Card,Desktop
5407,641,20260602,1,1867,83,1,869.09,0.2,695.27,Debit Card,Mobile
5408,2338,20260308,33,1913,59,2,372.88,0.2,596.61,PayPal,Mobile
5409,647,20260129,7,844,51,3,524.12,0.29,1116.38,Debit Card,Desktop
5410,1833,20261019,4,1285,69,3,892.3,0.01,2650.13,PayPal,Desktop
5411,382,20260203,14,1371,33,2,871.3,0.24,1324.38,Credit Card,Mobile
5412,1105,20260703,12,303,59,1,81.85,0.01,81.03,Debit Card,Desktop
5413,1256,20260506,49,1376,53,2,344.61,0.17,572.05,Debit Card,Mobile
5414,250,20260809,21,1994,25,1,690.02,0.27,503.71,Debit Card,Desktop
5415,335,20260909,27,31,21,2,688.32,0.08,1266.51,PayPal,Desktop
5416,2938,20261225,36,1101,93,3,594.36,0.11,1586.94,Debit Card,Desktop
5417,2022,20260703,21,1155,95,4,619.53,0.27,1809.03,Credit Card,Mobile
5418,3612,20260514,21,336,68,4,737.46,0.2,2359.87,PayPal,Mobile
5419,1636,20260427,18,1493,30,1,97.25,0.26,71.97,Credit Card,Mobile
5420,3931,20261118,32,938,91,1,967.89,0.04,929.17,Debit Card,Desktop
5421,3178,20261126,46,1998,19,1,785.81,0.07,730.8,PayPal,Desktop
5422,3886,20260626,32,1420,83,3,695.15,0.16,1751.78,PayPal,Desktop
5423,3679,20261229,31,1932,59,2,101.1,0.3,141.54,Credit Card,Desktop
5424,1123,20261122,40,985,20,3,654.63,0.12,1728.22,PayPal,Mobile
5425,3257,20261205,1,840,58,4,784.88,0.03,3045.33,PayPal,Mobile
5426,2290,20260112,19,598,23,1,80.58,0.17,66.88,PayPal,Mobile
5427,2606,20261024,17,269,16,2,591.42,0.02,1159.18,Credit Card,Mobile
5428,2476,20260805,31,1986,100,4,387.72,0.1,1395.79,Credit Card,Mobile
5429,1403,20260526,42,745,61,4,539.93,0.02,2116.53,PayPal,Mobile
5430,3045,20260705,17,469,34,4,778.67,0.25,2336.01,PayPal,Desktop
5431,604,20260713,50,457,37,3,382.76,0.04,1102.35,Credit Card,Desktop
5432,2834,20260521,2,1053,99,1,103.08,0.26,76.28,Credit Card,Desktop
5433,981,20261130,38,674,79,4,255.63,0.28,736.21,PayPal,Desktop
5434,3071,20260503,42,1877,35,1,356.54,0.13,310.19,Debit Card,Mobile
5435,3411,20260830,8,320,67,3,248.81,0.21,589.68,Credit Card,Mobile
5436,1612,20261123,20,1306,20,4,145.72,0.02,571.22,Credit Card,Mobile
5437,3993,20260613,36,1035,75,3,293.23,0.23,677.36,Credit Card,Desktop
5438,239,20261122,24,1753,4,3,973.01,0.02,2860.65,Debit Card,Mobile
5439,82,20261115,41,824,17,1,402.48,0.19,326.01,Debit Card,Mobile
5440,1046,20260405,46,1346,98,4,471.6,0.05,1792.08,Credit Card,Mobile
5441,3924,20260807,50,1016,78,3,367.97,0.05,1048.71,PayPal,Mobile
5442,2103,20260511,40,1621,96,4,751.78,0.01,2977.05,PayPal,Mobile
5443,2027,20260814,43,674,21,1,624.05,0.16,524.2,PayPal,Mobile
5444,3418,20261114,13,797,73,3,609.47,0.13,1590.72,Credit Card,Desktop
5445,2781,20260705,38,1117,87,1,313.26,0.03,303.86,Credit Card,Desktop
5446,630,20260820,34,340,52,4,974.44,0.27,2845.36,Credit Card,Mobile
5447,429,20260221,21,1236,93,4,448.44,0.28,1291.51,PayPal,Desktop
5448,3491,20260326,35,1703,95,1,507.59,0.09,461.91,Debit Card,Mobile
5449,791,20260704,14,145,83,2,660.64,0.22,1030.6,Debit Card,Mobile
5450,1224,20260206,32,675,50,3,803.33,0.06,2265.39,Credit Card,Desktop
5451,2583,20260218,4,292,15,4,866.4,0.11,3084.38,Credit Card,Mobile
5452,1261,20260123,43,1251,99,4,212.95,0.16,715.51,PayPal,Desktop
5453,3596,20260925,30,116,99,3,686.81,0.23,1586.53,Credit Card,Desktop
5454,932,20260303,33,1839,84,1,654.67,0.28,471.36,Credit Card,Desktop
5455,1356,20260409,14,1817,64,1,140.78,0.21,111.22,Debit Card,Mobile
5456,2358,20260329,44,344,91,1,743.68,0.14,639.56,Debit Card,Desktop
5457,768,20261212,12,810,66,2,850.42,0.12,1496.74,PayPal,Desktop
5458,3612,20260612,23,335,86,2,234.71,0.02,460.03,Debit Card,Mobile
5459,108,20261003,29,666,58,4,517.4,0.26,1531.5,PayPal,Mobile
5460,1029,20260219,42,1247,35,1,344.96,0.2,275.97,Credit Card,Desktop
5461,2354,20261204,49,1563,84,3,306.66,0.29,653.19,Debit Card,Mobile
5462,1139,20261121,1,1979,74,4,299.57,0.06,1126.38,PayPal,Mobile
5463,3457,20260910,23,923,30,3,474.42,0.2,1138.61,PayPal,Desktop
5464,241,20260928,21,1381,15,4,364.84,0.19,1182.08,PayPal,Mobile
5465,3238,20260628,2,1921,25,2,134.24,0.27,195.99,Credit Card,Desktop
5466,1455,20260820,38,216,36,4,174.05,0.01,689.24,Debit Card,Desktop
5467,2537,20260801,27,1651,52,2,458.15,0.27,668.9,PayPal,Desktop
5468,378,20261218,47,682,7,4,407.62,0.0,1630.48,PayPal,Desktop
5469,333,20260501,1,380,51,1,308.51,0.0,308.51,PayPal,Desktop
5470,1891,20260625,24,859,83,3,480.92,0.21,1139.78,Debit Card,Desktop
5471,2409,20260823,42,977,62,1,888.28,0.22,692.86,Debit Card,Mobile
5472,1329,20260131,40,44,97,4,370.68,0.13,1289.97,PayPal,Mobile
5473,1217,20260504,28,1559,90,4,281.48,0.18,923.25,Credit Card,Mobile
5474,3539,20260609,27,1716,13,4,717.83,0.19,2325.77,Debit Card,Desktop
5475,901,20260423,1,660,27,2,857.28,0.27,1251.63,Debit Card,Mobile
5476,2906,20261006,34,144,82,3,616.59,0.29,1313.34,Debit Card,Mobile
5477,3290,20261024,42,774,15,3,242.27,0.28,523.3,Debit Card,Mobile
5478,1769,20260903,26,250,51,4,155.98,0.25,467.94,PayPal,Mobile
5479,237,20260423,22,1181,8,4,461.79,0.26,1366.9,Debit Card,Mobile
5480,2621,20260303,44,962,57,2,487.12,0.25,730.68,PayPal,Desktop
5481,1168,20261212,27,908,5,1,242.6,0.18,198.93,PayPal,Desktop
5482,2523,20261211,27,1695,9,1,96.26,0.14,82.78,Credit Card,Mobile
5483,76,20261106,33,1372,97,3,869.68,0.15,2217.68,Debit Card,Desktop
5484,2209,20261231,33,1857,65,2,495.64,0.25,743.46,Credit Card,Desktop
5485,2176,20260421,48,803,69,4,482.51,0.19,1563.33,PayPal,Desktop
5486,2058,20260401,12,1923,90,3,474.64,0.08,1310.01,Credit Card,Mobile
5487,3684,20260119,21,528,63,2,591.39,0.13,1029.02,Debit Card,Desktop
5488,3490,20260109,49,1643,28,1,159.88,0.3,111.92,Debit Card,Desktop
5489,3422,20260319,21,783,58,2,740.48,0.03,1436.53,PayPal,Mobile
5490,2191,20260522,12,1941,38,1,66.88,0.05,63.54,Debit Card,Desktop
5491,3323,20261108,8,1313,31,2,660.43,0.25,990.64,Debit Card,Mobile
5492,1141,20260804,43,1311,22,3,802.52,0.02,2359.41,PayPal,Mobile
5493,1673,20261205,41,483,61,1,150.54,0.27,109.89,PayPal,Mobile
5494,2504,20260425,5,747,14,3,162.25,0.2,389.4,PayPal,Mobile
5495,3291,20261230,2,54,36,3,279.24,0.24,636.67,Debit Card,Mobile
5496,2452,20260605,17,123,99,1,460.6,0.09,419.15,Debit Card,Mobile
5497,2525,20260618,17,1860,20,1,143.33,0.23,110.36,Debit Card,Mobile
5498,2809,20261227,11,889,69,4,644.67,0.02,2527.11,PayPal,Mobile
5499,1745,20260111,44,103,82,4,642.45,0.25,1927.35,Debit Card,Mobile
5500,3672,20260530,41,874,93,4,342.89,0.02,1344.13,Debit Card,Mobile
5501,624,20260222,39,570,21,3,503.06,0.14,1297.89,Credit Card,Desktop
5502,1403,20260829,48,1063,96,3,97.65,0.29,207.99,Debit Card,Mobile
5503,2553,20260524,42,983,63,4,998.98,0.0,3995.92,PayPal,Desktop
5504,28,20261226,3,473,8,3,509.95,0.09,1392.16,Credit Card,Mobile
5505,3543,20260707,27,190,58,3,111.28,0.24,253.72,Debit Card,Desktop
5506,2502,20260402,20,1298,60,1,784.52,0.21,619.77,Debit Card,Desktop
5507,2416,20261127,23,1770,65,1,961.71,0.18,788.6,Credit Card,Mobile
5508,339,20260705,1,280,52,3,121.52,0.17,302.58,Credit Card,Mobile
5509,594,20260515,29,1883,97,4,935.65,0.25,2806.95,Debit Card,Desktop
5510,3483,20260129,44,339,55,2,554.93,0.17,921.18,PayPal,Mobile
5511,3037,20260501,24,541,26,4,636.15,0.22,1984.79,PayPal,Desktop
5512,988,20260512,34,1298,1,2,561.3,0.05,1066.47,Credit Card,Mobile
5513,1661,20260610,39,567,100,4,665.56,0.1,2396.02,Credit Card,Desktop
5514,3658,20260222,24,755,32,1,250.19,0.16,210.16,Credit Card,Mobile
5515,884,20260829,40,1014,32,3,393.54,0.15,1003.53,Credit Card,Desktop
5516,613,20260613,44,1470,29,3,902.37,0.24,2057.4,Credit Card,Desktop
5517,3026,20260501,14,1166,45,1,288.56,0.04,277.02,PayPal,Desktop
5518,1791,20261022,11,1130,1,2,891.56,0.1,1604.81,Debit Card,Mobile
5519,2906,20260425,17,1755,89,2,405.1,0.0,810.2,Debit Card,Desktop
5520,3203,20260925,34,350,79,2,92.08,0.27,134.44,Debit Card,Mobile
5521,2128,20260901,25,384,47,1,865.02,0.16,726.62,PayPal,Desktop
5522,776,20260925,47,1535,58,2,468.65,0.05,890.43,Credit Card,Desktop
5523,2076,20260322,30,1483,28,1,648.53,0.11,577.19,Debit Card,Mobile
5524,545,20260926,44,279,54,4,107.46,0.11,382.56,Credit Card,Mobile
5525,1885,20261228,24,1740,3,4,681.17,0.29,1934.52,Credit Card,Mobile
5526,3855,20260709,29,1531,4,1,238.07,0.04,228.55,Credit Card,Desktop
5527,3839,20260218,29,977,44,3,837.96,0.26,1860.27,Debit Card,Desktop
5528,1801,20260419,38,1204,69,4,749.3,0.03,2907.28,Debit Card,Mobile
5529,3978,20260926,22,509,65,2,79.47,0.24,120.79,Credit Card,Mobile
5530,3181,20260401,15,1350,79,1,719.23,0.2,575.38,Debit Card,Desktop
5531,800,20260820,49,1322,63,2,703.54,0.11,1252.3,Debit Card,Desktop
5532,1343,20260528,25,317,22,2,365.57,0.05,694.58,Credit Card,Mobile
5533,3216,20261005,18,1581,53,3,966.47,0.2,2319.53,Debit Card,Desktop
5534,1584,20260309,8,430,67,2,608.68,0.21,961.71,Credit Card,Desktop
5535,1541,20260208,3,1876,94,3,581.05,0.26,1289.93,Debit Card,Mobile
5536,152,20261106,25,1348,68,4,618.88,0.1,2227.97,Credit Card,Mobile
5537,3991,20261112,38,1058,94,1,183.85,0.11,163.63,Debit Card,Mobile
5538,1529,20260606,45,1015,14,2,709.32,0.15,1205.84,Credit Card,Mobile
5539,1476,20260804,25,1226,43,1,668.38,0.19,541.39,PayPal,Desktop
5540,2381,20260401,25,1257,39,2,350.18,0.01,693.36,Credit Card,Mobile
5541,2238,20260420,40,1193,87,1,353.15,0.16,296.65,Credit Card,Desktop
5542,3670,20260116,1,943,13,2,549.02,0.03,1065.1,Debit Card,Mobile
5543,3195,20260415,27,1048,4,2,718.79,0.01,1423.2,PayPal,Desktop
5544,3204,20261013,50,558,27,2,679.23,0.09,1236.2,Debit Card,Mobile
5545,3518,20260227,46,1456,64,2,848.39,0.05,1611.94,Debit Card,Desktop
5546,917,20260419,50,1931,10,2,870.79,0.23,1341.02,PayPal,Mobile
5547,1247,20261217,15,1050,39,2,926.12,0.02,1815.2,PayPal,Mobile
5548,2335,20260124,32,675,99,2,782.58,0.3,1095.61,Debit Card,Desktop
5549,3110,20260401,3,135,68,2,161.38,0.04,309.85,PayPal,Desktop
5550,2923,20260523,45,1825,30,2,489.52,0.18,802.81,Credit Card,Mobile
5551,2834,20260323,29,634,50,1,966.3,0.11,860.01,Credit Card,Mobile
5552,545,20260130,5,1003,68,3,174.59,0.06,492.34,Credit Card,Desktop
5553,3559,20260109,9,1012,41,2,343.0,0.21,541.94,PayPal,Mobile
5554,684,20260210,2,849,28,3,556.41,0.18,1368.77,Credit Card,Desktop
5555,1858,20260301,11,1796,51,2,412.0,0.04,791.04,Credit Card,Mobile
5556,3827,20260105,3,39,9,2,596.06,0.07,1108.67,Debit Card,Mobile
5557,2611,20260615,11,320,25,1,111.21,0.12,97.86,PayPal,Mobile
5558,132,20260208,12,62,73,4,254.56,0.13,885.87,PayPal,Mobile
5559,3752,20261102,49,568,50,4,346.15,0.02,1356.91,PayPal,Desktop
5560,1651,20260212,3,1917,60,1,872.04,0.07,811.0,Debit Card,Mobile
5561,1157,20260909,24,100,90,3,198.88,0.19,483.28,PayPal,Mobile
5562,2826,20260811,44,1818,45,4,749.03,0.27,2187.17,Credit Card,Mobile
5563,1648,20260416,46,384,54,1,394.3,0.03,382.47,Credit Card,Desktop
5564,2361,20260204,18,774,16,1,83.88,0.25,62.91,Debit Card,Mobile
5565,306,20260119,47,1941,44,4,884.56,0.11,3149.03,Credit Card,Mobile
5566,1622,20260424,29,416,8,3,674.65,0.01,2003.71,PayPal,Mobile
5567,383,20260531,41,1726,26,1,976.69,0.14,839.95,Debit Card,Desktop
5568,205,20260801,15,1629,50,2,370.56,0.07,689.24,Credit Card,Desktop
5569,415,20260904,38,656,65,3,314.05,0.07,876.2,Credit Card,Mobile
5570,1606,20260115,10,1397,49,3,805.64,0.09,2199.4,Debit Card,Desktop
5571,2128,20260123,16,1328,16,4,137.9,0.09,501.96,Debit Card,Desktop
5572,73,20260705,15,1183,33,4,55.17,0.25,165.51,PayPal,Desktop
5573,2944,20260704,19,796,96,2,535.33,0.2,856.53,Debit Card,Mobile
5574,2645,20260131,39,44,18,1,142.8,0.03,138.52,Credit Card,Mobile
5575,431,20260102,39,1070,71,4,140.18,0.29,398.11,PayPal,Mobile
5576,460,20260727,32,1569,45,4,756.92,0.25,2270.76,Credit Card,Desktop
5577,2370,20260625,11,799,60,3,163.99,0.29,349.3,Debit Card,Desktop
5578,1604,20260111,42,327,85,4,316.54,0.03,1228.18,Credit Card,Desktop
5579,1417,20260411,28,1102,96,4,746.7,0.2,2389.44,PayPal,Desktop
5580,1054,20260326,36,996,11,4,59.65,0.27,174.18,Credit Card,Mobile
5581,1165,20260716,32,772,97,4,793.85,0.1,2857.86,Debit Card,Mobile
5582,3948,20260510,46,1763,96,3,326.9,0.04,941.47,Debit Card,Mobile
5583,3841,20261218,19,691,28,2,911.54,0.28,1312.62,Credit Card,Desktop
5584,3921,20260706,36,1969,7,2,601.44,0.11,1070.56,Credit Card,Mobile
5585,1748,20261118,47,1194,45,1,636.35,0.01,629.99,Debit Card,Desktop
5586,3758,20260411,17,277,58,4,975.19,0.13,3393.66,PayPal,Mobile
5587,381,20261031,3,1954,79,3,291.5,0.12,769.56,Credit Card,Mobile
5588,477,20260514,17,1454,56,1,357.23,0.19,289.36,PayPal,Desktop
5589,1714,20260815,1,901,38,1,89.14,0.25,66.86,Credit Card,Desktop
5590,711,20260131,24,348,43,2,795.13,0.0,1590.26,Debit Card,Mobile
5591,3044,20261205,6,922,54,3,675.5,0.06,1904.91,Credit Card,Mobile
5592,1226,20261007,5,1008,48,3,76.76,0.17,191.13,Debit Card,Mobile
5593,1840,20260219,40,75,45,3,418.95,0.29,892.36,PayPal,Desktop
5594,770,20261011,40,419,28,2,206.49,0.03,400.59,PayPal,Desktop
5595,3117,20261113,49,1822,70,2,649.06,0.03,1259.18,Credit Card,Desktop
5596,3901,20261130,7,280,8,2,677.91,0.11,1206.68,Debit Card,Desktop
5597,3861,20260717,31,771,34,2,313.89,0.12,552.45,Debit Card,Desktop
5598,2274,20260715,17,1888,46,2,211.09,0.27,308.19,Credit Card,Mobile
5599,1253,20261129,16,1627,74,4,873.58,0.27,2550.85,PayPal,Mobile
5600,2377,20260702,38,1811,22,4,495.08,0.0,1980.32,PayPal,Desktop
5601,2575,20260303,22,1567,14,3,57.87,0.16,145.83,Debit Card,Mobile
5602,2800,20260928,22,289,2,1,692.38,0.05,657.76,Credit Card,Mobile
5603,1677,20261211,22,1706,73,3,875.57,0.16,2206.44,Credit Card,Mobile
5604,3191,20261016,23,381,68,1,802.07,0.16,673.74,Credit Card,Mobile
5605,2003,20260623,15,1822,2,2,235.02,0.29,333.73,PayPal,Mobile
5606,1186,20260128,2,215,95,1,265.65,0.27,193.92,Debit Card,Desktop
5607,2852,20260826,45,1784,9,3,802.16,0.18,1973.31,PayPal,Mobile
5608,3610,20260109,7,1186,59,3,361.96,0.25,814.41,Credit Card,Desktop
5609,1256,20260906,23,1918,91,1,328.58,0.27,239.86,Debit Card,Mobile
5610,477,20260812,20,507,66,4,611.54,0.3,1712.31,Debit Card,Desktop
5611,1007,20260830,8,1581,89,2,246.9,0.19,399.98,PayPal,Desktop
5612,1289,20260710,39,1874,60,2,442.49,0.13,769.93,PayPal,Mobile
5613,929,20261016,11,1467,61,3,408.28,0.22,955.38,Credit Card,Mobile
5614,176,20260516,13,1386,82,4,950.38,0.15,3231.29,PayPal,Mobile
5615,1676,20261020,26,1567,42,1,683.44,0.01,676.61,PayPal,Mobile
5616,784,20260516,2,1829,58,2,109.75,0.07,204.13,Debit Card,Mobile
5617,1819,20260318,25,1661,89,4,951.86,0.23,2931.73,PayPal,Mobile
5618,3820,20261125,23,1660,93,2,651.41,0.13,1133.45,PayPal,Mobile
5619,656,20261026,44,549,24,4,148.11,0.24,450.25,Credit Card,Desktop
5620,881,20260504,30,511,69,4,469.36,0.22,1464.4,Credit Card,Mobile
5621,1077,20260422,13,589,10,3,971.49,0.16,2448.15,Credit Card,Desktop
5622,1792,20261212,48,1151,19,2,507.47,0.04,974.34,Debit Card,Mobile
5623,1890,20260203,25,1895,22,1,153.22,0.3,107.25,Credit Card,Desktop
5624,3629,20260415,49,469,94,3,292.57,0.16,737.28,Debit Card,Desktop
5625,3817,20260303,23,1626,54,3,316.54,0.29,674.23,Debit Card,Desktop
5626,1624,20260410,33,1094,42,1,111.0,0.03,107.67,PayPal,Mobile
5627,2975,20260727,2,29,70,3,432.3,0.14,1115.33,PayPal,Desktop
5628,1222,20260425,36,1368,47,4,571.38,0.01,2262.66,Debit Card,Mobile
5629,2127,20260727,34,1983,7,4,404.85,0.13,1408.88,PayPal,Desktop
5630,3077,20260205,43,266,37,2,532.84,0.19,863.2,Debit Card,Desktop
5631,1771,20260405,5,958,27,2,577.96,0.23,890.06,Debit Card,Desktop
5632,1874,20260118,14,1565,56,1,931.13,0.24,707.66,Credit Card,Mobile
5633,2115,20260515,6,390,58,2,585.78,0.21,925.53,Credit Card,Mobile
5634,29,20261029,20,696,1,4,751.23,0.16,2524.13,PayPal,Mobile
5635,3225,20260102,48,471,36,1,787.42,0.19,637.81,PayPal,Mobile
5636,1690,20261202,17,1190,24,1,126.86,0.09,115.44,PayPal,Desktop
5637,2274,20260412,7,417,30,2,582.82,0.29,827.6,PayPal,Desktop
5638,2604,20261129,32,1659,90,4,174.92,0.21,552.75,PayPal,Mobile
5639,851,20261013,43,1188,24,1,121.43,0.1,109.29,Debit Card,Mobile
5640,1629,20260118,32,130,53,4,935.9,0.03,3631.29,Credit Card,Mobile
5641,2974,20260506,31,1555,67,4,528.47,0.02,2071.6,Debit Card,Desktop
5642,2449,20260107,1,967,21,4,196.81,0.15,669.15,Debit Card,Desktop
5643,2847,20260929,2,509,76,2,533.37,0.0,1066.74,Credit Card,Desktop
5644,2092,20260904,43,499,57,3,560.18,0.05,1596.51,PayPal,Mobile
5645,2598,20261105,37,458,97,3,665.71,0.1,1797.42,Credit Card,Mobile
5646,2118,20260405,7,561,55,1,797.79,0.19,646.21,PayPal,Desktop
5647,3171,20260508,27,1209,67,4,613.89,0.07,2283.67,PayPal,Mobile
5648,176,20260505,29,343,81,2,949.1,0.23,1461.61,Debit Card,Desktop
5649,1769,20260220,44,1703,100,4,866.82,0.03,3363.26,Credit Card,Mobile
5650,2264,20260127,2,133,87,4,826.72,0.12,2910.05,PayPal,Desktop
5651,1135,20260717,46,159,20,2,516.65,0.3,723.31,PayPal,Mobile
5652,3634,20260511,11,77,72,3,330.11,0.03,960.62,Credit Card,Desktop
5653,2064,20260307,22,825,24,4,320.72,0.13,1116.11,Credit Card,Desktop
5654,2878,20261006,5,983,29,4,664.21,0.17,2205.18,Credit Card,Desktop
5655,1704,20260824,49,386,79,3,970.42,0.01,2882.15,PayPal,Desktop
5656,2283,20261124,37,1761,75,2,112.95,0.07,210.09,Credit Card,Desktop
5657,2860,20260704,27,1216,71,1,783.97,0.09,713.41,Debit Card,Mobile
5658,2767,20260801,16,975,95,3,434.43,0.21,1029.6,Debit Card,Desktop
5659,1449,20260213,15,702,62,1,910.88,0.15,774.25,Debit Card,Desktop
5660,566,20260911,45,1249,36,1,894.74,0.11,796.32,Debit Card,Mobile
5661,3805,20260731,33,1868,90,3,120.03,0.29,255.66,Credit Card,Desktop
5662,3703,20260530,11,390,98,4,346.45,0.26,1025.49,PayPal,Desktop
5663,1329,20260120,1,374,45,1,317.95,0.08,292.51,Debit Card,Desktop
5664,1964,20261124,34,355,80,1,109.13,0.04,104.76,Debit Card,Mobile
5665,3943,20260723,15,898,93,2,771.07,0.22,1202.87,Debit Card,Mobile
5666,3417,20260324,33,1679,93,4,609.64,0.0,2438.56,Credit Card,Desktop
5667,643,20260420,28,1252,71,1,516.3,0.03,500.81,Credit Card,Desktop
5668,2147,20260613,27,1591,14,2,353.07,0.04,677.89,PayPal,Desktop
5669,3057,20260102,33,424,80,4,873.29,0.25,2619.87,Credit Card,Mobile
5670,682,20260501,44,965,47,3,171.51,0.09,468.22,PayPal,Desktop
5671,3635,20260403,26,765,58,3,391.02,0.01,1161.33,Debit Card,Desktop
5672,870,20260613,41,305,72,2,501.04,0.16,841.75,Credit Card,Mobile
5673,3065,20261217,49,7,44,3,911.26,0.15,2323.71,Debit Card,Mobile
5674,2144,20260622,46,1282,98,1,991.2,0.14,852.43,Debit Card,Mobile
5675,118,20260127,48,884,49,4,593.63,0.0,2374.52,Credit Card,Desktop
5676,794,20261212,6,903,49,1,868.42,0.2,694.74,Debit Card,Mobile
5677,1535,20261221,25,1231,60,1,206.3,0.09,187.73,PayPal,Mobile
5678,3110,20260919,45,1836,50,3,130.39,0.06,367.7,PayPal,Desktop
5679,1483,20260618,17,806,3,1,485.26,0.25,363.94,Debit Card,Mobile
5680,88,20260518,24,399,31,3,786.08,0.05,2240.33,PayPal,Mobile
5681,3902,20261119,28,1206,52,4,344.78,0.21,1089.5,Debit Card,Mobile
5682,2974,20261007,44,237,66,4,718.99,0.26,2128.21,Debit Card,Desktop
5683,1185,20260922,41,41,25,1,578.18,0.09,526.14,Debit Card,Mobile
5684,432,20260606,9,1643,96,2,550.12,0.08,1012.22,Debit Card,Mobile
5685,2509,20261016,4,1774,22,3,885.84,0.26,1966.56,Credit Card,Mobile
5686,1206,20260112,14,1933,9,3,620.63,0.21,1470.89,PayPal,Mobile
5687,3482,20260213,46,663,43,1,801.53,0.08,737.41,Debit Card,Mobile
5688,1587,20260121,49,1141,63,3,501.69,0.1,1354.56,Credit Card,Mobile
5689,1717,20260130,23,915,68,3,412.51,0.06,1163.28,Credit Card,Desktop
5690,448,20261224,4,584,13,2,120.02,0.2,192.03,Credit Card,Desktop
5691,1994,20260906,39,740,75,2,482.66,0.29,685.38,PayPal,Mobile
5692,3565,20260307,39,785,62,1,733.54,0.04,704.2,Credit Card,Desktop
5693,1346,20260210,50,925,75,2,609.89,0.14,1049.01,Credit Card,Mobile
5694,1082,20260116,43,49,21,1,845.61,0.09,769.51,PayPal,Desktop
5695,2165,20260602,9,773,76,4,243.21,0.28,700.44,Debit Card,Desktop
5696,2766,20261020,25,793,63,1,314.89,0.04,302.29,Debit Card,Desktop
5697,2468,20260917,1,1064,99,4,624.12,0.17,2072.08,Debit Card,Desktop
5698,3909,20260429,20,251,70,1,586.6,0.02,574.87,PayPal,Mobile
5699,3683,20260615,40,585,79,3,604.88,0.22,1415.42,Credit Card,Desktop
5700,1877,20260530,4,928,18,2,297.39,0.08,547.2,Debit Card,Desktop
5701,2297,20260520,27,131,8,4,376.41,0.05,1430.36,PayPal,Desktop
5702,2252,20260510,31,568,8,1,487.06,0.19,394.52,Debit Card,Desktop
5703,508,20260216,17,782,1,2,878.48,0.07,1633.97,Credit Card,Desktop
5704,3614,20261007,2,468,41,1,209.92,0.17,174.23,Debit Card,Mobile
5705,2650,20261213,24,1096,64,2,908.86,0.17,1508.71,Debit Card,Desktop
5706,121,20260101,7,392,74,2,896.11,0.14,1541.31,PayPal,Mobile
5707,1613,20261104,29,1716,79,1,646.53,0.3,452.57,Debit Card,Desktop
5708,377,20261213,49,982,100,4,819.41,0.24,2491.01,Debit Card,Mobile
5709,2995,20260923,29,1505,98,4,433.09,0.12,1524.48,PayPal,Desktop
5710,928,20260205,49,1151,51,3,433.57,0.07,1209.66,Credit Card,Mobile
5711,3049,20260504,27,266,39,2,59.83,0.06,112.48,PayPal,Desktop
5712,1625,20260605,24,1658,36,3,75.86,0.08,209.37,PayPal,Desktop
5713,1615,20260820,20,551,32,3,78.8,0.09,215.12,Debit Card,Desktop
5714,1905,20260528,25,349,7,1,148.03,0.03,143.59,PayPal,Mobile
5715,2523,20260209,16,1837,33,1,715.6,0.26,529.54,PayPal,Mobile
5716,2762,20260930,38,334,3,1,58.69,0.01,58.1,Debit Card,Mobile
5717,1454,20260717,26,1075,55,2,355.28,0.09,646.61,PayPal,Desktop
5718,2463,20261103,11,1796,28,1,87.46,0.28,62.97,Credit Card,Mobile
5719,3890,20260611,18,1828,16,1,176.38,0.09,160.51,Debit Card,Desktop
5720,3284,20260617,10,947,55,2,538.33,0.08,990.53,PayPal,Desktop
5721,1840,20260217,47,1956,74,2,669.07,0.05,1271.23,PayPal,Mobile
5722,1786,20260504,40,637,20,4,264.89,0.25,794.67,Credit Card,Mobile
5723,1834,20261010,26,1973,49,1,304.36,0.24,231.31,Credit Card,Desktop
5724,3446,20261209,46,1580,47,1,947.41,0.27,691.61,Credit Card,Desktop
5725,2190,20260525,20,130,82,1,112.06,0.06,105.34,PayPal,Desktop
5726,1510,20260506,9,435,33,4,684.95,0.19,2219.24,PayPal,Desktop
5727,1153,20260709,28,1532,9,1,716.08,0.27,522.74,Credit Card,Mobile
5728,3021,20260423,27,932,87,4,772.8,0.16,2596.61,Credit Card,Desktop
5729,3575,20260514,39,1933,97,3,337.58,0.02,992.49,PayPal,Mobile
5730,470,20261228,20,1392,27,4,986.38,0.27,2880.23,Debit Card,Mobile
5731,3382,20260623,12,703,81,3,882.66,0.19,2144.86,PayPal,Desktop
5732,3537,20260306,28,1651,96,1,837.93,0.16,703.86,PayPal,Mobile
5733,3423,20260912,49,509,65,3,708.89,0.15,1807.67,Debit Card,Desktop
5734,3133,20260620,17,1587,6,4,854.47,0.07,3178.63,Debit Card,Desktop
5735,1300,20261113,2,767,90,2,133.8,0.26,198.02,PayPal,Mobile
5736,2751,20261209,21,1575,35,3,297.41,0.23,687.02,Debit Card,Desktop
5737,95,20260209,43,1285,83,3,174.58,0.12,460.89,Debit Card,Mobile
5738,1429,20260219,50,1213,59,1,643.02,0.23,495.13,Credit Card,Desktop
5739,951,20260321,8,647,69,4,361.79,0.24,1099.84,Debit Card,Desktop
5740,3206,20260608,17,556,98,3,266.51,0.23,615.64,Credit Card,Mobile
5741,251,20261219,38,338,100,3,354.4,0.2,850.56,PayPal,Mobile
5742,196,20260225,31,1148,64,3,596.24,0.28,1287.88,Credit Card,Mobile
5743,3479,20260625,3,492,98,3,700.31,0.17,1743.77,Debit Card,Mobile
5744,1591,20260406,10,52,43,2,758.71,0.05,1441.55,PayPal,Desktop
5745,3803,20261230,47,784,19,4,399.31,0.1,1437.52,PayPal,Desktop
5746,1414,20261107,47,1893,57,1,522.93,0.12,460.18,PayPal,Mobile
5747,3166,20260428,19,426,10,1,614.58,0.18,503.96,Credit Card,Desktop
5748,1448,20260210,49,912,71,2,972.54,0.15,1653.32,Debit Card,Mobile
5749,3468,20260929,37,697,62,4,943.23,0.0,3772.92,Credit Card,Mobile
5750,2794,20261106,5,1149,78,3,473.41,0.06,1335.02,PayPal,Desktop
5751,3142,20260705,44,1071,38,2,649.6,0.18,1065.34,Debit Card,Mobile
5752,1719,20260819,11,1371,41,4,766.0,0.1,2757.6,PayPal,Desktop
5753,3737,20261124,11,917,13,3,494.37,0.27,1082.67,PayPal,Desktop
5754,219,20260702,38,1131,5,2,544.39,0.25,816.59,PayPal,Mobile
5755,2716,20260118,9,94,33,4,511.36,0.27,1493.17,Debit Card,Mobile
5756,86,20260825,41,817,34,1,981.83,0.06,922.92,PayPal,Desktop
5757,688,20260903,3,306,39,1,995.83,0.06,936.08,PayPal,Desktop
5758,2603,20260518,7,1176,62,4,62.38,0.14,214.59,Credit Card,Mobile
5759,803,20260303,49,815,63,1,114.19,0.02,111.91,Credit Card,Mobile
5760,3801,20260722,9,1830,56,4,637.47,0.19,2065.4,Credit Card,Desktop
5761,272,20260801,2,1001,89,3,679.17,0.08,1874.51,PayPal,Mobile
5762,1502,20260627,9,1436,91,4,223.8,0.1,805.68,Credit Card,Mobile
5763,3121,20260224,49,395,2,3,956.01,0.27,2093.66,PayPal,Mobile
5764,3547,20260208,34,454,23,2,749.69,0.02,1469.39,Credit Card,Desktop
5765,244,20260323,32,605,9,4,989.71,0.28,2850.36,PayPal,Desktop
5766,3889,20260713,3,1127,49,2,725.77,0.08,1335.42,Credit Card,Desktop
5767,395,20260317,26,1006,18,1,578.41,0.2,462.73,Credit Card,Mobile
5768,1151,20260603,31,237,5,3,412.89,0.22,966.16,Debit Card,Mobile
5769,2638,20260721,16,1007,59,4,108.24,0.14,372.35,PayPal,Mobile
5770,162,20260207,4,941,21,2,292.85,0.16,491.99,PayPal,Mobile
5771,3318,20260915,35,1475,6,3,677.67,0.14,1748.39,PayPal,Mobile
5772,1413,20261202,50,801,35,3,140.28,0.02,412.42,Debit Card,Desktop
5773,3098,20260619,24,922,76,1,562.38,0.11,500.52,Credit Card,Mobile
5774,2983,20260426,21,1297,76,1,428.54,0.14,368.54,PayPal,Desktop
5775,3414,20260908,2,1676,75,3,935.08,0.29,1991.72,PayPal,Mobile
5776,3495,20260905,26,645,21,3,552.79,0.16,1393.03,Credit Card,Mobile
5777,877,20261003,13,542,28,4,54.24,0.09,197.43,Credit Card,Desktop
5778,3226,20261110,30,1739,5,3,826.94,0.05,2356.78,Credit Card,Mobile
5779,1432,20260320,22,537,58,4,423.02,0.23,1302.9,Debit Card,Mobile
5780,1191,20261229,46,184,55,3,787.03,0.13,2054.15,Credit Card,Mobile
5781,3353,20260624,10,1680,82,1,126.63,0.14,108.9,Credit Card,Mobile
5782,672,20260409,6,973,23,4,850.55,0.1,3061.98,Debit Card,Mobile
5783,3141,20261217,4,1604,96,2,285.79,0.01,565.86,Debit Card,Mobile
5784,1759,20261002,45,162,14,1,894.58,0.15,760.39,Credit Card,Desktop
5785,3604,20260915,15,124,51,4,69.66,0.09,253.56,Debit Card,Desktop
5786,1824,20260905,7,1439,52,4,170.53,0.03,661.66,PayPal,Mobile
5787,3951,20260101,43,1787,59,2,586.43,0.27,856.19,Debit Card,Desktop
5788,1368,20260430,10,1909,54,4,917.22,0.04,3522.12,Debit Card,Mobile
5789,1852,20261201,49,14,51,3,479.02,0.02,1408.32,PayPal,Desktop
5790,3024,20260927,20,207,38,2,662.54,0.08,1219.07,Debit Card,Mobile
5791,1752,20260629,36,1166,43,1,881.12,0.25,660.84,Credit Card,Desktop
5792,1301,20260530,30,910,49,1,978.16,0.1,880.34,PayPal,Desktop
5793,3399,20260904,37,766,12,3,820.68,0.07,2289.7,Debit Card,Desktop
5794,2737,20260118,42,511,85,1,263.33,0.05,250.16,Debit Card,Mobile
5795,3613,20260221,40,723,92,4,301.79,0.22,941.58,PayPal,Mobile
5796,315,20261214,23,1320,99,4,467.9,0.19,1516.0,Credit Card,Desktop
5797,916,20261208,4,1333,40,3,649.61,0.07,1812.41,Debit Card,Desktop
5798,309,20260319,45,188,47,1,369.95,0.18,303.36,PayPal,Desktop
5799,943,20261218,50,1035,100,1,700.49,0.26,518.36,Debit Card,Mobile
5800,2800,20260721,38,1400,100,3,169.42,0.23,391.36,Credit Card,Desktop
5801,357,20260405,21,1474,90,2,570.16,0.23,878.05,PayPal,Desktop
5802,3722,20260723,13,55,74,1,100.89,0.25,75.67,PayPal,Mobile
5803,883,20260629,17,1907,26,2,944.56,0.19,1530.19,Debit Card,Mobile
5804,251,20260728,45,1911,67,1,287.19,0.13,249.86,Debit Card,Desktop
5805,3773,20261112,16,583,63,1,647.55,0.23,498.61,Credit Card,Desktop
5806,1900,20261226,25,296,13,1,297.56,0.21,235.07,PayPal,Desktop
5807,1172,20260529,32,618,17,1,279.34,0.19,226.27,PayPal,Mobile
5808,1237,20260313,34,990,4,4,421.3,0.07,1567.24,PayPal,Mobile
5809,2753,20261026,11,1148,91,2,856.11,0.03,1660.85,PayPal,Mobile
5810,3235,20261012,10,774,18,2,346.56,0.08,637.67,Debit Card,Desktop
5811,767,20260416,22,1068,13,1,262.08,0.26,193.94,Credit Card,Desktop
5812,29,20260721,17,1634,14,1,983.66,0.07,914.8,PayPal,Desktop
5813,1743,20260510,22,1465,24,2,298.17,0.3,417.44,Credit Card,Desktop
5814,3270,20260725,22,1926,98,4,852.56,0.12,3001.01,Credit Card,Desktop
5815,296,20261031,30,214,32,3,219.08,0.14,565.23,Debit Card,Mobile
5816,2632,20261119,30,60,92,3,575.71,0.1,1554.42,PayPal,Desktop
5817,3624,20260104,29,533,88,2,644.34,0.11,1146.93,Debit Card,Mobile
5818,1883,20260906,34,611,15,1,445.19,0.09,405.12,Credit Card,Mobile
5819,2030,20260302,35,1584,31,1,219.86,0.13,191.28,Credit Card,Desktop
5820,3758,20261107,9,1885,33,4,321.84,0.05,1222.99,Debit Card,Mobile
5821,2217,20260527,35,244,50,3,834.8,0.24,1903.34,Credit Card,Mobile
5822,1996,20260706,28,1434,46,4,816.58,0.09,2972.35,Debit Card,Desktop
5823,2641,20260224,50,1186,84,3,817.04,0.03,2377.59,Credit Card,Mobile
5824,1895,20261201,15,1164,83,2,144.83,0.2,231.73,PayPal,Mobile
5825,3357,20261119,42,482,41,3,210.95,0.17,525.27,PayPal,Desktop
5826,34,20260525,44,203,18,4,582.05,0.27,1699.59,Debit Card,Desktop
5827,2007,20260207,45,216,42,4,178.69,0.13,621.84,Debit Card,Desktop
5828,3413,20260410,38,197,88,4,836.2,0.18,2742.74,Debit Card,Desktop
5829,1034,20260519,1,1869,68,2,513.08,0.27,749.1,Credit Card,Mobile
5830,3100,20260115,35,1219,94,3,803.67,0.29,1711.82,Credit Card,Mobile
5831,1071,20261017,7,1240,80,3,653.45,0.26,1450.66,Debit Card,Desktop
5832,2845,20261012,37,502,60,4,761.41,0.01,3015.18,Debit Card,Desktop
5833,1307,20260614,36,928,17,3,170.41,0.12,449.88,PayPal,Mobile
5834,1312,20260328,27,366,53,1,276.1,0.26,204.31,Credit Card,Mobile
5835,106,20261011,43,1780,16,1,57.74,0.17,47.92,PayPal,Mobile
5836,1361,20260104,13,935,69,1,714.05,0.0,714.05,Credit Card,Desktop
5837,3220,20260926,47,1343,81,3,749.36,0.19,1820.94,Credit Card,Mobile
5838,3518,20260408,35,129,98,2,59.58,0.02,116.78,Debit Card,Mobile
5839,1915,20260327,25,1935,83,2,244.82,0.21,386.82,Debit Card,Mobile
5840,3487,20260227,45,139,75,2,397.96,0.02,780.0,PayPal,Mobile
5841,3665,20260817,9,931,94,2,52.48,0.23,80.82,Credit Card,Mobile
5842,3819,20261222,10,1357,72,1,614.63,0.25,460.97,Debit Card,Mobile
5843,1255,20260620,38,344,91,1,561.04,0.26,415.17,Debit Card,Mobile
5844,3359,20261014,35,999,83,4,603.49,0.27,1762.19,PayPal,Desktop
5845,218,20261112,40,289,99,3,357.61,0.18,879.72,PayPal,Mobile
5846,2066,20260503,23,933,20,3,391.48,0.25,880.83,PayPal,Mobile
5847,2113,20260515,39,200,56,2,430.0,0.06,808.4,Credit Card,Mobile
5848,2000,20260629,24,426,3,1,355.12,0.27,259.24,PayPal,Mobile
5849,2397,20261028,39,1371,98,2,438.91,0.08,807.59,Credit Card,Desktop
5850,2570,20260203,43,322,84,4,457.17,0.17,1517.8,Credit Card,Mobile
5851,2520,20260826,44,1497,89,3,616.01,0.27,1349.06,Credit Card,Desktop
5852,332,20260618,5,1152,79,3,858.27,0.28,1853.86,Credit Card,Desktop
5853,3208,20261117,34,617,69,2,203.65,0.08,374.72,PayPal,Desktop
5854,181,20260519,37,1780,23,4,607.56,0.01,2405.94,Debit Card,Mobile
5855,1630,20261010,23,1506,70,3,915.75,0.16,2307.69,Credit Card,Desktop
5856,229,20261203,36,1307,85,4,226.13,0.01,895.47,Credit Card,Desktop
5857,3701,20260822,32,585,27,4,812.06,0.02,3183.28,PayPal,Desktop
5858,3718,20260817,40,264,43,2,355.43,0.04,682.43,Debit Card,Desktop
5859,2817,20261122,36,550,55,1,450.58,0.01,446.07,PayPal,Mobile
5860,2303,20260101,8,262,100,2,148.74,0.21,235.01,Credit Card,Desktop
5861,2543,20260320,42,1400,37,1,309.54,0.06,290.97,Debit Card,Mobile
5862,476,20260103,37,1419,6,4,178.65,0.27,521.66,Debit Card,Desktop
5863,1741,20260313,4,1273,47,1,342.85,0.08,315.42,Debit Card,Desktop
5864,1985,20260323,19,939,50,4,845.76,0.16,2841.75,Credit Card,Mobile
5865,541,20261218,43,1099,78,3,554.85,0.1,1498.1,Credit Card,Mobile
5866,3398,20261212,27,512,35,3,103.95,0.21,246.36,PayPal,Desktop
5867,2069,20260607,1,1680,34,3,646.18,0.2,1550.83,Credit Card,Mobile
5868,1295,20261214,50,1778,73,2,196.28,0.06,369.01,Debit Card,Desktop
5869,3384,20260822,28,1138,100,2,286.73,0.3,401.42,PayPal,Mobile
5870,3923,20260914,29,738,94,4,856.52,0.11,3049.21,Debit Card,Desktop
5871,1327,20260313,25,1796,70,3,365.27,0.12,964.31,Debit Card,Mobile
5872,3964,20260807,33,977,68,2,774.09,0.08,1424.33,Credit Card,Desktop
5873,457,20260608,15,93,7,3,881.05,0.15,2246.68,Credit Card,Mobile
5874,1086,20260625,22,1738,32,2,384.73,0.12,677.12,Credit Card,Desktop
5875,2397,20260816,17,1302,81,1,640.62,0.1,576.56,PayPal,Desktop
5876,485,20260528,45,1432,40,1,482.37,0.09,438.96,Debit Card,Mobile
5877,3135,20260618,13,988,6,3,683.04,0.12,1803.23,Debit Card,Desktop
5878,428,20261129,38,807,83,4,150.61,0.02,590.39,Credit Card,Mobile
5879,1491,20261001,42,1264,45,2,662.69,0.26,980.78,Debit Card,Desktop
5880,423,20260325,43,392,32,2,219.26,0.16,368.36,PayPal,Mobile
5881,1886,20260528,30,1473,12,1,122.73,0.2,98.18,Credit Card,Mobile
5882,2856,20260225,30,604,25,1,728.14,0.11,648.04,Debit Card,Mobile
5883,3548,20260516,38,1065,43,4,568.23,0.29,1613.77,PayPal,Mobile
5884,2804,20260813,27,1175,99,4,144.39,0.08,531.36,Debit Card,Desktop
5885,2605,20260510,20,1589,62,4,998.88,0.06,3755.79,Debit Card,Mobile
5886,3021,20260916,6,1435,68,3,447.02,0.12,1180.13,PayPal,Desktop
5887,1296,20260824,34,1381,8,1,413.94,0.29,293.9,PayPal,Desktop
5888,2599,20260407,21,333,93,3,127.23,0.19,309.17,Credit Card,Desktop
5889,114,20261016,21,397,85,1,749.25,0.19,606.89,Credit Card,Mobile
5890,3465,20260803,32,613,8,1,68.85,0.1,61.96,Credit Card,Desktop
5891,3968,20260622,29,868,74,2,640.11,0.16,1075.38,Debit Card,Desktop
5892,699,20261017,27,1057,12,1,877.42,0.03,851.1,Credit Card,Mobile
5893,859,20260911,7,1601,67,1,542.51,0.14,466.56,PayPal,Mobile
5894,701,20260628,48,484,98,3,602.45,0.09,1644.69,PayPal,Desktop
5895,723,20260617,24,1420,67,1,603.85,0.05,573.66,Credit Card,Mobile
5896,318,20260528,7,1569,50,3,380.15,0.25,855.34,Credit Card,Desktop
5897,3730,20260519,19,1223,17,4,782.89,0.1,2818.4,PayPal,Desktop
5898,631,20260413,14,205,60,1,177.11,0.21,139.92,Debit Card,Mobile
5899,3942,20260308,25,6,100,1,548.43,0.02,537.46,PayPal,Desktop
5900,852,20260718,14,574,88,3,270.8,0.09,739.28,Debit Card,Mobile
5901,3061,20260403,25,1988,27,4,667.08,0.29,1894.51,Credit Card,Desktop
5902,2615,20260723,12,1214,71,2,313.85,0.21,495.88,PayPal,Desktop
5903,388,20260120,24,1477,93,4,820.95,0.1,2955.42,Credit Card,Desktop
5904,3880,20261214,23,1750,13,3,657.84,0.22,1539.35,Debit Card,Mobile
5905,2079,20261129,24,90,34,4,238.09,0.11,847.6,PayPal,Desktop
5906,2595,20261002,49,291,93,3,395.48,0.12,1044.07,Credit Card,Desktop
5907,691,20260528,17,73,41,3,672.38,0.05,1916.28,PayPal,Desktop
5908,315,20260502,8,463,79,2,93.19,0.12,164.01,Credit Card,Mobile
5909,2476,20260517,9,970,47,1,397.29,0.16,333.72,PayPal,Mobile
5910,147,20260411,49,767,54,3,304.56,0.15,776.63,PayPal,Mobile
5911,1646,20260423,16,1043,48,3,367.75,0.29,783.31,PayPal,Mobile
5912,3617,20260927,14,1255,73,2,781.63,0.17,1297.51,Debit Card,Desktop
5913,174,20260929,3,1791,45,3,800.7,0.17,1993.74,PayPal,Desktop
5914,3537,20260908,13,1859,68,1,725.87,0.06,682.32,Credit Card,Desktop
5915,1664,20261116,41,796,1,2,974.91,0.29,1384.37,PayPal,Desktop
5916,3724,20260106,24,54,14,1,338.78,0.14,291.35,Debit Card,Desktop
5917,1605,20260108,23,1602,42,1,366.49,0.2,293.19,PayPal,Mobile
5918,1626,20261127,38,1018,96,2,427.84,0.16,718.77,PayPal,Mobile
5919,173,20260325,17,492,3,3,241.86,0.09,660.28,Credit Card,Desktop
5920,3553,20260503,3,1693,55,1,705.69,0.17,585.72,PayPal,Desktop
5921,3109,20260221,16,697,76,1,752.04,0.07,699.4,Credit Card,Mobile
5922,203,20260604,10,1122,51,1,982.94,0.04,943.62,Credit Card,Mobile
5923,2783,20260315,49,248,35,1,255.48,0.17,212.05,Credit Card,Mobile
5924,559,20261122,10,536,95,2,323.19,0.1,581.74,PayPal,Mobile
5925,948,20260329,45,270,100,2,322.88,0.01,639.3,PayPal,Mobile
5926,1834,20260108,34,1922,78,4,75.87,0.06,285.27,Credit Card,Mobile
5927,2625,20260516,38,1713,63,4,679.18,0.1,2445.05,PayPal,Mobile
5928,2475,20260430,21,1994,49,1,368.87,0.23,284.03,Credit Card,Desktop
5929,3017,20260730,45,1064,36,3,224.6,0.08,619.9,Debit Card,Desktop
5930,2202,20260712,49,1980,77,1,321.58,0.27,234.75,Debit Card,Desktop
5931,284,20261024,18,8,71,3,937.24,0.06,2643.02,Credit Card,Mobile
5932,1607,20261125,16,1836,31,1,491.69,0.18,403.19,Debit Card,Mobile
5933,500,20260307,47,1986,43,4,510.9,0.06,1920.98,Debit Card,Desktop
5934,3820,20260325,50,406,55,4,450.33,0.15,1531.12,Credit Card,Mobile
5935,2234,20260530,37,964,91,3,355.19,0.18,873.77,Debit Card,Desktop
5936,2832,20260411,20,398,65,1,566.7,0.22,442.03,Credit Card,Mobile
5937,679,20260524,12,329,68,3,460.57,0.18,1133.0,Credit Card,Mobile
5938,2049,20260925,21,362,93,4,734.68,0.02,2879.95,Credit Card,Mobile
5939,593,20260622,32,1396,4,1,621.32,0.01,615.11,PayPal,Desktop
5940,1139,20260122,20,153,22,1,883.57,0.21,698.02,Debit Card,Desktop
5941,1031,20260324,24,795,57,3,226.25,0.3,475.12,PayPal,Mobile
5942,904,20260925,37,1447,30,2,682.08,0.19,1104.97,PayPal,Desktop
5943,2844,20260118,40,1417,25,3,315.56,0.27,691.08,Credit Card,Desktop
5944,3519,20260523,22,1133,94,4,157.29,0.28,453.0,Credit Card,Mobile
5945,2386,20260925,24,1614,80,4,474.44,0.19,1537.19,Credit Card,Mobile
5946,2618,20260624,48,549,44,4,280.19,0.01,1109.55,PayPal,Desktop
5947,2865,20260705,12,708,62,4,591.86,0.02,2320.09,Credit Card,Mobile
5948,58,20260404,1,988,1,4,754.0,0.2,2412.8,PayPal,Desktop
5949,1244,20260205,33,1692,39,2,579.68,0.18,950.68,Debit Card,Desktop
5950,1434,20260526,11,1522,80,1,493.06,0.19,399.38,Credit Card,Desktop
5951,2648,20261008,25,1781,47,3,287.13,0.11,766.64,Credit Card,Desktop
5952,1877,20261020,43,2,96,3,179.56,0.25,404.01,Credit Card,Desktop
5953,3285,20260308,41,1369,91,4,693.61,0.11,2469.25,Debit Card,Mobile
5954,3074,20260226,24,728,95,3,758.7,0.02,2230.58,Debit Card,Mobile
5955,1732,20261201,43,836,58,4,338.12,0.02,1325.43,Debit Card,Mobile
5956,3890,20261128,4,1514,41,2,936.92,0.25,1405.38,PayPal,Desktop
5957,1738,20260604,18,350,37,2,509.68,0.07,948.0,Debit Card,Mobile
5958,3484,20260321,47,1501,29,1,72.29,0.1,65.06,Credit Card,Desktop
5959,1223,20261121,4,1425,86,2,113.79,0.3,159.31,Credit Card,Desktop
5960,2914,20260206,18,390,16,2,377.97,0.27,551.84,Credit Card,Mobile
5961,2186,20260621,16,1333,4,1,692.03,0.28,498.26,PayPal,Desktop
5962,3062,20260504,12,335,47,3,740.28,0.28,1599.0,Credit Card,Desktop
5963,2249,20260522,30,127,56,4,607.14,0.08,2234.28,Debit Card,Desktop
5964,2570,20260529,15,76,60,4,317.72,0.15,1080.25,PayPal,Mobile
5965,2998,20260824,5,1502,5,3,547.99,0.22,1282.3,Credit Card,Mobile
5966,2146,20260531,50,19,48,1,999.57,0.29,709.69,Debit Card,Desktop
5967,1976,20260307,20,1468,76,3,149.55,0.22,349.95,PayPal,Mobile
5968,3386,20260114,4,1348,100,2,315.49,0.18,517.4,PayPal,Mobile
5969,293,20260813,47,1721,38,1,211.07,0.06,198.41,PayPal,Mobile
5970,67,20260116,46,1962,54,1,319.07,0.18,261.64,Debit Card,Mobile
5971,1878,20260516,3,1375,36,1,131.32,0.02,128.69,PayPal,Mobile
5972,3219,20260208,1,445,12,4,77.76,0.1,279.94,Debit Card,Desktop
5973,64,20261009,50,882,57,3,350.67,0.12,925.77,Debit Card,Mobile
5974,1416,20260517,5,681,52,1,160.21,0.16,134.58,Credit Card,Desktop
5975,1876,20260303,31,106,88,1,302.54,0.04,290.44,Credit Card,Mobile
5976,471,20260625,7,1976,43,1,789.52,0.16,663.2,Credit Card,Mobile
5977,3544,20260210,47,965,13,3,911.85,0.13,2379.93,Debit Card,Mobile
5978,147,20260709,26,216,83,4,635.52,0.08,2338.71,Debit Card,Desktop
5979,3577,20260106,32,383,41,2,650.21,0.29,923.3,Debit Card,Mobile
5980,820,20260304,32,1837,10,4,856.89,0.01,3393.28,Credit Card,Mobile
5981,131,20260104,35,1328,40,1,466.78,0.1,420.1,Debit Card,Mobile
5982,1790,20260603,47,1621,5,4,930.09,0.16,3125.1,PayPal,Desktop
5983,3872,20261212,15,1665,31,4,613.33,0.1,2207.99,Debit Card,Mobile
5984,2386,20260220,48,1342,79,2,688.55,0.28,991.51,PayPal,Mobile
5985,403,20260208,50,1445,35,3,841.49,0.18,2070.07,Credit Card,Mobile
5986,675,20261101,47,1765,80,3,630.6,0.15,1608.03,Debit Card,Mobile
5987,3246,20261028,42,379,67,4,178.93,0.21,565.42,PayPal,Desktop
5988,2422,20260606,17,1276,20,4,746.33,0.1,2686.79,Debit Card,Desktop
5989,3363,20261122,3,305,52,3,232.13,0.21,550.15,Debit Card,Desktop
5990,3838,20261127,46,888,81,3,215.03,0.07,599.93,PayPal,Desktop
5991,3600,20260812,6,77,43,2,899.52,0.16,1511.19,Credit Card,Mobile
5992,3597,20261017,30,304,35,1,658.52,0.04,632.18,Credit Card,Mobile
5993,2117,20260807,15,1359,50,4,518.07,0.15,1761.44,Debit Card,Desktop
5994,2092,20260917,45,1825,18,3,113.32,0.15,288.97,Debit Card,Mobile
5995,1469,20260915,6,1467,89,4,629.2,0.07,2340.62,Credit Card,Mobile
5996,731,20260219,4,1151,24,4,993.7,0.14,3418.33,PayPal,Mobile
5997,1587,20260810,42,336,3,3,416.08,0.25,936.18,Credit Card,Desktop
5998,3005,20260319,8,1392,18,2,610.15,0.29,866.41,Debit Card,Desktop
5999,3537,20260130,27,1948,76,4,887.53,0.17,2946.6,Debit Card,Mobile
6000,1110,20260214,1,1380,31,2,858.31,0.01,1699.45,PayPal,Mobile
6001,3876,20261018,31,801,62,3,221.5,0.2,531.6,Credit Card,Desktop
6002,3638,20260111,14,448,75,1,785.8,0.13,683.65,PayPal,Desktop
6003,2633,20260123,32,877,2,1,421.57,0.21,333.04,PayPal,Desktop
6004,2657,20260701,3,696,7,4,68.81,0.19,222.94,PayPal,Mobile
6005,2548,20261008,12,739,7,3,257.21,0.12,679.03,PayPal,Mobile
6006,3651,20260629,28,1901,38,2,984.36,0.29,1397.79,Debit Card,Mobile
6007,277,20261027,9,536,28,4,595.22,0.09,2166.6,Debit Card,Mobile
6008,738,20260720,39,1302,97,3,95.76,0.0,287.28,PayPal,Mobile
6009,3123,20260814,41,1034,15,3,428.98,0.17,1068.16,PayPal,Desktop
6010,2021,20261109,34,540,79,2,883.5,0.06,1660.98,Credit Card,Mobile
6011,1813,20260310,18,1155,90,4,845.71,0.03,3281.35,Credit Card,Mobile
6012,96,20260902,45,1368,6,3,463.68,0.1,1251.94,Debit Card,Mobile
6013,3023,20260910,7,681,58,3,372.04,0.26,825.93,Debit Card,Mobile
6014,2206,20260401,16,1687,72,3,639.75,0.02,1880.87,Debit Card,Mobile
6015,1739,20260412,32,597,72,2,949.49,0.02,1861.0,Debit Card,Desktop
6016,1505,20260704,14,1582,42,4,888.36,0.14,3055.96,Credit Card,Desktop
6017,2023,20260508,19,414,77,4,295.78,0.21,934.66,Credit Card,Desktop
6018,1877,20260101,35,92,98,4,542.21,0.05,2060.4,PayPal,Mobile
6019,9,20260417,8,7,32,4,517.95,0.03,2009.65,PayPal,Mobile
6020,1054,20260103,7,1665,99,1,527.64,0.25,395.73,Debit Card,Mobile
6021,1901,20261102,23,1002,91,1,701.09,0.01,694.08,PayPal,Desktop
6022,2305,20260228,2,1022,51,4,892.29,0.12,3140.86,Debit Card,Desktop
6023,915,20260517,38,592,96,2,901.01,0.01,1784.0,PayPal,Desktop
6024,513,20260208,45,346,60,1,462.46,0.19,374.59,PayPal,Desktop
6025,1101,20260309,50,1328,5,3,459.95,0.01,1366.05,Credit Card,Desktop
6026,2662,20260110,20,1744,53,1,758.38,0.05,720.46,Debit Card,Desktop
6027,2173,20261027,38,650,50,3,185.01,0.03,538.38,PayPal,Desktop
6028,3677,20260509,14,1741,25,4,879.87,0.19,2850.78,PayPal,Desktop
6029,3947,20260521,5,1091,6,1,384.66,0.26,284.65,Credit Card,Mobile
6030,346,20261005,41,623,39,2,329.33,0.13,573.03,Debit Card,Mobile
6031,3703,20260425,15,774,99,1,686.14,0.23,528.33,PayPal,Mobile
6032,1349,20261114,29,696,29,1,970.7,0.02,951.29,PayPal,Desktop
6033,886,20261105,7,1083,92,1,340.66,0.12,299.78,Credit Card,Desktop
6034,650,20260403,19,1910,76,4,724.96,0.0,2899.84,Credit Card,Desktop
6035,3470,20261003,13,605,52,2,939.99,0.1,1691.98,PayPal,Mobile
6036,3932,20260612,11,229,97,1,115.92,0.29,82.3,Debit Card,Desktop
6037,3815,20260726,39,838,6,2,748.39,0.25,1122.59,Credit Card,Mobile
6038,1300,20260713,33,1814,80,4,948.16,0.13,3299.6,Debit Card,Mobile
6039,3472,20261228,27,739,71,3,344.91,0.22,807.09,Credit Card,Mobile
6040,2616,20261013,3,1287,85,1,827.09,0.08,760.92,Debit Card,Desktop
6041,3610,20261117,37,1128,52,2,369.91,0.21,584.46,Credit Card,Mobile
6042,1598,20260510,39,1548,3,2,408.16,0.28,587.75,PayPal,Mobile
6043,179,20260512,9,1240,92,4,329.5,0.16,1107.12,Debit Card,Desktop
6044,3655,20260426,15,1774,10,1,224.14,0.17,186.04,Debit Card,Mobile
6045,2462,20260112,7,1266,6,3,505.4,0.14,1303.93,Debit Card,Desktop
6046,1471,20260922,4,1056,91,2,453.59,0.01,898.11,PayPal,Mobile
6047,1306,20260503,5,368,78,1,933.41,0.08,858.74,PayPal,Mobile
6048,1422,20261105,18,1544,12,3,992.19,0.22,2321.72,PayPal,Mobile
6049,443,20260413,20,1333,63,2,789.8,0.17,1311.07,PayPal,Desktop
6050,3289,20260316,20,456,68,2,889.37,0.01,1760.95,Credit Card,Mobile
6051,244,20260413,42,1457,8,3,615.09,0.25,1383.95,Debit Card,Desktop
6052,3,20260817,3,1592,42,3,474.14,0.1,1280.18,Credit Card,Desktop
6053,2590,20260905,25,1461,8,4,805.66,0.26,2384.75,PayPal,Mobile
6054,1594,20260720,5,552,24,1,865.7,0.06,813.76,Debit Card,Desktop
6055,3393,20260524,6,1702,56,1,130.31,0.11,115.98,PayPal,Mobile
6056,2904,20260318,5,1314,36,4,635.03,0.13,2209.9,PayPal,Mobile
6057,1236,20261225,35,701,10,2,301.21,0.07,560.25,Debit Card,Mobile
6058,2030,20261223,31,416,8,3,477.12,0.11,1273.91,Debit Card,Mobile
6059,328,20260514,32,1372,33,3,876.88,0.12,2314.96,Credit Card,Desktop
6060,252,20260606,47,1205,20,3,74.37,0.22,174.03,Debit Card,Desktop
6061,3478,20261213,44,676,77,2,535.22,0.06,1006.21,PayPal,Desktop
6062,3307,20260306,36,971,62,3,473.8,0.07,1321.9,Debit Card,Desktop
6063,1220,20260618,31,1561,16,3,297.67,0.04,857.29,Debit Card,Desktop
6064,2699,20260228,1,1597,17,4,891.65,0.14,3067.28,PayPal,Mobile
6065,2642,20260803,50,884,44,2,827.53,0.24,1257.85,Credit Card,Mobile
6066,733,20261208,30,758,98,1,407.61,0.11,362.77,Debit Card,Desktop
6067,3192,20261212,20,1197,82,4,833.69,0.0,3334.76,PayPal,Mobile
6068,1349,20261106,16,818,85,4,476.49,0.19,1543.83,Debit Card,Mobile
6069,1074,20260403,29,69,43,1,701.55,0.26,519.15,Debit Card,Desktop
6070,3590,20260911,46,1431,26,4,872.32,0.11,3105.46,PayPal,Mobile
6071,1919,20260204,25,1583,89,2,947.62,0.22,1478.29,PayPal,Mobile
6072,2095,20260817,35,679,93,3,109.31,0.26,242.67,Credit Card,Desktop
6073,2825,20260202,34,478,35,2,858.72,0.11,1528.52,PayPal,Desktop
6074,2540,20260426,45,1357,60,1,73.42,0.25,55.06,PayPal,Mobile
6075,3471,20261009,12,1645,36,1,352.02,0.08,323.86,Credit Card,Mobile
6076,3360,20261112,35,1567,1,4,902.15,0.23,2778.62,Debit Card,Desktop
6077,3645,20260921,41,1270,92,2,548.9,0.21,867.26,PayPal,Mobile
6078,3639,20261004,17,1922,85,2,726.57,0.12,1278.76,Credit Card,Desktop
6079,425,20260326,8,719,58,1,341.98,0.24,259.9,PayPal,Desktop
6080,349,20260410,22,1822,53,2,506.4,0.28,729.22,Credit Card,Desktop
6081,1549,20260322,31,1731,11,1,111.73,0.15,94.97,Credit Card,Desktop
6082,2621,20260412,14,1856,10,2,109.9,0.01,217.6,PayPal,Mobile
6083,2943,20260723,8,869,22,2,453.9,0.26,671.77,Debit Card,Desktop
6084,2365,20261113,42,1500,56,2,738.16,0.16,1240.11,Debit Card,Desktop
6085,568,20260330,12,640,60,1,938.93,0.02,920.15,PayPal,Mobile
6086,3995,20260306,36,868,57,4,294.75,0.12,1037.52,Credit Card,Desktop
6087,2613,20260222,18,1063,86,2,422.8,0.13,735.67,PayPal,Desktop
6088,2199,20260824,24,1417,23,1,629.2,0.1,566.28,Credit Card,Desktop
6089,107,20260319,40,388,38,1,617.77,0.02,605.41,Credit Card,Mobile
6090,527,20260815,19,980,97,2,277.22,0.1,499.0,Credit Card,Mobile
6091,761,20260627,12,1943,9,2,882.02,0.16,1481.79,PayPal,Mobile
6092,3204,20261017,39,1983,1,4,366.58,0.13,1275.7,Debit Card,Mobile
6093,3995,20260811,43,1241,26,1,483.4,0.2,386.72,Credit Card,Mobile
6094,3538,20260219,20,641,32,1,803.68,0.12,707.24,PayPal,Mobile
6095,1429,20260409,21,17,29,3,430.24,0.09,1174.56,Debit Card,Mobile
6096,2968,20260505,12,1670,94,1,709.65,0.22,553.53,Credit Card,Mobile
6097,2860,20260221,26,924,42,4,202.47,0.28,583.11,PayPal,Mobile
6098,1468,20260530,37,1563,97,3,600.36,0.2,1440.86,Debit Card,Desktop
6099,1967,20260122,1,739,55,3,270.85,0.21,641.91,PayPal,Mobile
6100,275,20260709,18,1642,28,3,574.27,0.06,1619.44,Debit Card,Desktop
6101,791,20260709,26,1792,61,2,418.93,0.27,611.64,PayPal,Mobile
6102,2592,20260812,20,1371,40,2,525.52,0.07,977.47,PayPal,Desktop
6103,2711,20261024,26,1907,25,1,532.37,0.04,511.08,Credit Card,Desktop
6104,2596,20260818,2,773,91,3,773.29,0.17,1925.49,Credit Card,Desktop
6105,602,20260313,40,1249,18,4,874.17,0.17,2902.24,Credit Card,Mobile
6106,1076,20261111,14,1316,98,2,838.03,0.08,1541.98,PayPal,Desktop
6107,2218,20260126,11,123,74,4,459.32,0.2,1469.82,PayPal,Mobile
6108,387,20260915,9,1907,3,4,506.12,0.26,1498.12,Credit Card,Mobile
6109,3100,20261031,39,1803,6,2,634.43,0.06,1192.73,Credit Card,Desktop
6110,2776,20260102,24,1274,45,2,791.96,0.29,1124.58,Debit Card,Desktop
6111,3081,20260807,4,1481,81,2,124.69,0.17,206.99,Debit Card,Mobile
6112,3502,20260502,2,13,42,2,86.22,0.22,134.5,PayPal,Desktop
6113,2871,20260804,50,411,16,3,544.77,0.02,1601.62,Debit Card,Mobile
6114,2022,20260504,17,402,24,3,445.47,0.27,975.58,Credit Card,Mobile
6115,2353,20260303,22,1269,81,3,914.52,0.1,2469.2,PayPal,Mobile
6116,2439,20261023,48,1984,14,3,127.9,0.21,303.12,PayPal,Desktop
6117,3541,20261115,5,482,49,1,809.36,0.01,801.27,Debit Card,Mobile
6118,2865,20260908,37,264,3,3,661.27,0.1,1785.43,Debit Card,Desktop
6119,103,20261005,37,56,10,2,652.75,0.24,992.18,Debit Card,Mobile
6120,3376,20260224,43,444,95,4,768.51,0.1,2766.64,Debit Card,Mobile
6121,1227,20261116,24,1294,26,3,415.75,0.06,1172.41,PayPal,Desktop
6122,13,20261108,38,848,5,1,518.26,0.04,497.53,Credit Card,Desktop
6123,3992,20260411,2,735,29,2,368.03,0.24,559.41,Credit Card,Desktop
6124,2774,20260810,36,1120,95,4,757.77,0.28,2182.38,PayPal,Mobile
6125,1085,20260603,27,566,71,4,994.62,0.15,3381.71,PayPal,Desktop
6126,2799,20260615,26,1168,94,3,388.46,0.3,815.77,Credit Card,Mobile
6127,3133,20260525,41,1829,58,4,80.01,0.1,288.04,PayPal,Desktop
6128,840,20260221,24,408,73,3,126.52,0.19,307.44,Credit Card,Mobile
6129,302,20260501,45,812,99,3,537.44,0.23,1241.49,Debit Card,Desktop
6130,2778,20260814,24,318,10,2,702.86,0.19,1138.63,PayPal,Desktop
6131,2174,20261213,46,88,34,2,529.07,0.29,751.28,PayPal,Mobile
6132,134,20261107,33,1387,85,1,297.41,0.18,243.88,PayPal,Mobile
6133,3394,20260617,41,665,62,2,784.98,0.24,1193.17,PayPal,Mobile
6134,185,20261108,13,980,4,2,729.3,0.29,1035.61,Credit Card,Desktop
6135,212,20260830,24,1981,71,3,245.84,0.02,722.77,PayPal,Desktop
6136,1454,20261018,14,1418,8,2,660.34,0.09,1201.82,Debit Card,Desktop
6137,3293,20260924,13,525,3,3,485.82,0.17,1209.69,PayPal,Desktop
6138,59,20261220,21,118,96,3,671.14,0.28,1449.66,Credit Card,Mobile
6139,308,20260505,32,1800,5,2,724.9,0.21,1145.34,Credit Card,Mobile
6140,2983,20260522,43,224,93,1,538.97,0.11,479.68,PayPal,Mobile
6141,3790,20261216,7,18,93,1,232.69,0.08,214.07,PayPal,Desktop
6142,3622,20261214,16,1434,74,4,359.09,0.1,1292.72,Debit Card,Mobile
6143,1113,20260615,18,208,20,4,849.77,0.13,2957.2,PayPal,Desktop
6144,2508,20260201,13,1355,17,2,109.53,0.25,164.3,Credit Card,Desktop
6145,3303,20260316,28,225,15,1,609.37,0.03,591.09,Credit Card,Desktop
6146,3073,20260921,46,78,77,3,971.05,0.05,2767.49,Debit Card,Desktop
6147,313,20260311,9,253,50,4,934.85,0.12,3290.67,Debit Card,Desktop
6148,2610,20260922,4,4,10,3,133.64,0.21,316.73,Credit Card,Mobile
6149,94,20261230,8,860,59,4,246.68,0.29,700.57,PayPal,Desktop
6150,1599,20260622,42,952,32,2,982.65,0.19,1591.89,Credit Card,Mobile
6151,788,20261008,25,1035,40,1,740.63,0.24,562.88,Credit Card,Desktop
6152,696,20260504,12,1643,65,4,341.92,0.12,1203.56,Credit Card,Desktop
6153,1286,20260516,13,1050,87,1,679.34,0.19,550.27,PayPal,Mobile
6154,2519,20260625,49,1851,94,3,743.61,0.11,1985.44,Debit Card,Mobile
6155,948,20260926,26,313,43,2,659.02,0.13,1146.69,Debit Card,Desktop
6156,2009,20260402,12,957,37,1,131.5,0.21,103.89,Credit Card,Mobile
6157,3741,20260710,23,1518,59,2,603.86,0.27,881.64,PayPal,Mobile
6158,1278,20260711,38,732,92,1,372.59,0.03,361.41,Debit Card,Mobile
6159,1301,20261115,9,283,13,3,452.97,0.07,1263.79,Debit Card,Mobile
6160,3183,20260307,34,983,83,3,574.11,0.04,1653.44,PayPal,Mobile
6161,93,20261018,10,1265,10,2,558.0,0.2,892.8,PayPal,Desktop
6162,2678,20260330,42,500,93,3,414.76,0.23,958.1,Debit Card,Mobile
6163,2010,20260117,34,1544,15,4,346.75,0.1,1248.3,Credit Card,Mobile
6164,1556,20260529,9,1478,48,1,394.75,0.23,303.96,Credit Card,Mobile
6165,3482,20260422,5,450,3,3,107.44,0.04,309.43,Credit Card,Mobile
6166,1239,20260227,20,379,11,4,250.39,0.08,921.44,Debit Card,Mobile
6167,3584,20260827,44,57,48,2,660.08,0.15,1122.14,Debit Card,Mobile
6168,97,20260310,43,260,55,4,896.99,0.29,2547.45,Credit Card,Desktop
6169,2665,20261016,31,1255,75,2,493.06,0.19,798.76,PayPal,Desktop
6170,2424,20261223,28,1328,100,2,224.64,0.12,395.37,Debit Card,Mobile
6171,1835,20260202,45,890,38,1,251.11,0.0,251.11,PayPal,Desktop
6172,1651,20260820,13,446,73,1,209.5,0.13,182.26,Debit Card,Mobile
6173,2523,20260121,19,1023,41,4,470.75,0.27,1374.59,Credit Card,Desktop
6174,271,20261122,10,1812,62,1,224.81,0.01,222.56,Credit Card,Desktop
6175,3818,20260314,37,1485,29,1,172.16,0.21,136.01,Credit Card,Mobile
6176,1248,20260418,15,435,15,1,775.76,0.03,752.49,Debit Card,Mobile
6177,2546,20260809,43,966,40,4,985.6,0.22,3075.07,PayPal,Desktop
6178,469,20260731,8,1237,68,3,603.1,0.01,1791.21,PayPal,Desktop
6179,2024,20260204,35,1849,59,1,802.22,0.04,770.13,Credit Card,Mobile
6180,482,20261026,21,1326,48,1,107.03,0.06,100.61,PayPal,Desktop
6181,862,20260106,26,1782,23,4,222.68,0.09,810.56,PayPal,Desktop
6182,1170,20260623,46,771,95,3,807.14,0.16,2033.99,PayPal,Mobile
6183,2650,20260817,36,1018,45,1,115.73,0.08,106.47,Credit Card,Mobile
6184,269,20260702,5,1821,64,2,663.83,0.14,1141.79,PayPal,Desktop
6185,640,20261120,47,999,34,4,341.47,0.01,1352.22,PayPal,Desktop
6186,1809,20260329,39,1692,27,1,312.37,0.28,224.91,Debit Card,Desktop
6187,2207,20260808,49,814,95,1,959.04,0.09,872.73,Debit Card,Mobile
6188,278,20260303,34,346,95,2,561.64,0.02,1100.81,Debit Card,Desktop
6189,1900,20261127,19,1205,54,2,259.25,0.25,388.88,Debit Card,Desktop
6190,963,20260711,45,497,83,4,715.25,0.14,2460.46,PayPal,Mobile
6191,2130,20261124,7,651,54,4,540.66,0.24,1643.61,Debit Card,Desktop
6192,1373,20260526,18,1286,99,2,164.86,0.06,309.94,PayPal,Desktop
6193,2609,20260625,2,1483,59,4,678.78,0.18,2226.4,PayPal,Mobile
6194,3410,20260901,20,1293,82,2,898.76,0.19,1455.99,Debit Card,Desktop
6195,1987,20260418,13,213,100,1,75.46,0.01,74.71,Debit Card,Mobile
6196,2408,20260319,12,223,82,2,497.22,0.29,706.05,Credit Card,Desktop
6197,215,20260715,24,750,44,2,475.41,0.04,912.79,PayPal,Mobile
6198,1922,20260617,19,1300,69,3,858.71,0.03,2498.85,Debit Card,Desktop
6199,1262,20260614,10,1556,96,2,198.21,0.2,317.14,Debit Card,Mobile
6200,554,20260813,10,49,24,2,342.41,0.15,582.1,Credit Card,Mobile
6201,3705,20260521,37,832,6,3,119.2,0.13,311.11,Debit Card,Mobile
6202,3908,20260712,44,219,93,4,373.43,0.21,1180.04,Debit Card,Desktop
6203,3894,20260803,15,900,22,3,94.74,0.12,250.11,Debit Card,Mobile
6204,3991,20260129,8,1505,74,1,594.9,0.3,416.43,Debit Card,Desktop
6205,1534,20261115,47,3,55,3,235.37,0.05,670.8,PayPal,Desktop
6206,3730,20260122,41,233,87,1,427.11,0.17,354.5,PayPal,Desktop
6207,1439,20261004,9,446,51,4,543.84,0.08,2001.33,Debit Card,Desktop
6208,3279,20260206,3,1628,87,3,148.31,0.22,347.05,Credit Card,Mobile
6209,3059,20261003,3,610,8,3,591.24,0.15,1507.66,Debit Card,Mobile
6210,1486,20260506,8,1427,60,4,948.3,0.03,3679.4,Debit Card,Mobile
6211,733,20261105,37,836,4,1,407.49,0.18,334.14,Debit Card,Desktop
6212,2781,20260701,14,554,23,3,272.64,0.28,588.9,Credit Card,Mobile
6213,889,20260911,6,1618,88,1,835.47,0.27,609.89,Credit Card,Desktop
6214,1912,20260823,17,1266,77,3,209.95,0.04,604.66,Debit Card,Mobile
6215,2215,20260724,47,815,5,2,512.31,0.09,932.4,Credit Card,Desktop
6216,1930,20260720,43,1775,68,3,985.25,0.21,2335.04,Debit Card,Mobile
6217,484,20260915,7,131,27,4,774.83,0.15,2634.42,Credit Card,Desktop
6218,3871,20260330,14,1085,29,4,702.69,0.17,2332.93,Debit Card,Mobile
6219,182,20260317,18,587,68,1,249.86,0.15,212.38,Credit Card,Desktop
6220,1142,20261201,36,1396,79,3,280.05,0.06,789.74,Debit Card,Desktop
6221,3794,20260729,46,347,54,1,82.91,0.25,62.18,Credit Card,Desktop
6222,1914,20260707,38,508,26,1,358.64,0.09,326.36,PayPal,Desktop
6223,1220,20260129,43,781,10,2,175.66,0.27,256.46,PayPal,Desktop
6224,1278,20261110,31,1371,49,2,837.8,0.23,1290.21,Credit Card,Mobile
6225,2712,20260318,49,1329,84,4,966.9,0.26,2862.02,Debit Card,Desktop
6226,3104,20260531,17,407,63,1,128.42,0.22,100.17,Debit Card,Mobile
6227,3788,20260327,3,677,2,4,637.05,0.12,2242.42,Credit Card,Desktop
6228,974,20260731,29,1675,24,3,789.59,0.25,1776.58,Debit Card,Desktop
6229,3312,20261208,26,20,38,1,305.1,0.1,274.59,PayPal,Desktop
6230,3734,20260214,26,656,97,1,130.78,0.18,107.24,Debit Card,Mobile
6231,1988,20260401,39,146,98,3,868.4,0.2,2084.16,Credit Card,Mobile
6232,1424,20260909,39,1457,22,3,533.25,0.03,1551.76,PayPal,Desktop
6233,1661,20260402,39,597,18,4,806.69,0.17,2678.21,Credit Card,Mobile
6234,2238,20261107,17,145,71,4,184.93,0.1,665.75,Debit Card,Desktop
6235,2007,20260902,26,767,87,3,968.31,0.12,2556.34,Debit Card,Mobile
6236,3806,20260323,24,1722,67,4,686.39,0.26,2031.71,PayPal,Mobile
6237,2293,20260812,14,482,85,3,461.24,0.15,1176.16,Debit Card,Mobile
6238,797,20260921,31,1048,28,1,240.97,0.24,183.14,Debit Card,Mobile
6239,3490,20260630,25,850,67,1,841.54,0.17,698.48,Debit Card,Desktop
6240,91,20261126,31,1206,48,2,541.78,0.16,910.19,Debit Card,Desktop
6241,3325,20260503,10,993,47,1,98.31,0.01,97.33,Credit Card,Mobile
6242,1151,20261221,31,1790,1,3,438.71,0.24,1000.26,PayPal,Mobile
6243,1854,20261014,6,543,19,4,83.87,0.27,244.9,PayPal,Mobile
6244,3376,20260421,12,1022,73,2,814.25,0.09,1481.93,Credit Card,Mobile
6245,2965,20261120,46,1031,80,4,186.69,0.12,657.15,Debit Card,Desktop
6246,3037,20260514,9,1251,32,3,199.91,0.25,449.8,PayPal,Mobile
6247,2093,20260722,14,290,97,1,744.41,0.26,550.86,Debit Card,Mobile
6248,2110,20261214,6,1602,79,2,497.76,0.24,756.6,Debit Card,Mobile
6249,309,20261119,43,1027,4,3,914.48,0.12,2414.23,PayPal,Mobile
6250,1077,20261104,2,1280,27,2,557.55,0.22,869.78,Credit Card,Desktop
6251,3186,20260401,20,675,17,2,465.71,0.3,651.99,Credit Card,Desktop
6252,2002,20260704,15,1633,18,1,622.18,0.04,597.29,PayPal,Desktop
6253,3279,20260402,21,714,31,3,226.1,0.04,651.17,Credit Card,Desktop
6254,3544,20260126,38,385,100,4,788.29,0.12,2774.78,Credit Card,Desktop
6255,2725,20260510,26,693,90,2,393.42,0.03,763.23,Credit Card,Desktop
6256,3929,20260103,19,1707,76,2,569.31,0.05,1081.69,Debit Card,Mobile
6257,3332,20260426,47,10,95,4,239.33,0.13,832.87,Debit Card,Desktop
6258,1664,20260615,26,1524,40,3,851.64,0.19,2069.49,Debit Card,Mobile
6259,3738,20261215,9,1349,1,2,138.83,0.03,269.33,Debit Card,Mobile
6260,2908,20260409,6,1101,34,2,749.98,0.04,1439.96,Debit Card,Desktop
6261,3840,20260706,14,887,75,2,867.35,0.23,1335.72,PayPal,Desktop
6262,3021,20260202,27,1329,47,3,971.44,0.14,2506.32,Debit Card,Mobile
6263,2398,20261102,29,832,8,3,410.14,0.25,922.82,PayPal,Mobile
6264,1255,20260312,37,1453,74,4,237.45,0.08,873.82,Debit Card,Mobile
6265,3023,20260529,18,404,88,3,272.77,0.2,654.65,Debit Card,Mobile
6266,637,20260601,28,405,16,3,626.74,0.26,1391.36,Debit Card,Desktop
6267,1120,20260829,10,371,19,1,775.75,0.21,612.84,Credit Card,Mobile
6268,442,20261215,46,1627,76,4,336.44,0.29,955.49,Debit Card,Mobile
6269,3286,20260920,44,1181,4,2,138.01,0.22,215.3,Credit Card,Desktop
6270,414,20260816,3,1356,23,3,243.8,0.14,629.0,PayPal,Desktop
6271,61,20261004,33,1507,27,2,274.59,0.17,455.82,Credit Card,Mobile
6272,849,20260831,48,1958,42,2,146.07,0.09,265.85,Credit Card,Mobile
6273,2753,20260612,46,604,29,1,667.68,0.22,520.79,Credit Card,Desktop
6274,3958,20260209,5,1831,49,3,625.17,0.29,1331.61,Credit Card,Mobile
6275,2874,20260628,23,1786,34,4,298.13,0.19,965.94,Credit Card,Mobile
6276,682,20261124,21,620,14,3,652.07,0.28,1408.47,Debit Card,Desktop
6277,2761,20261006,10,67,51,2,592.87,0.04,1138.31,PayPal,Mobile
6278,2974,20261019,17,699,99,4,949.26,0.18,3113.57,PayPal,Mobile
6279,1420,20260330,30,243,87,3,932.79,0.28,2014.83,PayPal,Desktop
6280,3099,20261021,37,1360,83,2,956.45,0.29,1358.16,PayPal,Mobile
6281,1202,20260807,39,1240,26,2,756.37,0.11,1346.34,Credit Card,Desktop
6282,409,20260614,13,445,67,1,286.37,0.13,249.14,Debit Card,Mobile
6283,3477,20260425,25,168,56,1,443.56,0.21,350.41,Credit Card,Desktop
6284,1855,20260106,44,41,62,1,352.78,0.07,328.09,PayPal,Mobile
6285,2871,20260715,17,991,1,2,496.14,0.04,952.59,Debit Card,Desktop
6286,1858,20260503,34,1670,99,3,814.36,0.05,2320.93,PayPal,Desktop
6287,3153,20260101,29,288,77,1,679.89,0.12,598.3,Debit Card,Desktop
6288,2272,20260314,28,348,79,3,861.35,0.08,2377.33,Credit Card,Mobile
6289,1545,20261112,29,1131,81,1,768.12,0.03,745.08,Debit Card,Desktop
6290,1057,20261220,32,1976,34,4,939.2,0.12,3305.98,Credit Card,Mobile
6291,1412,20261108,16,1797,16,4,829.63,0.19,2688.0,Debit Card,Desktop
6292,3433,20260617,7,890,15,1,809.29,0.08,744.55,Debit Card,Mobile
6293,1114,20261005,4,465,78,2,853.39,0.27,1245.95,Debit Card,Mobile
6294,1803,20260713,27,1677,76,1,502.93,0.08,462.7,PayPal,Mobile
6295,1458,20261025,43,1541,8,1,329.56,0.08,303.2,PayPal,Desktop
6296,231,20260720,14,1044,43,2,236.79,0.2,378.86,PayPal,Desktop
6297,778,20260324,8,1927,27,4,531.74,0.16,1786.65,Credit Card,Desktop
6298,3522,20260906,20,416,46,3,536.16,0.27,1174.19,PayPal,Desktop
6299,1898,20261113,50,955,53,1,600.0,0.26,444.0,Credit Card,Desktop
6300,2694,20260920,37,304,19,2,934.61,0.21,1476.68,Debit Card,Desktop
6301,1725,20260427,26,362,65,1,513.35,0.12,451.75,Debit Card,Mobile
6302,3309,20260209,28,760,28,2,488.39,0.03,947.48,PayPal,Desktop
6303,800,20261102,39,552,48,3,769.51,0.1,2077.68,Credit Card,Desktop
6304,2059,20261207,50,1347,17,3,589.71,0.18,1450.69,PayPal,Desktop
6305,251,20261003,39,1176,94,4,442.36,0.23,1362.47,Debit Card,Mobile
6306,1134,20260924,8,915,75,2,366.85,0.21,579.62,Credit Card,Desktop
6307,2887,20260423,8,540,21,2,130.89,0.27,191.1,Credit Card,Desktop
6308,3581,20260510,3,1188,52,4,344.52,0.26,1019.78,Debit Card,Desktop
6309,3908,20260317,24,1013,34,4,345.72,0.04,1327.56,Credit Card,Desktop
6310,3050,20260112,43,1417,63,2,951.05,0.11,1692.87,PayPal,Desktop
6311,1892,20260111,28,779,30,4,241.01,0.08,886.92,Credit Card,Desktop
6312,2489,20261204,32,657,10,3,887.45,0.17,2209.75,PayPal,Mobile
6313,1449,20261026,50,1674,13,1,76.75,0.21,60.63,PayPal,Desktop
6314,3958,20260112,15,575,53,3,513.28,0.25,1154.88,Credit Card,Desktop
6315,257,20260122,32,103,66,4,308.35,0.21,974.39,Credit Card,Mobile
6316,1302,20260313,6,1551,90,2,100.02,0.04,192.04,Credit Card,Mobile
6317,184,20260103,5,1604,95,2,220.37,0.21,348.18,Credit Card,Desktop
6318,3465,20260814,29,362,79,3,293.88,0.2,705.31,PayPal,Mobile
6319,519,20261229,16,987,65,2,380.06,0.11,676.51,Credit Card,Mobile
6320,1413,20260510,31,1439,99,4,632.54,0.27,1847.02,Debit Card,Desktop
6321,559,20260712,25,475,26,3,931.85,0.08,2571.91,Credit Card,Mobile
6322,3623,20261121,47,1775,54,2,580.2,0.27,847.09,Debit Card,Mobile
6323,1192,20261020,36,410,7,1,922.97,0.06,867.59,PayPal,Mobile
6324,1730,20260531,4,831,85,1,134.74,0.01,133.39,Debit Card,Desktop
6325,3049,20261025,37,498,38,4,88.97,0.11,316.73,Credit Card,Desktop
6326,797,20261216,14,584,92,2,509.83,0.27,744.35,PayPal,Mobile
6327,2882,20261229,30,228,71,4,648.96,0.29,1843.05,PayPal,Mobile
6328,377,20260221,25,1374,3,3,644.28,0.16,1623.59,Debit Card,Mobile
6329,2164,20261019,25,945,82,1,206.71,0.07,192.24,PayPal,Mobile
6330,112,20261212,35,1644,8,3,130.71,0.24,298.02,Credit Card,Mobile
6331,2365,20261005,44,983,1,2,579.25,0.27,845.7,PayPal,Mobile
6332,3616,20261210,21,492,46,4,803.42,0.13,2795.9,Debit Card,Desktop
6333,2482,20260519,42,1396,25,4,676.39,0.27,1975.06,Debit Card,Desktop
6334,1020,20260820,38,1159,90,4,709.27,0.16,2383.15,Debit Card,Mobile
6335,949,20260606,33,1439,34,3,816.89,0.2,1960.54,PayPal,Mobile
6336,1414,20260130,40,155,34,1,264.2,0.14,227.21,Debit Card,Mobile
6337,2683,20261107,13,1275,87,3,92.17,0.19,223.97,Debit Card,Desktop
6338,990,20260312,40,697,31,3,545.13,0.11,1455.5,PayPal,Mobile
6339,928,20260113,15,437,67,2,413.8,0.22,645.53,Credit Card,Desktop
6340,887,20260716,49,606,70,2,971.68,0.1,1749.02,PayPal,Mobile
6341,1603,20260402,34,1262,74,2,707.64,0.17,1174.68,PayPal,Mobile
6342,1414,20260501,47,679,95,1,964.7,0.11,858.58,Credit Card,Mobile
6343,2599,20260207,45,1948,89,1,51.53,0.28,37.1,PayPal,Desktop
6344,2256,20261214,20,1007,77,2,344.6,0.23,530.68,Credit Card,Mobile
6345,3271,20260817,47,1687,89,2,307.47,0.11,547.3,PayPal,Desktop
6346,697,20260108,7,1480,84,1,974.83,0.2,779.86,Debit Card,Desktop
6347,1411,20260618,50,515,96,4,634.58,0.02,2487.55,PayPal,Mobile
6348,856,20261021,12,13,89,1,120.72,0.29,85.71,Debit Card,Mobile
6349,2082,20260127,49,139,8,1,268.07,0.15,227.86,Credit Card,Desktop
6350,1836,20260330,21,732,15,1,615.67,0.25,461.75,Credit Card,Desktop
6351,2023,20260420,49,1244,55,2,490.14,0.19,794.03,PayPal,Mobile
6352,649,20260417,23,212,60,4,716.85,0.24,2179.22,Debit Card,Desktop
6353,714,20260812,8,1856,22,1,843.9,0.19,683.56,Debit Card,Desktop
6354,877,20260802,20,747,74,2,202.36,0.26,299.49,PayPal,Desktop
6355,1506,20261015,26,1919,45,3,218.23,0.19,530.3,Debit Card,Mobile
6356,3830,20260202,47,668,77,3,601.05,0.05,1712.99,Credit Card,Desktop
6357,1493,20260602,14,1559,57,1,121.33,0.09,110.41,Debit Card,Mobile
6358,3371,20260820,12,715,54,3,772.8,0.27,1692.43,Debit Card,Desktop
6359,2039,20261006,28,856,75,4,456.99,0.09,1663.44,Debit Card,Desktop
6360,1318,20261213,8,1149,53,3,521.83,0.22,1221.08,Debit Card,Mobile
6361,2381,20260722,27,1892,36,3,490.76,0.22,1148.38,Debit Card,Mobile
6362,1283,20260220,40,282,43,4,405.35,0.19,1313.33,Debit Card,Desktop
6363,1075,20260102,25,1961,79,1,344.89,0.05,327.65,Debit Card,Desktop
6364,3217,20260124,50,614,89,1,855.67,0.16,718.76,Debit Card,Desktop
6365,903,20260104,33,1443,24,4,707.99,0.19,2293.89,PayPal,Desktop
6366,583,20260117,49,952,43,4,730.22,0.03,2833.25,Credit Card,Mobile
6367,1371,20260115,12,226,24,4,657.43,0.05,2498.23,Credit Card,Mobile
6368,1154,20260331,17,1434,49,3,601.81,0.2,1444.34,Credit Card,Desktop
6369,393,20260713,19,1048,60,4,281.31,0.29,798.92,Debit Card,Desktop
6370,539,20261119,44,1224,43,2,137.03,0.2,219.25,Debit Card,Desktop
6371,2238,20261014,21,458,81,3,618.38,0.22,1447.01,Credit Card,Desktop
6372,2495,20260914,41,1713,78,1,870.51,0.09,792.16,PayPal,Mobile
6373,1427,20260810,49,1322,83,1,610.87,0.07,568.11,PayPal,Desktop
6374,2672,20260315,44,659,11,1,176.8,0.21,139.67,Credit Card,Mobile
6375,368,20261020,32,1367,39,3,708.35,0.02,2082.55,PayPal,Desktop
6376,1177,20260508,39,867,31,2,777.84,0.04,1493.45,Credit Card,Desktop
6377,395,20260114,4,645,86,4,586.3,0.18,1923.06,Credit Card,Desktop
6378,3080,20261211,25,1301,14,4,995.53,0.1,3583.91,PayPal,Desktop
6379,3469,20261129,46,742,79,1,964.04,0.02,944.76,Debit Card,Desktop
6380,1192,20260924,23,1230,95,1,247.54,0.27,180.7,Debit Card,Mobile
6381,69,20260215,44,1043,38,3,65.65,0.09,179.22,Credit Card,Mobile
6382,1313,20261007,18,1168,5,2,645.82,0.28,929.98,Debit Card,Desktop
6383,1529,20260331,20,245,43,4,358.21,0.01,1418.51,Credit Card,Mobile
6384,1834,20261021,49,955,1,3,244.81,0.11,653.64,Debit Card,Desktop
6385,2793,20261203,26,190,86,4,907.56,0.3,2541.17,Debit Card,Desktop
6386,412,20260227,11,1674,70,1,250.69,0.11,223.11,Debit Card,Mobile
6387,3181,20260714,24,1205,47,4,855.44,0.09,3113.8,PayPal,Mobile
6388,1677,20260906,38,1269,17,2,489.87,0.02,960.15,Credit Card,Desktop
6389,1535,20261103,25,1154,87,2,846.86,0.03,1642.91,PayPal,Desktop
6390,3486,20261103,34,1321,23,1,77.19,0.27,56.35,Debit Card,Desktop
6391,923,20260305,23,1668,10,2,68.47,0.05,130.09,PayPal,Mobile
6392,1061,20260114,24,1201,91,2,926.75,0.23,1427.19,Debit Card,Mobile
6393,2884,20260621,17,1231,34,3,953.91,0.14,2461.09,Credit Card,Desktop
6394,1953,20261122,23,1162,66,4,677.42,0.06,2547.1,PayPal,Desktop
6395,2215,20261031,48,970,91,1,708.07,0.07,658.51,PayPal,Desktop
6396,2580,20260102,43,1411,91,1,157.35,0.15,133.75,PayPal,Mobile
6397,1939,20260303,40,668,86,1,734.82,0.07,683.38,Credit Card,Mobile
6398,1129,20260414,6,1290,57,1,139.07,0.07,129.34,Credit Card,Desktop
6399,3162,20260220,39,853,31,1,187.32,0.15,159.22,Credit Card,Desktop
6400,2969,20261112,5,394,87,2,663.59,0.25,995.38,Credit Card,Mobile
6401,742,20260126,4,626,37,3,839.01,0.28,1812.26,PayPal,Desktop
6402,1303,20261204,8,1237,63,1,823.41,0.07,765.77,PayPal,Mobile
6403,1949,20260801,8,1645,98,3,886.67,0.18,2181.21,Credit Card,Desktop
6404,2549,20260314,38,35,2,3,685.19,0.1,1850.01,PayPal,Mobile
6405,3133,20260919,7,1022,6,2,329.92,0.04,633.45,PayPal,Mobile
6406,3877,20261004,15,1745,81,1,810.68,0.2,648.54,Credit Card,Mobile
6407,1055,20260911,3,460,8,2,517.58,0.08,952.35,Debit Card,Desktop
6408,2618,20261021,6,1020,29,1,212.04,0.21,167.51,Credit Card,Mobile
6409,2052,20260627,11,1557,21,2,544.53,0.07,1012.83,Credit Card,Mobile
6410,2512,20261118,45,997,79,3,884.65,0.26,1963.92,Debit Card,Desktop
6411,1579,20260528,29,18,82,1,433.84,0.02,425.16,Credit Card,Desktop
6412,434,20260326,9,549,2,4,91.38,0.04,350.9,Debit Card,Desktop
6413,1384,20260810,43,1674,28,3,320.25,0.19,778.21,Debit Card,Mobile
6414,1005,20261022,47,682,6,4,171.48,0.23,528.16,PayPal,Mobile
6415,2482,20260223,25,1110,89,3,277.83,0.08,766.81,PayPal,Desktop
6416,339,20260114,34,585,66,2,610.41,0.25,915.62,PayPal,Desktop
6417,2392,20260702,18,1506,77,1,308.0,0.27,224.84,Debit Card,Mobile
6418,2699,20260630,49,113,37,3,330.01,0.25,742.52,Debit Card,Desktop
6419,1835,20260606,24,844,30,2,992.05,0.2,1587.28,PayPal,Desktop
6420,1574,20261028,21,207,37,1,51.8,0.08,47.66,Debit Card,Desktop
6421,1987,20260606,20,1059,9,1,449.61,0.24,341.7,Debit Card,Desktop
6422,2096,20260323,49,1047,69,3,351.22,0.21,832.39,PayPal,Desktop
6423,3625,20260602,36,1251,30,1,409.96,0.26,303.37,Credit Card,Desktop
6424,2286,20260502,19,318,10,3,982.14,0.14,2533.92,Credit Card,Mobile
6425,2530,20260425,32,697,34,1,788.02,0.21,622.54,PayPal,Mobile
6426,3668,20261112,9,1533,100,4,253.92,0.15,863.33,Debit Card,Mobile
6427,1055,20260705,8,337,41,2,288.79,0.05,548.7,Credit Card,Mobile
6428,402,20260927,12,590,61,4,693.53,0.08,2552.19,Credit Card,Mobile
6429,3743,20260428,10,90,57,3,975.92,0.26,2166.54,Debit Card,Mobile
6430,1956,20261103,4,1932,87,4,508.87,0.06,1913.35,Credit Card,Desktop
6431,3788,20260501,39,1141,85,3,203.14,0.18,499.72,PayPal,Desktop
6432,653,20260822,7,2,68,1,249.25,0.29,176.97,Debit Card,Mobile
6433,3805,20261124,35,1828,23,1,487.04,0.11,433.47,Debit Card,Mobile
6434,1152,20260323,50,1569,48,3,950.12,0.16,2394.3,Credit Card,Mobile
6435,2310,20261013,46,1412,75,4,547.15,0.23,1685.22,PayPal,Mobile
6436,3909,20260928,39,1271,35,1,166.34,0.03,161.35,Credit Card,Mobile
6437,964,20260912,19,277,100,2,827.01,0.21,1306.68,PayPal,Mobile
6438,3762,20260730,38,1527,84,1,292.45,0.06,274.9,Debit Card,Desktop
6439,1163,20260407,37,1387,59,2,820.22,0.06,1542.01,PayPal,Mobile
6440,1108,20261102,4,1698,73,4,472.57,0.19,1531.13,PayPal,Mobile
6441,803,20260405,41,1989,99,2,326.49,0.08,600.74,Credit Card,Mobile
6442,3956,20261110,49,942,29,2,662.95,0.2,1060.72,Credit Card,Desktop
6443,932,20260409,1,1347,67,2,260.47,0.09,474.06,PayPal,Desktop
6444,980,20260329,37,1509,4,2,340.49,0.14,585.64,Debit Card,Mobile
6445,1499,20260311,32,1269,70,1,129.38,0.27,94.45,PayPal,Desktop
6446,1243,20261104,8,1166,65,2,985.44,0.01,1951.17,PayPal,Mobile
6447,1192,20260830,42,1277,47,1,776.97,0.3,543.88,Credit Card,Mobile
6448,3337,20260814,5,729,19,2,414.71,0.17,688.42,PayPal,Mobile
6449,1899,20260213,32,1038,74,3,135.52,0.23,313.05,Debit Card,Mobile
6450,231,20260807,7,1801,69,4,435.41,0.26,1288.81,Credit Card,Mobile
6451,3078,20260710,10,956,57,2,312.24,0.29,443.38,Debit Card,Mobile
6452,399,20260301,25,282,44,3,682.1,0.04,1964.45,Debit Card,Desktop
6453,884,20260217,25,1762,53,2,73.28,0.01,145.09,PayPal,Desktop
6454,3190,20260830,31,1317,31,2,867.89,0.07,1614.28,PayPal,Desktop
6455,374,20260819,48,1420,70,2,972.96,0.25,1459.44,Debit Card,Desktop
6456,3527,20260915,4,1897,23,3,120.81,0.12,318.94,Credit Card,Mobile
6457,787,20261031,27,397,61,4,814.69,0.16,2737.36,Credit Card,Desktop
6458,2136,20260227,3,1524,27,3,138.7,0.18,341.2,PayPal,Mobile
6459,1805,20260127,2,744,5,4,196.52,0.05,746.78,Debit Card,Desktop
6460,715,20261211,44,718,21,2,330.08,0.22,514.92,Credit Card,Mobile
6461,1612,20260616,22,1954,97,1,317.28,0.27,231.61,PayPal,Desktop
6462,1772,20260911,39,189,39,2,407.26,0.24,619.04,Debit Card,Desktop
6463,1577,20261101,22,462,46,4,954.56,0.02,3741.88,PayPal,Desktop
6464,653,20260323,17,895,55,3,841.36,0.06,2372.64,Debit Card,Desktop
6465,1974,20260306,25,152,64,2,209.0,0.27,305.14,Debit Card,Desktop
6466,3079,20261029,22,1925,22,3,61.27,0.24,139.7,Credit Card,Desktop
6467,3202,20260329,28,534,19,3,707.48,0.11,1888.97,Debit Card,Desktop
6468,1114,20261106,15,988,11,3,477.4,0.02,1403.56,PayPal,Desktop
6469,3484,20260121,49,1646,66,2,709.87,0.06,1334.56,PayPal,Desktop
6470,504,20260424,23,779,44,3,115.64,0.13,301.82,Credit Card,Desktop
6471,3040,20260405,41,1498,88,3,930.63,0.03,2708.13,Debit Card,Desktop
6472,94,20260404,44,1519,34,2,292.31,0.03,567.08,Credit Card,Desktop
6473,2150,20261109,27,1716,71,3,976.94,0.02,2872.2,Credit Card,Mobile
6474,3656,20260623,23,1030,83,2,550.94,0.22,859.47,Credit Card,Desktop
6475,1837,20260514,24,1568,79,4,354.65,0.19,1149.07,Debit Card,Desktop
6476,3777,20260514,11,1295,75,4,176.34,0.22,550.18,PayPal,Mobile
6477,3266,20260605,31,669,52,4,252.35,0.16,847.9,PayPal,Desktop
6478,2163,20261027,21,127,89,3,980.57,0.27,2147.45,Debit Card,Desktop
6479,953,20260904,4,1556,66,1,930.09,0.23,716.17,Credit Card,Desktop
6480,3947,20260929,29,1070,87,1,55.42,0.26,41.01,PayPal,Desktop
6481,3667,20260711,39,1850,29,3,152.89,0.25,344.0,PayPal,Mobile
6482,2925,20260526,42,1153,79,1,442.09,0.02,433.25,PayPal,Mobile
6483,3686,20260826,7,42,2,2,369.39,0.06,694.45,PayPal,Mobile
6484,2509,20261115,42,790,25,1,963.28,0.11,857.32,Debit Card,Mobile
6485,228,20261014,24,418,24,3,854.9,0.11,2282.58,Credit Card,Mobile
6486,83,20260712,5,591,40,3,122.49,0.21,290.3,Debit Card,Desktop
6487,2909,20260225,37,1703,85,2,640.69,0.14,1101.99,Debit Card,Mobile
6488,1344,20261203,34,1952,2,4,104.48,0.13,363.59,Debit Card,Mobile
6489,2962,20260320,34,1828,76,3,723.7,0.23,1671.75,Debit Card,Mobile
6490,3410,20260206,13,1812,5,2,962.27,0.14,1655.1,Credit Card,Desktop
6491,1084,20260115,27,1708,59,1,638.15,0.03,619.01,PayPal,Mobile
6492,959,20261010,31,443,82,1,492.0,0.24,373.92,Credit Card,Desktop
6493,2497,20261020,11,1005,40,2,804.92,0.13,1400.56,Debit Card,Mobile
6494,2611,20260213,39,1868,84,2,90.98,0.29,129.19,Debit Card,Desktop
6495,1893,20260530,4,130,66,3,98.96,0.18,243.44,Credit Card,Mobile
6496,1632,20260709,25,1524,10,1,648.23,0.21,512.1,PayPal,Mobile
6497,1388,20260713,16,1661,59,2,139.06,0.16,233.62,Credit Card,Mobile
6498,26,20260913,10,1537,18,1,109.24,0.01,108.15,Credit Card,Mobile
6499,894,20260328,40,86,41,2,717.12,0.17,1190.42,Credit Card,Mobile
6500,3119,20260304,35,1861,9,1,926.57,0.25,694.93,PayPal,Desktop
6501,2409,20261017,8,11,49,4,236.14,0.08,869.0,Debit Card,Desktop
6502,266,20261112,3,1718,15,3,542.25,0.14,1399.0,Debit Card,Desktop
6503,3183,20260210,28,470,23,1,127.48,0.24,96.88,PayPal,Mobile
6504,1054,20260319,50,277,76,4,394.66,0.17,1310.27,Debit Card,Desktop
6505,258,20260304,32,41,20,1,461.0,0.04,442.56,Debit Card,Desktop
6506,1295,20260604,21,74,21,1,797.36,0.18,653.84,PayPal,Desktop
6507,2123,20260322,43,1976,19,4,906.0,0.03,3515.28,Debit Card,Desktop
6508,1912,20261122,23,1266,43,1,548.63,0.1,493.77,Credit Card,Mobile
6509,3144,20260531,9,858,28,1,184.57,0.08,169.8,Credit Card,Desktop
6510,2578,20260402,21,589,65,3,265.79,0.2,637.9,Debit Card,Desktop
6511,630,20260305,1,317,3,4,851.67,0.29,2418.74,Debit Card,Mobile
6512,534,20261220,1,482,14,4,246.04,0.24,747.96,PayPal,Desktop
6513,3345,20260819,30,574,40,2,454.05,0.22,708.32,PayPal,Mobile
6514,45,20260402,32,1868,25,1,534.77,0.15,454.55,PayPal,Mobile
6515,2508,20260123,28,472,5,3,925.12,0.27,2026.01,PayPal,Desktop
6516,3428,20260802,28,358,73,1,421.84,0.13,367.0,Debit Card,Mobile
6517,2494,20261120,28,1937,84,1,198.83,0.24,151.11,Debit Card,Mobile
6518,2019,20261123,8,850,39,2,89.49,0.24,136.02,PayPal,Desktop
6519,2614,20260512,33,1739,34,1,988.06,0.29,701.52,PayPal,Desktop
6520,3878,20260728,8,503,89,3,376.96,0.14,972.56,PayPal,Desktop
6521,1908,20260226,33,1529,75,3,377.34,0.08,1041.46,Credit Card,Mobile
6522,881,20260924,10,1920,100,2,913.48,0.14,1571.19,Credit Card,Desktop
6523,3098,20260713,47,1095,81,1,454.94,0.1,409.45,Debit Card,Mobile
6524,3156,20260913,19,878,89,3,868.18,0.23,2005.5,Debit Card,Desktop
6525,3655,20261118,47,62,93,1,311.38,0.02,305.15,Credit Card,Mobile
6526,1576,20261126,27,669,97,1,145.12,0.09,132.06,PayPal,Desktop
6527,2266,20260703,12,441,18,1,904.16,0.06,849.91,Credit Card,Desktop
6528,1588,20260620,27,1055,21,2,737.08,0.07,1370.97,Credit Card,Desktop
6529,1243,20260706,39,1847,82,1,781.85,0.2,625.48,Credit Card,Mobile
6530,3,20260424,8,414,30,3,849.21,0.18,2089.06,PayPal,Desktop
6531,320,20261124,24,1377,59,1,426.88,0.24,324.43,Debit Card,Mobile
6532,472,20260220,6,730,96,3,918.51,0.26,2039.09,PayPal,Mobile
6533,284,20261122,23,499,79,1,411.43,0.05,390.86,Debit Card,Mobile
6534,1896,20261008,47,1884,52,3,119.64,0.11,319.44,Debit Card,Mobile
6535,3680,20261023,39,919,82,3,786.99,0.11,2101.26,Debit Card,Mobile
6536,2481,20260708,49,1609,98,1,892.63,0.25,669.47,Credit Card,Mobile
6537,2473,20260709,36,1699,12,1,111.14,0.2,88.91,Credit Card,Mobile
6538,906,20261126,1,73,18,3,599.34,0.08,1654.18,Debit Card,Desktop
6539,1537,20260426,22,814,73,4,181.41,0.0,725.64,Debit Card,Mobile
6540,2268,20260817,1,1709,82,2,661.08,0.19,1070.95,PayPal,Mobile
6541,3569,20260715,26,1659,57,4,870.33,0.28,2506.55,Debit Card,Mobile
6542,1010,20261222,6,1530,8,4,659.28,0.03,2558.01,Debit Card,Desktop
6543,3495,20260428,31,161,36,1,866.57,0.15,736.58,Credit Card,Desktop
6544,549,20260406,38,453,4,2,460.28,0.27,672.01,Debit Card,Desktop
6545,815,20260715,33,1503,26,4,894.18,0.08,3290.58,PayPal,Mobile
6546,551,20260731,45,1107,93,1,522.36,0.21,412.66,PayPal,Desktop
6547,1165,20260609,43,972,34,4,878.47,0.11,3127.35,Credit Card,Desktop
6548,2082,20260908,38,992,21,4,883.27,0.04,3391.76,PayPal,Desktop
6549,2310,20260620,36,1931,76,1,826.0,0.14,710.36,PayPal,Mobile
6550,1413,20260406,45,605,4,1,929.48,0.09,845.83,PayPal,Desktop
6551,1230,20260319,41,1212,79,1,166.01,0.0,166.01,Debit Card,Mobile
6552,1825,20260226,34,659,36,2,773.01,0.25,1159.51,Debit Card,Mobile
6553,2955,20261017,23,902,91,4,751.96,0.19,2436.35,PayPal,Desktop
6554,1766,20260716,39,362,28,1,936.84,0.29,665.16,Credit Card,Desktop
6555,35,20260504,3,1528,86,3,930.07,0.22,2176.36,PayPal,Mobile
6556,801,20261202,39,686,85,4,379.09,0.11,1349.56,Credit Card,Desktop
6557,3369,20260724,32,1369,96,3,708.53,0.14,1828.01,Credit Card,Mobile
6558,1484,20260331,34,1474,63,2,826.28,0.05,1569.93,Credit Card,Mobile
6559,480,20260424,5,912,45,1,999.82,0.22,779.86,Credit Card,Desktop
6560,804,20260502,27,291,38,3,683.68,0.11,1825.43,PayPal,Mobile
6561,2373,20260305,20,638,29,2,370.06,0.1,666.11,PayPal,Desktop
6562,281,20261008,15,663,88,1,501.82,0.14,431.57,PayPal,Mobile
6563,2789,20260628,38,172,8,3,901.24,0.2,2162.98,Debit Card,Desktop
6564,714,20261003,22,888,21,3,901.77,0.23,2083.09,PayPal,Desktop
6565,816,20260420,44,1595,26,2,630.37,0.24,958.16,Credit Card,Desktop
6566,2456,20260212,40,290,71,1,778.88,0.0,778.88,Debit Card,Desktop
6567,1934,20261013,31,677,14,1,328.6,0.2,262.88,Debit Card,Mobile
6568,194,20260723,45,1209,57,3,674.44,0.24,1537.72,PayPal,Desktop
6569,2429,20260119,7,1401,83,3,835.54,0.11,2230.89,Credit Card,Desktop
6570,1128,20260722,19,162,54,3,542.09,0.17,1349.8,Debit Card,Mobile
6571,357,20260416,21,782,97,1,144.38,0.27,105.4,PayPal,Desktop
6572,3066,20260609,9,204,67,2,966.1,0.05,1835.59,Credit Card,Desktop
6573,1006,20261221,49,838,32,2,673.51,0.0,1347.02,Credit Card,Mobile
6574,1333,20261217,11,297,77,1,400.86,0.04,384.83,PayPal,Mobile
6575,817,20260807,45,1834,8,4,828.19,0.12,2915.23,Debit Card,Mobile
6576,2655,20261114,43,596,66,2,539.78,0.13,939.22,Debit Card,Desktop
6577,122,20260519,1,951,83,3,342.52,0.26,760.39,Debit Card,Desktop
6578,3024,20261212,32,961,38,4,775.14,0.29,2201.4,Credit Card,Desktop
6579,3242,20260804,23,1778,13,4,830.74,0.22,2591.91,PayPal,Mobile
6580,717,20260219,24,455,32,2,431.31,0.06,810.86,PayPal,Desktop
6581,1447,20260411,30,1409,65,4,87.77,0.14,301.93,Debit Card,Desktop
6582,3389,20260129,22,48,59,4,480.55,0.02,1883.76,PayPal,Desktop
6583,2358,20260807,42,1380,46,2,455.42,0.28,655.8,Credit Card,Desktop
6584,194,20261231,27,1051,79,2,190.58,0.02,373.54,Debit Card,Desktop
6585,557,20260627,25,1564,33,4,866.54,0.22,2703.6,Debit Card,Desktop
6586,740,20260224,44,558,2,3,666.08,0.08,1838.38,PayPal,Desktop
6587,2109,20260411,14,652,75,1,590.36,0.16,495.9,Debit Card,Mobile
6588,2704,20260104,44,319,1,4,55.08,0.02,215.91,PayPal,Desktop
6589,3635,20260224,36,250,76,4,418.1,0.07,1555.33,Credit Card,Mobile
6590,2427,20260902,37,1653,29,3,127.16,0.03,370.04,PayPal,Mobile
6591,527,20261109,7,847,43,4,557.57,0.26,1650.41,Credit Card,Mobile
6592,1483,20260926,30,863,96,4,957.34,0.14,3293.25,Credit Card,Mobile
6593,2920,20260919,29,1401,41,1,80.39,0.16,67.53,PayPal,Mobile
6594,3206,20260306,6,684,17,1,440.92,0.09,401.24,PayPal,Mobile
6595,3416,20260328,26,1787,56,1,534.85,0.27,390.44,Debit Card,Mobile
6596,845,20260907,6,1733,79,2,950.71,0.06,1787.33,Debit Card,Desktop
6597,564,20261019,46,1990,96,2,283.68,0.07,527.64,Debit Card,Desktop
6598,2527,20260404,16,1951,63,1,794.25,0.1,714.83,Debit Card,Desktop
6599,523,20260202,21,896,97,1,138.19,0.16,116.08,Debit Card,Desktop
6600,1867,20260226,11,961,13,2,414.2,0.18,679.29,Debit Card,Desktop
6601,2192,20261001,6,1779,95,3,708.57,0.12,1870.62,Credit Card,Desktop
6602,770,20260304,13,581,52,4,272.56,0.1,981.22,Credit Card,Desktop
6603,2600,20260609,33,904,42,4,992.14,0.12,3492.33,Debit Card,Desktop
6604,1292,20261127,20,1452,33,1,757.66,0.13,659.16,PayPal,Mobile
6605,2001,20260228,14,1260,72,3,539.52,0.27,1181.55,PayPal,Mobile
6606,3709,20260224,21,1045,70,2,770.24,0.27,1124.55,Debit Card,Desktop
6607,1440,20260524,4,447,99,1,830.34,0.27,606.15,Credit Card,Desktop
6608,1554,20260203,24,111,70,3,247.6,0.23,571.96,PayPal,Desktop
6609,3768,20260615,28,1413,96,3,708.64,0.19,1722.0,Credit Card,Desktop
6610,321,20260517,15,631,12,3,328.5,0.27,719.41,Credit Card,Desktop
6611,2852,20260503,50,1311,32,2,659.15,0.16,1107.37,Debit Card,Mobile
6612,3388,20260114,9,1252,94,2,452.74,0.23,697.22,PayPal,Desktop
6613,3132,20260804,11,1945,92,4,846.93,0.11,3015.07,Credit Card,Desktop
6614,3654,20260913,39,478,28,4,650.18,0.26,1924.53,Debit Card,Desktop
6615,3469,20261215,7,69,95,3,512.64,0.08,1414.89,PayPal,Desktop
6616,3070,20260414,50,1561,15,3,606.14,0.27,1327.45,PayPal,Mobile
6617,2750,20261227,18,73,80,2,102.22,0.0,204.44,PayPal,Mobile
6618,1956,20260621,48,1402,15,4,750.21,0.15,2550.71,Debit Card,Mobile
6619,3931,20261218,4,433,11,3,743.4,0.04,2140.99,PayPal,Mobile
6620,1785,20260812,45,737,13,4,427.51,0.08,1573.24,PayPal,Desktop
6621,2934,20260901,42,1275,60,4,533.34,0.15,1813.36,PayPal,Desktop
6622,2971,20260629,32,1269,94,3,860.88,0.19,2091.94,Debit Card,Desktop
6623,1198,20261225,39,178,59,2,601.93,0.03,1167.74,PayPal,Desktop
6624,222,20260802,25,1207,91,3,113.68,0.26,252.37,Credit Card,Mobile
6625,395,20261123,2,1104,84,3,731.87,0.24,1668.66,PayPal,Mobile
6626,3942,20260310,26,804,67,4,773.83,0.2,2476.26,Debit Card,Desktop
6627,3859,20260316,25,1924,43,3,66.85,0.07,186.51,Credit Card,Mobile
6628,1072,20260126,7,198,35,2,884.32,0.27,1291.11,Credit Card,Mobile
6629,390,20260815,15,443,44,3,997.81,0.11,2664.15,Credit Card,Desktop
6630,1019,20261104,46,1292,97,2,404.88,0.13,704.49,PayPal,Desktop
6631,1108,20261219,41,1393,73,2,117.12,0.01,231.9,Credit Card,Desktop
6632,2137,20260128,28,1112,57,4,335.97,0.1,1209.49,Debit Card,Mobile
6633,1685,20260315,32,772,20,1,710.02,0.17,589.32,Credit Card,Mobile
6634,3075,20260621,5,575,93,1,335.02,0.1,301.52,Credit Card,Mobile
6635,3753,20260626,33,1284,25,4,753.98,0.28,2171.46,PayPal,Desktop
6636,3555,20261013,38,1461,47,3,831.95,0.19,2021.64,Credit Card,Mobile
6637,131,20260402,34,1569,43,4,876.64,0.27,2559.79,PayPal,Mobile
6638,3554,20260609,12,573,14,2,95.35,0.23,146.84,PayPal,Desktop
6639,751,20260117,16,1635,63,1,254.18,0.21,200.8,PayPal,Mobile
6640,2595,20260422,10,638,9,4,123.74,0.09,450.41,Debit Card,Desktop
6641,1976,20260305,26,333,10,3,811.78,0.17,2021.33,Debit Card,Desktop
6642,3006,20261107,47,1941,38,4,860.88,0.2,2754.82,PayPal,Mobile
6643,3341,20261125,7,1014,18,1,629.21,0.03,610.33,Debit Card,Desktop
6644,1396,20261005,6,1850,62,4,778.6,0.02,3052.11,Debit Card,Mobile
6645,329,20260909,15,295,36,4,699.66,0.13,2434.82,PayPal,Mobile
6646,2404,20261206,25,1673,11,1,873.03,0.28,628.58,PayPal,Desktop
6647,378,20261224,40,812,51,2,661.68,0.19,1071.92,Credit Card,Desktop
6648,1738,20260217,21,1897,89,2,312.53,0.15,531.3,PayPal,Desktop
6649,3781,20260917,14,905,66,1,464.08,0.25,348.06,Debit Card,Desktop
6650,1897,20260825,8,365,9,4,141.7,0.27,413.76,PayPal,Mobile
6651,354,20261222,32,778,93,1,672.95,0.18,551.82,PayPal,Desktop
6652,2005,20260101,41,24,1,2,682.56,0.23,1051.14,Credit Card,Mobile
6653,3174,20261128,11,1509,36,3,466.63,0.26,1035.92,Debit Card,Desktop
6654,1189,20260404,13,1,90,4,470.33,0.3,1316.92,Credit Card,Mobile
6655,3092,20261107,3,861,37,2,567.84,0.15,965.33,Debit Card,Desktop
6656,2698,20261016,49,1752,70,4,342.14,0.18,1122.22,Debit Card,Desktop
6657,1114,20261104,39,1455,25,1,668.57,0.15,568.28,PayPal,Mobile
6658,684,20260104,25,1133,52,3,249.04,0.17,620.11,PayPal,Desktop
6659,1504,20260114,24,1987,95,1,665.76,0.06,625.81,Debit Card,Desktop
6660,3675,20260527,25,1817,42,3,361.3,0.21,856.28,Credit Card,Mobile
6661,1715,20261024,19,421,3,4,186.15,0.22,580.79,PayPal,Mobile
6662,1887,20260424,24,40,34,4,172.52,0.05,655.58,Credit Card,Mobile
6663,978,20260325,45,1634,48,1,450.48,0.09,409.94,PayPal,Mobile
6664,1515,20261020,48,1325,83,3,317.18,0.27,694.62,Debit Card,Mobile
6665,2702,20260220,28,865,23,3,322.15,0.17,802.15,Credit Card,Desktop
6666,2276,20260909,10,1650,88,4,466.47,0.0,1865.88,PayPal,Mobile
6667,592,20260904,17,648,68,1,963.71,0.02,944.44,PayPal,Desktop
6668,2407,20260520,16,1225,78,3,157.55,0.14,406.48,Debit Card,Desktop
6669,3201,20261105,41,459,97,4,282.38,0.26,835.84,PayPal,Mobile
6670,2159,20260506,29,1678,55,2,530.2,0.22,827.11,PayPal,Mobile
6671,2380,20261010,34,307,45,1,733.74,0.12,645.69,PayPal,Mobile
6672,1777,20260818,35,210,49,2,249.87,0.26,369.81,Debit Card,Mobile
6673,3311,20260314,41,1236,91,1,287.0,0.01,284.13,PayPal,Mobile
6674,3002,20260903,41,738,18,4,566.25,0.15,1925.25,Credit Card,Mobile
6675,3747,20260712,39,828,4,3,944.89,0.08,2607.9,PayPal,Mobile
6676,3723,20260417,50,1264,93,3,932.71,0.05,2658.22,Debit Card,Mobile
6677,2948,20261005,10,837,85,3,424.88,0.05,1210.91,PayPal,Desktop
6678,1842,20260405,26,902,59,1,557.88,0.27,407.25,PayPal,Desktop
6679,2748,20261003,46,469,90,4,860.71,0.29,2444.42,PayPal,Desktop
6680,2494,20260208,3,735,84,2,556.14,0.02,1090.03,PayPal,Desktop
6681,3225,20260516,37,1833,73,4,912.01,0.15,3100.83,Credit Card,Mobile
6682,1150,20260117,3,1370,55,2,393.47,0.21,621.68,Credit Card,Desktop
6683,965,20260313,16,311,36,1,418.52,0.02,410.15,PayPal,Desktop
6684,2164,20260913,35,561,100,1,228.42,0.11,203.29,PayPal,Mobile
6685,1612,20261111,6,434,19,2,559.7,0.12,985.07,PayPal,Desktop
6686,3981,20260111,31,374,34,2,430.21,0.28,619.5,Debit Card,Desktop
6687,3136,20260415,10,1655,51,2,619.45,0.1,1115.01,PayPal,Desktop
6688,3805,20260118,44,1448,39,4,60.68,0.04,233.01,Credit Card,Desktop
6689,111,20260926,38,1274,76,2,786.04,0.24,1194.78,PayPal,Desktop
6690,2329,20260811,11,1606,90,1,904.41,0.28,651.18,Debit Card,Desktop
6691,3569,20261220,18,1263,4,1,65.6,0.1,59.04,Debit Card,Desktop
6692,1535,20260425,18,463,37,3,377.5,0.18,928.65,Debit Card,Mobile
6693,1605,20260715,7,1466,8,2,848.83,0.19,1375.1,Debit Card,Desktop
6694,584,20261021,10,330,19,4,624.94,0.13,2174.79,PayPal,Desktop
6695,2765,20260607,6,1549,42,4,876.74,0.11,3121.19,Credit Card,Mobile
6696,557,20260118,30,1588,47,4,59.95,0.15,203.83,PayPal,Mobile
6697,2505,20260901,31,1565,89,3,850.25,0.24,1938.57,Debit Card,Mobile
6698,444,20261003,17,734,31,1,707.29,0.27,516.32,PayPal,Desktop
6699,3812,20261129,28,1057,10,4,614.62,0.0,2458.48,Credit Card,Mobile
6700,104,20260912,26,1254,99,1,374.94,0.0,374.94,PayPal,Mobile
6701,1419,20260628,37,449,75,3,397.65,0.27,870.85,PayPal,Mobile
6702,1458,20260315,28,694,24,2,873.3,0.08,1606.87,Credit Card,Mobile
6703,2196,20260307,40,634,36,2,141.12,0.22,220.15,Credit Card,Mobile
6704,1531,20261115,42,175,58,2,811.61,0.17,1347.27,Debit Card,Mobile
6705,325,20260417,21,889,75,4,940.88,0.07,3500.07,Debit Card,Mobile
6706,2760,20260904,49,892,77,2,62.6,0.22,97.66,Debit Card,Mobile
6707,855,20260107,27,1851,15,4,847.5,0.25,2542.5,PayPal,Mobile
6708,169,20260313,46,1653,65,3,542.95,0.15,1384.52,PayPal,Mobile
6709,102,20260202,44,770,74,3,480.71,0.06,1355.6,PayPal,Mobile
6710,543,20260929,35,903,67,4,188.0,0.08,691.84,PayPal,Desktop
6711,961,20260311,1,1600,83,1,530.05,0.29,376.34,Credit Card,Desktop
6712,1472,20260129,4,657,50,2,392.59,0.02,769.48,Credit Card,Mobile
6713,1673,20260224,4,538,90,2,592.41,0.04,1137.43,PayPal,Desktop
6714,2512,20260928,36,140,71,2,588.89,0.1,1060.0,Debit Card,Desktop
6715,3866,20260108,28,724,40,4,614.52,0.07,2286.01,Debit Card,Mobile
6716,2628,20261115,4,1408,48,3,782.23,0.27,1713.08,Debit Card,Desktop
6717,1635,20260606,25,314,29,2,553.01,0.01,1094.96,Credit Card,Mobile
6718,2658,20260710,20,558,81,3,422.87,0.0,1268.61,Debit Card,Mobile
6719,3441,20260704,50,1378,100,2,59.99,0.03,116.38,PayPal,Mobile
6720,1536,20260621,25,887,8,2,100.0,0.12,176.0,Debit Card,Mobile
6721,3493,20260628,24,1319,48,4,636.7,0.25,1910.1,PayPal,Desktop
6722,2354,20260808,14,1692,61,1,363.34,0.16,305.21,PayPal,Mobile
6723,1997,20261026,18,463,60,4,141.41,0.18,463.82,Credit Card,Mobile
6724,339,20261227,45,1620,99,2,231.16,0.26,342.12,PayPal,Desktop
6725,1867,20260110,28,1857,35,2,612.87,0.01,1213.48,Debit Card,Mobile
6726,934,20260607,11,166,13,1,227.93,0.2,182.34,Credit Card,Mobile
6727,2760,20260308,9,481,63,3,465.01,0.12,1227.63,Debit Card,Mobile
6728,898,20261120,16,16,79,3,935.21,0.03,2721.46,PayPal,Mobile
6729,666,20260220,16,1006,69,2,996.87,0.11,1774.43,Credit Card,Mobile
6730,3023,20260608,12,1055,57,3,416.58,0.24,949.8,Debit Card,Mobile
6731,3682,20260706,36,805,53,2,446.0,0.12,784.96,PayPal,Mobile
6732,167,20261204,3,102,92,1,960.52,0.28,691.57,Debit Card,Desktop
6733,1342,20261225,31,1705,48,1,765.98,0.16,643.42,Credit Card,Mobile
6734,2820,20260610,48,1649,43,2,306.08,0.21,483.61,Debit Card,Mobile
6735,1860,20261014,40,1980,92,1,653.92,0.29,464.28,Debit Card,Mobile
6736,3569,20260525,8,712,86,4,885.92,0.29,2516.01,PayPal,Mobile
6737,3640,20260601,39,1348,77,4,307.54,0.12,1082.54,Debit Card,Desktop
6738,3555,20260226,27,1882,47,1,481.44,0.01,476.63,Debit Card,Mobile
6739,1483,20260722,19,1755,41,2,421.34,0.16,707.85,PayPal,Desktop
6740,1635,20260501,15,1020,64,2,788.41,0.19,1277.22,Debit Card,Desktop
6741,2533,20260704,39,94,22,1,624.27,0.27,455.72,PayPal,Mobile
6742,544,20260522,15,1832,72,3,317.49,0.23,733.4,Credit Card,Desktop
6743,1104,20260403,33,1734,40,4,225.32,0.13,784.11,PayPal,Mobile
6744,1577,20260927,11,1124,67,3,665.72,0.03,1937.25,Credit Card,Desktop
6745,245,20260422,43,767,97,2,726.71,0.16,1220.87,Credit Card,Mobile
6746,818,20260214,5,1388,26,2,675.35,0.02,1323.69,Debit Card,Desktop
6747,3673,20260228,1,336,63,3,824.47,0.28,1780.86,PayPal,Desktop
6748,3402,20260901,37,1616,25,1,228.28,0.09,207.73,Debit Card,Mobile
6749,3303,20260331,48,226,62,3,265.33,0.19,644.75,Debit Card,Mobile
6750,2284,20261109,11,1805,22,3,713.99,0.26,1585.06,Debit Card,Desktop
6751,3822,20261208,18,1355,26,4,949.65,0.3,2659.02,Credit Card,Mobile
6752,2792,20261121,44,1015,39,4,719.91,0.09,2620.47,Credit Card,Desktop
6753,1850,20260607,13,1250,62,3,474.64,0.01,1409.68,Credit Card,Desktop
6754,1399,20260223,29,994,76,3,758.56,0.1,2048.11,PayPal,Mobile
6755,3035,20260717,19,538,20,2,168.47,0.27,245.97,Debit Card,Mobile
6756,1068,20260214,22,642,10,4,530.74,0.18,1740.83,PayPal,Mobile
6757,2105,20260529,28,486,40,4,149.25,0.28,429.84,PayPal,Desktop
6758,3168,20260104,6,1374,58,2,113.34,0.13,197.21,Credit Card,Desktop
6759,1254,20260509,21,435,32,1,626.5,0.04,601.44,Debit Card,Desktop
6760,1562,20260402,40,196,36,4,69.07,0.25,207.21,Debit Card,Mobile
6761,314,20260714,23,1805,61,4,700.64,0.09,2550.33,Credit Card,Mobile
6762,1107,20260901,1,1483,80,1,454.19,0.29,322.47,Credit Card,Mobile
6763,282,20260517,1,1267,1,4,118.12,0.15,401.61,Debit Card,Mobile
6764,2692,20261021,20,1851,45,4,405.62,0.19,1314.21,Credit Card,Desktop
6765,3511,20261026,45,1335,46,1,390.51,0.08,359.27,Debit Card,Mobile
6766,2249,20261005,3,1958,60,1,512.02,0.06,481.3,Credit Card,Desktop
6767,2120,20260807,4,1096,33,3,740.15,0.25,1665.34,Credit Card,Mobile
6768,574,20260715,30,1462,22,2,836.39,0.09,1522.23,Credit Card,Mobile
6769,72,20261101,20,1482,50,2,623.93,0.14,1073.16,Debit Card,Desktop
6770,29,20260624,25,1376,1,1,53.05,0.01,52.52,Debit Card,Desktop
6771,2096,20260305,6,1718,66,1,690.37,0.18,566.1,Debit Card,Mobile
6772,2614,20260419,25,490,92,4,100.12,0.05,380.46,Credit Card,Desktop
6773,910,20260404,28,1256,42,3,208.01,0.23,480.5,Credit Card,Desktop
6774,3648,20260417,3,680,75,3,188.83,0.19,458.86,Credit Card,Desktop
6775,3455,20260826,10,337,54,1,272.13,0.06,255.8,PayPal,Desktop
6776,3252,20260514,49,705,27,4,610.22,0.02,2392.06,PayPal,Desktop
6777,396,20260408,13,1387,85,4,780.42,0.25,2341.26,Debit Card,Desktop
6778,1556,20260601,4,1465,4,2,187.81,0.02,368.11,PayPal,Desktop
6779,2870,20260322,21,184,34,2,493.7,0.26,730.68,PayPal,Mobile
6780,374,20260228,5,1246,79,4,921.02,0.12,3241.99,Credit Card,Mobile
6781,203,20260811,42,1559,21,2,398.83,0.09,725.87,PayPal,Desktop
6782,167,20260528,3,846,17,1,890.96,0.05,846.41,PayPal,Mobile
6783,1475,20260327,30,1248,79,4,229.87,0.08,845.92,Credit Card,Desktop
6784,2304,20261021,37,343,20,2,335.58,0.26,496.66,Debit Card,Mobile
6785,1320,20261125,12,1222,35,3,508.46,0.26,1128.78,PayPal,Desktop
6786,419,20260823,11,1055,100,4,387.6,0.11,1379.86,PayPal,Desktop
6787,2009,20260812,27,868,45,4,241.76,0.06,909.02,Debit Card,Mobile
6788,687,20260418,9,1285,10,3,126.27,0.0,378.81,Credit Card,Mobile
6789,2113,20261126,32,730,27,1,772.16,0.21,610.01,PayPal,Desktop
6790,2095,20260402,14,1689,43,3,120.01,0.09,327.63,Debit Card,Desktop
6791,2918,20260821,41,474,80,4,324.11,0.15,1101.97,Debit Card,Mobile
6792,1523,20261015,19,441,5,1,708.48,0.11,630.55,PayPal,Mobile
6793,1392,20260624,12,1976,9,2,704.79,0.28,1014.9,Debit Card,Mobile
6794,3235,20260908,25,861,3,2,235.91,0.3,330.27,Debit Card,Mobile
6795,1949,20260511,50,658,54,2,496.7,0.29,705.31,Credit Card,Mobile
6796,160,20261007,14,1678,3,4,94.1,0.27,274.77,Credit Card,Mobile
6797,1386,20260222,24,219,23,3,729.95,0.06,2058.46,Credit Card,Desktop
6798,628,20261102,36,728,34,1,536.42,0.04,514.96,Credit Card,Desktop
6799,945,20260306,41,273,53,2,938.7,0.12,1652.11,PayPal,Mobile
6800,3722,20260228,31,218,44,1,330.22,0.1,297.2,PayPal,Mobile
6801,1609,20260517,32,1114,57,4,355.76,0.25,1067.28,Debit Card,Mobile
6802,3120,20260210,39,206,27,2,695.04,0.19,1125.96,Credit Card,Desktop
6803,717,20261002,46,1406,51,4,333.59,0.06,1254.3,Credit Card,Desktop
6804,2788,20260701,3,426,25,3,803.44,0.12,2121.08,PayPal,Desktop
6805,3590,20261016,22,911,11,4,720.41,0.03,2795.19,PayPal,Desktop
6806,411,20260507,23,601,44,4,217.19,0.21,686.32,Debit Card,Mobile
6807,2989,20260821,31,896,82,3,968.67,0.28,2092.33,Credit Card,Desktop
6808,1351,20260104,28,583,3,1,885.5,0.26,655.27,PayPal,Mobile
6809,2188,20260108,28,1043,78,3,641.41,0.23,1481.66,Credit Card,Desktop
6810,2030,20260107,37,803,73,3,507.62,0.17,1263.97,PayPal,Mobile
6811,2333,20261208,42,253,81,4,548.38,0.03,2127.71,PayPal,Desktop
6812,1885,20261015,18,797,16,1,971.53,0.27,709.22,Credit Card,Mobile
6813,36,20261204,3,291,38,2,129.3,0.21,204.29,Credit Card,Desktop
6814,1339,20260622,34,1558,51,3,157.42,0.25,354.19,Credit Card,Desktop
6815,3603,20260418,31,71,17,1,366.57,0.06,344.58,PayPal,Desktop
6816,3315,20260729,35,756,70,3,964.65,0.15,2459.86,PayPal,Desktop
6817,3743,20260419,5,122,92,3,116.12,0.12,306.56,PayPal,Desktop
6818,1249,20260701,45,1262,33,3,870.07,0.23,2009.86,Debit Card,Mobile
6819,2804,20261111,19,1535,26,3,938.13,0.22,2195.22,Credit Card,Mobile
6820,2716,20260624,3,1910,27,4,385.98,0.15,1312.33,PayPal,Mobile
6821,2349,20261205,27,85,72,1,783.91,0.14,674.16,PayPal,Desktop
6822,775,20261008,22,1777,67,1,413.89,0.14,355.95,Debit Card,Mobile
6823,1073,20260511,37,567,99,1,906.54,0.06,852.15,Debit Card,Mobile
6824,3954,20260221,36,888,6,3,210.38,0.21,498.6,Debit Card,Mobile
6825,2559,20261126,33,221,71,4,970.49,0.0,3881.96,Credit Card,Desktop
6826,2952,20260125,47,1492,80,3,670.62,0.26,1488.78,PayPal,Mobile
6827,3053,20260612,7,598,1,3,167.92,0.29,357.67,Debit Card,Mobile
6828,2884,20261013,16,1382,35,1,381.22,0.2,304.98,Debit Card,Desktop
6829,3723,20260324,15,1605,54,3,971.76,0.21,2303.07,Debit Card,Mobile
6830,1853,20260404,9,656,89,2,213.17,0.12,375.18,Debit Card,Mobile
6831,1169,20261225,22,434,77,3,596.15,0.26,1323.45,PayPal,Desktop
6832,108,20260107,35,1955,11,2,854.89,0.04,1641.39,Debit Card,Desktop
6833,2756,20261229,16,1903,74,3,647.65,0.04,1865.23,PayPal,Desktop
6834,761,20260928,29,1626,56,4,668.78,0.23,2059.84,PayPal,Mobile
6835,2249,20260110,7,339,20,4,589.97,0.16,1982.3,Debit Card,Desktop
6836,654,20260719,50,1571,69,1,166.78,0.08,153.44,Credit Card,Desktop
6837,3450,20260101,30,1203,91,3,203.33,0.18,500.19,Credit Card,Desktop
6838,416,20261212,44,652,80,2,284.5,0.26,421.06,Credit Card,Mobile
6839,481,20260829,29,113,18,2,374.5,0.06,704.06,PayPal,Desktop
6840,7,20260415,35,798,7,3,277.28,0.18,682.11,Debit Card,Mobile
6841,2255,20260828,30,369,99,2,775.18,0.28,1116.26,Debit Card,Mobile
6842,2805,20260828,8,663,30,4,132.1,0.04,507.26,Credit Card,Mobile
6843,764,20260113,22,1948,49,2,57.02,0.28,82.11,PayPal,Desktop
6844,3692,20260520,5,391,31,1,472.79,0.08,434.97,Credit Card,Mobile
6845,929,20260702,40,596,70,4,136.87,0.12,481.78,PayPal,Desktop
6846,809,20260322,6,754,39,4,183.96,0.2,588.67,Credit Card,Mobile
6847,846,20261031,42,1973,84,4,886.49,0.18,2907.69,Debit Card,Mobile
6848,2624,20260507,22,402,91,3,122.27,0.25,275.11,Debit Card,Desktop
6849,1716,20260912,46,401,43,3,133.56,0.12,352.6,Credit Card,Desktop
6850,2617,20260616,9,436,18,4,210.33,0.15,715.12,Debit Card,Mobile
6851,766,20260608,46,1220,58,3,535.94,0.1,1447.04,PayPal,Mobile
6852,1456,20261231,29,935,41,2,292.88,0.25,439.32,PayPal,Mobile
6853,2741,20261125,39,1017,1,3,260.15,0.05,741.43,PayPal,Desktop
6854,362,20260531,10,402,89,3,56.19,0.13,146.66,PayPal,Mobile
6855,1071,20260615,30,1031,27,4,316.85,0.05,1204.03,Credit Card,Desktop
6856,581,20260621,32,1300,3,1,63.81,0.12,56.15,Credit Card,Desktop
6857,68,20261020,44,710,17,1,159.28,0.03,154.5,Debit Card,Desktop
6858,1219,20260413,11,952,20,1,830.08,0.12,730.47,PayPal,Mobile
6859,3878,20260406,17,1402,41,2,915.65,0.12,1611.54,Debit Card,Mobile
6860,3869,20260718,50,986,79,3,512.13,0.15,1305.93,Debit Card,Desktop
6861,3505,20261204,12,792,77,1,340.49,0.14,292.82,PayPal,Desktop
6862,365,20261230,45,477,27,4,234.76,0.27,685.5,Credit Card,Mobile
6863,3287,20260907,47,1127,18,1,634.3,0.17,526.47,Credit Card,Desktop
6864,2730,20260101,31,248,78,1,212.46,0.28,152.97,PayPal,Desktop
6865,2553,20260206,7,1756,70,3,331.78,0.18,816.18,Debit Card,Mobile
6866,3895,20260607,8,1997,54,3,748.01,0.11,1997.19,PayPal,Mobile
6867,1337,20260417,45,308,51,3,567.49,0.17,1413.05,Credit Card,Desktop
6868,3976,20260921,33,939,73,2,886.64,0.25,1329.96,Debit Card,Desktop
6869,45,20260206,37,1872,49,2,341.51,0.03,662.53,Debit Card,Mobile
6870,2543,20261211,13,324,94,1,938.85,0.18,769.86,Debit Card,Desktop
6871,2068,20260928,22,1632,6,3,619.14,0.27,1355.92,Debit Card,Mobile
6872,3156,20260408,15,585,95,1,102.1,0.21,80.66,PayPal,Desktop
6873,1921,20260206,14,51,84,4,124.43,0.01,492.74,Credit Card,Mobile
6874,2616,20260928,37,1705,43,4,644.06,0.29,1829.13,PayPal,Mobile
6875,632,20261222,3,952,20,3,702.71,0.18,1728.67,Credit Card,Mobile
6876,3015,20260124,36,308,29,3,799.93,0.07,2231.8,Credit Card,Desktop
6877,988,20260204,41,1566,80,4,150.29,0.04,577.11,PayPal,Desktop
6878,3374,20260829,43,938,78,3,923.38,0.07,2576.23,Credit Card,Desktop
6879,1793,20261010,35,1683,21,2,991.7,0.12,1745.39,Credit Card,Desktop
6880,747,20260104,9,1215,99,2,653.08,0.21,1031.87,Debit Card,Desktop
6881,1066,20260618,33,772,44,3,148.85,0.08,410.83,Debit Card,Desktop
6882,3359,20260412,2,783,68,4,72.46,0.12,255.06,Credit Card,Desktop
6883,2605,20261213,20,1658,73,1,692.43,0.25,519.32,PayPal,Mobile
6884,207,20261028,12,1727,76,3,530.45,0.13,1384.47,PayPal,Mobile
6885,2121,20260202,18,487,83,3,248.06,0.23,573.02,Credit Card,Mobile
6886,2252,20260529,8,1546,10,1,903.51,0.17,749.91,PayPal,Desktop
6887,87,20261030,41,692,1,3,439.7,0.27,962.94,Debit Card,Desktop
6888,1157,20261020,19,490,22,1,961.5,0.02,942.27,Debit Card,Mobile
6889,2663,20261030,1,291,91,4,207.79,0.17,689.86,PayPal,Desktop
6890,3262,20261129,27,178,87,2,300.52,0.28,432.75,Debit Card,Mobile
6891,1119,20261217,4,1065,95,4,963.49,0.24,2929.01,PayPal,Desktop
6892,1753,20260228,15,272,31,2,947.22,0.2,1515.55,PayPal,Mobile
6893,3016,20260411,21,989,92,1,515.51,0.29,366.01,PayPal,Desktop
6894,3798,20260209,11,359,54,2,85.78,0.14,147.54,PayPal,Desktop
6895,527,20261104,24,1907,69,4,304.36,0.22,949.6,Credit Card,Desktop
6896,2020,20260212,34,151,16,2,812.35,0.07,1510.97,Debit Card,Desktop
6897,2050,20260523,18,1651,62,1,728.83,0.12,641.37,Credit Card,Mobile
6898,3246,20260329,7,1590,8,2,700.4,0.19,1134.65,Credit Card,Mobile
6899,3511,20260623,44,1766,44,3,545.34,0.26,1210.65,PayPal,Mobile
6900,3751,20260220,8,1693,7,4,573.37,0.16,1926.52,Credit Card,Desktop
6901,3054,20260716,24,512,44,3,93.36,0.06,263.28,PayPal,Desktop
6902,399,20260918,18,1970,7,1,204.86,0.18,167.99,PayPal,Mobile
6903,934,20260313,6,818,64,2,708.59,0.1,1275.46,Debit Card,Desktop
6904,2298,20260126,38,369,60,3,185.72,0.03,540.45,PayPal,Desktop
6905,1884,20260828,6,1117,10,3,536.95,0.21,1272.57,PayPal,Mobile
6906,3679,20260930,29,1531,6,2,268.07,0.15,455.72,Debit Card,Mobile
6907,2936,20260107,17,972,30,2,665.98,0.23,1025.61,Credit Card,Mobile
6908,387,20260405,14,233,91,4,997.97,0.05,3792.29,Credit Card,Desktop
6909,3506,20260919,6,1702,95,3,214.06,0.19,520.17,Debit Card,Mobile
6910,1564,20260111,37,952,69,3,310.33,0.09,847.2,PayPal,Desktop
6911,906,20260317,20,1188,97,1,806.59,0.17,669.47,Credit Card,Mobile
6912,2950,20260216,47,1248,29,4,611.21,0.13,2127.01,Credit Card,Desktop
6913,2534,20260704,24,183,86,1,56.87,0.08,52.32,Credit Card,Mobile
6914,3179,20261119,25,1760,50,3,91.59,0.01,272.02,Credit Card,Desktop
6915,1589,20260103,44,1482,52,1,417.74,0.28,300.77,PayPal,Desktop
6916,2763,20260731,9,1631,83,3,345.27,0.21,818.29,Credit Card,Desktop
6917,3763,20260306,5,1049,14,3,554.38,0.23,1280.62,PayPal,Desktop
6918,3198,20261021,18,522,33,1,423.54,0.04,406.6,Credit Card,Desktop
6919,1267,20260709,32,1549,60,1,467.94,0.26,346.28,Credit Card,Mobile
6920,803,20260424,42,1977,52,2,791.5,0.12,1393.04,Credit Card,Mobile
6921,32,20261229,43,1984,35,2,973.39,0.02,1907.84,PayPal,Desktop
6922,3540,20260226,13,140,80,2,503.21,0.21,795.07,Credit Card,Mobile
6923,1735,20260813,34,1888,49,3,103.1,0.24,235.07,Credit Card,Desktop
6924,1487,20260310,36,1180,28,1,144.88,0.16,121.7,Debit Card,Desktop
6925,1972,20261202,3,1596,47,4,98.45,0.24,299.29,PayPal,Desktop
6926,3407,20260215,27,651,50,3,835.61,0.24,1905.19,Debit Card,Desktop
6927,1293,20261221,26,799,54,4,314.35,0.2,1005.92,Debit Card,Mobile
6928,460,20260621,6,1684,16,1,485.47,0.24,368.96,Credit Card,Mobile
6929,2692,20260911,2,1419,44,3,67.05,0.16,168.97,PayPal,Mobile
6930,2416,20260708,12,1647,53,4,591.19,0.15,2010.05,Credit Card,Desktop
6931,321,20260623,23,58,92,4,180.39,0.14,620.54,PayPal,Mobile
6932,3270,20260407,41,1052,83,2,379.86,0.25,569.79,Debit Card,Mobile
6933,2754,20260922,49,1371,89,2,446.9,0.15,759.73,PayPal,Mobile
6934,3907,20260106,10,330,76,2,828.17,0.06,1556.96,PayPal,Desktop
6935,3555,20261004,8,1416,89,3,404.96,0.04,1166.28,Credit Card,Mobile
6936,2229,20261231,37,1693,28,1,278.42,0.27,203.25,Credit Card,Mobile
6937,3819,20260524,27,706,71,1,56.99,0.07,53.0,Debit Card,Mobile
6938,1390,20260224,28,682,95,2,897.12,0.01,1776.3,Credit Card,Mobile
6939,2755,20260630,48,1673,77,2,477.6,0.15,811.92,Credit Card,Desktop
6940,1889,20261109,48,1233,73,2,103.49,0.2,165.58,Credit Card,Desktop
6941,279,20260720,50,1219,98,4,233.26,0.18,765.09,PayPal,Mobile
6942,1721,20260922,18,1087,97,2,776.79,0.23,1196.26,PayPal,Mobile
6943,3887,20260714,27,163,53,4,176.43,0.18,578.69,PayPal,Mobile
6944,1946,20260719,5,933,91,1,955.9,0.2,764.72,Debit Card,Desktop
6945,2790,20260405,37,1448,39,3,617.84,0.21,1464.28,PayPal,Mobile
6946,3501,20261219,18,1449,70,3,415.49,0.03,1209.08,PayPal,Desktop
6947,2608,20261004,17,198,89,3,566.98,0.03,1649.91,Credit Card,Desktop
6948,3082,20260617,31,73,47,3,840.8,0.24,1917.02,Credit Card,Desktop
6949,1762,20260622,11,544,38,4,935.42,0.01,3704.26,PayPal,Mobile
6950,3056,20261006,47,1100,69,4,755.66,0.24,2297.21,PayPal,Desktop
6951,1508,20260815,2,208,29,2,540.77,0.18,886.86,PayPal,Mobile
6952,1796,20261023,18,1717,92,4,240.86,0.14,828.56,Credit Card,Desktop
6953,3426,20260328,40,1671,85,2,70.85,0.07,131.78,PayPal,Desktop
6954,715,20260419,35,1360,98,2,574.5,0.27,838.77,Credit Card,Desktop
6955,1945,20260109,35,896,88,3,328.31,0.05,935.68,PayPal,Mobile
6956,758,20260703,14,841,85,4,848.65,0.28,2444.11,Credit Card,Desktop
6957,2337,20260427,1,496,40,4,270.97,0.15,921.3,Debit Card,Desktop
6958,3292,20260608,16,1975,98,2,426.93,0.15,725.78,Credit Card,Mobile
6959,1213,20260122,39,793,72,2,872.01,0.18,1430.1,Debit Card,Mobile
6960,771,20260907,4,1602,61,1,487.47,0.22,380.23,PayPal,Mobile
6961,2954,20261021,37,1251,83,1,639.37,0.21,505.1,PayPal,Desktop
6962,79,20260723,39,1177,48,2,473.62,0.02,928.3,Credit Card,Mobile
6963,1655,20260121,47,1986,21,1,254.62,0.25,190.97,Debit Card,Desktop
6964,2975,20261221,41,1219,5,1,427.94,0.02,419.38,Credit Card,Mobile
6965,2419,20260627,45,704,48,2,480.95,0.27,702.19,Credit Card,Mobile
6966,302,20260129,23,874,99,2,776.9,0.09,1413.96,Debit Card,Mobile
6967,1839,20260122,11,1018,48,4,947.86,0.11,3374.38,Debit Card,Mobile
6968,1308,20260406,35,1164,23,2,70.66,0.03,137.08,PayPal,Mobile
6969,1883,20261016,2,241,96,2,715.5,0.1,1287.9,Credit Card,Desktop
6970,3960,20261229,43,935,24,3,422.8,0.22,989.35,Credit Card,Mobile
6971,2490,20260320,13,1702,100,4,896.49,0.08,3299.08,Credit Card,Mobile
6972,3755,20261128,24,862,63,4,492.23,0.28,1417.62,Debit Card,Desktop
6973,838,20260712,12,568,15,4,418.57,0.16,1406.4,Debit Card,Desktop
6974,2476,20260321,33,1992,71,3,447.64,0.29,953.47,PayPal,Mobile
6975,2596,20260907,19,896,45,2,469.24,0.14,807.09,PayPal,Desktop
6976,1616,20261213,20,751,12,4,762.33,0.16,2561.43,PayPal,Mobile
6977,1087,20260522,25,1103,88,4,180.67,0.17,599.82,Credit Card,Desktop
6978,2733,20260216,34,1005,27,1,428.59,0.04,411.45,Debit Card,Mobile
6979,1611,20260214,16,532,81,4,573.23,0.14,1971.91,Credit Card,Desktop
6980,1988,20260526,29,616,57,2,581.8,0.14,1000.7,Debit Card,Mobile
6981,3908,20261027,2,396,9,2,473.48,0.22,738.63,PayPal,Desktop
6982,3887,20260402,27,1984,8,1,522.44,0.26,386.61,Debit Card,Desktop
6983,2992,20260813,12,1949,2,4,684.24,0.23,2107.46,Debit Card,Mobile
6984,2192,20261207,19,827,23,4,829.49,0.1,2986.16,Credit Card,Mobile
6985,1354,20260727,6,1089,93,4,248.78,0.23,766.24,Debit Card,Desktop
6986,261,20260228,19,1828,10,3,378.83,0.03,1102.4,PayPal,Mobile
6987,2056,20261231,42,1724,62,4,545.2,0.19,1766.45,PayPal,Mobile
6988,2708,20260930,33,875,41,2,761.3,0.22,1187.63,Credit Card,Desktop
6989,3209,20260812,7,1013,2,2,846.21,0.24,1286.24,PayPal,Desktop
6990,152,20261018,7,1838,89,3,275.08,0.12,726.21,Debit Card,Desktop
6991,1263,20261221,5,1512,18,3,873.71,0.06,2463.86,Debit Card,Desktop
6992,3831,20260711,48,1232,47,4,368.11,0.21,1163.23,PayPal,Desktop
6993,3822,20261015,13,1884,41,1,479.72,0.24,364.59,Credit Card,Desktop
6994,3344,20261006,12,326,60,3,276.56,0.0,829.68,PayPal,Mobile
6995,206,20260212,4,294,11,3,253.6,0.02,745.58,PayPal,Desktop
6996,3133,20261104,35,521,57,4,542.9,0.01,2149.88,PayPal,Desktop
6997,1011,20260620,19,1407,83,4,391.91,0.21,1238.44,Credit Card,Mobile
6998,280,20261014,13,261,85,3,221.45,0.27,484.98,PayPal,Mobile
6999,1704,20261009,25,1189,93,1,802.41,0.19,649.95,Debit Card,Mobile
7000,2148,20260703,18,799,77,3,608.24,0.19,1478.02,PayPal,Desktop
7001,1857,20260416,21,1046,35,4,181.3,0.29,514.89,Debit Card,Desktop
7002,777,20260314,30,110,81,4,500.48,0.27,1461.4,Credit Card,Desktop
7003,1134,20260603,23,1155,70,3,422.75,0.18,1039.97,PayPal,Mobile
7004,3332,20261105,2,1175,39,1,108.22,0.12,95.23,Debit Card,Mobile
7005,3460,20260128,28,596,52,3,825.56,0.04,2377.61,PayPal,Desktop
7006,2418,20260915,36,1024,23,3,900.92,0.28,1945.99,Debit Card,Desktop
7007,994,20260603,6,292,94,4,419.4,0.29,1191.1,PayPal,Desktop
7008,3879,20260313,12,940,40,1,702.97,0.01,695.94,PayPal,Mobile
7009,2113,20261217,6,1404,11,2,588.76,0.01,1165.74,Credit Card,Mobile
7010,1398,20260120,42,198,18,1,222.59,0.23,171.39,PayPal,Desktop
7011,132,20260210,21,596,14,3,249.7,0.15,636.73,PayPal,Desktop
7012,2002,20261209,1,3,99,3,365.32,0.3,767.17,PayPal,Desktop
7013,221,20260913,49,95,27,3,502.3,0.02,1476.76,Credit Card,Mobile
7014,3114,20260809,30,1044,96,1,75.25,0.07,69.98,Debit Card,Mobile
7015,3608,20260324,35,635,55,4,454.85,0.29,1291.77,Debit Card,Mobile
7016,856,20260209,9,448,30,3,787.62,0.25,1772.14,PayPal,Desktop
7017,3927,20260512,31,484,8,3,280.57,0.21,664.95,PayPal,Desktop
7018,2544,20261008,28,1814,96,1,375.71,0.05,356.92,Debit Card,Desktop
7019,609,20261105,9,556,27,2,961.78,0.13,1673.5,Credit Card,Mobile
7020,1458,20261215,24,1930,65,2,682.04,0.02,1336.8,PayPal,Mobile
7021,1955,20261112,35,245,35,4,209.98,0.06,789.52,Credit Card,Mobile
7022,1846,20260618,4,937,64,4,494.0,0.2,1580.8,PayPal,Mobile
7023,1408,20260603,20,1508,61,3,290.97,0.21,689.6,Debit Card,Desktop
7024,1532,20260205,49,1421,54,1,147.95,0.25,110.96,PayPal,Desktop
7025,1223,20260418,11,793,38,3,161.26,0.01,478.94,Debit Card,Desktop
7026,1751,20260429,34,588,48,4,593.3,0.08,2183.34,PayPal,Mobile
7027,2346,20261229,1,394,45,1,144.57,0.0,144.57,PayPal,Desktop
7028,780,20260915,44,384,89,1,726.42,0.04,697.36,Debit Card,Desktop
7029,291,20260118,39,317,50,4,846.52,0.15,2878.17,Debit Card,Mobile
7030,2252,20260226,50,899,21,2,758.61,0.05,1441.36,PayPal,Mobile
7031,3825,20260908,48,1825,100,2,286.95,0.29,407.47,PayPal,Desktop
7032,2657,20261019,40,1689,41,1,966.1,0.01,956.44,PayPal,Mobile
7033,1658,20261216,43,1292,35,3,649.17,0.17,1616.43,Credit Card,Mobile
7034,1366,20260626,2,353,10,2,443.35,0.06,833.5,Credit Card,Mobile
7035,3935,20260918,1,83,69,3,498.01,0.21,1180.28,Credit Card,Mobile
7036,538,20260307,48,342,6,2,988.74,0.11,1759.96,PayPal,Mobile
7037,3139,20261022,4,1084,74,2,732.58,0.12,1289.34,PayPal,Mobile
7038,1831,20260530,8,1712,2,3,453.43,0.02,1333.08,Credit Card,Desktop
7039,3314,20260829,30,1689,46,4,870.16,0.05,3306.61,PayPal,Mobile
7040,181,20260304,26,858,42,2,909.33,0.06,1709.54,Credit Card,Desktop
7041,1496,20260921,30,1469,55,2,554.31,0.22,864.72,Credit Card,Mobile
7042,1740,20260827,2,489,45,3,950.74,0.06,2681.09,Credit Card,Mobile
7043,64,20261219,26,1685,26,4,340.1,0.26,1006.7,Credit Card,Desktop
7044,1432,20260201,10,1730,36,2,936.52,0.21,1479.7,Credit Card,Desktop
7045,2604,20261108,48,643,56,2,822.96,0.23,1267.36,Debit Card,Desktop
7046,3168,20261002,41,1910,85,4,444.9,0.14,1530.46,PayPal,Desktop
7047,1139,20260730,11,1463,65,2,633.32,0.28,911.98,Debit Card,Mobile
7048,56,20260109,45,225,28,4,54.79,0.27,159.99,Debit Card,Desktop
7049,2997,20260408,7,36,98,4,474.98,0.08,1747.93,Debit Card,Mobile
7050,740,20260917,10,666,93,3,821.14,0.06,2315.61,PayPal,Mobile
7051,3702,20260425,11,1316,94,1,506.84,0.23,390.27,Credit Card,Mobile
7052,1403,20260501,18,243,61,4,305.14,0.01,1208.35,Debit Card,Desktop
7053,3337,20260708,28,161,6,3,488.73,0.3,1026.33,PayPal,Mobile
7054,354,20260119,8,1085,49,1,68.05,0.11,60.56,Credit Card,Desktop
7055,882,20260913,41,1955,27,2,627.97,0.07,1168.02,Debit Card,Mobile
7056,2412,20260527,42,1383,50,1,103.29,0.12,90.9,Credit Card,Mobile
7057,1438,20260613,44,1077,7,4,971.64,0.1,3497.9,PayPal,Mobile
7058,1387,20260915,30,673,13,4,506.87,0.15,1723.36,PayPal,Mobile
7059,3013,20260226,47,1130,18,4,533.52,0.23,1643.24,Credit Card,Desktop
7060,1125,20260128,17,795,69,4,682.03,0.16,2291.62,PayPal,Desktop
7061,2219,20260109,6,501,65,4,150.13,0.06,564.49,Debit Card,Desktop
7062,2524,20260225,15,330,52,3,571.7,0.09,1560.74,PayPal,Desktop
7063,3530,20260615,29,512,30,4,480.89,0.02,1885.09,Debit Card,Mobile
7064,1646,20260204,3,709,38,3,94.86,0.11,253.28,PayPal,Desktop
7065,324,20260212,41,78,69,2,224.65,0.17,372.92,Credit Card,Desktop
7066,1285,20260326,27,1740,100,4,664.92,0.14,2287.32,PayPal,Mobile
7067,2071,20260811,28,1263,50,4,710.43,0.09,2585.97,Credit Card,Desktop
7068,348,20260716,48,1761,72,1,432.78,0.25,324.58,Credit Card,Mobile
7069,1283,20260214,33,883,39,2,720.84,0.3,1009.18,Credit Card,Desktop
7070,2020,20261015,21,458,26,4,818.45,0.01,3241.06,PayPal,Desktop
7071,3543,20260412,9,1028,81,4,157.24,0.08,578.64,PayPal,Desktop
7072,492,20261024,43,973,41,2,139.72,0.21,220.76,PayPal,Desktop
7073,1300,20261007,43,563,76,3,460.38,0.08,1270.65,Debit Card,Desktop
7074,1705,20261208,50,1163,98,4,699.87,0.05,2659.51,PayPal,Mobile
7075,986,20260623,4,23,26,1,785.07,0.16,659.46,Debit Card,Mobile
7076,1885,20261206,24,831,81,4,717.7,0.17,2382.76,Credit Card,Desktop
7077,3532,20260529,3,1039,67,1,636.25,0.22,496.28,Debit Card,Mobile
7078,984,20260529,6,1831,78,1,981.96,0.27,716.83,Credit Card,Desktop
7079,3319,20260325,29,1037,27,4,938.99,0.25,2816.97,Debit Card,Mobile
7080,3318,20260912,13,282,65,4,603.8,0.21,1908.01,Credit Card,Mobile
7081,3991,20260717,32,926,86,1,679.04,0.03,658.67,Credit Card,Mobile
7082,219,20260104,32,1786,29,2,264.61,0.01,523.93,Debit Card,Mobile
7083,1072,20260913,7,971,81,2,345.36,0.14,594.02,PayPal,Mobile
7084,74,20260915,4,58,97,4,308.4,0.16,1036.22,Credit Card,Mobile
7085,2815,20260427,41,346,93,3,276.86,0.25,622.94,Credit Card,Desktop
7086,33,20261008,6,192,94,2,609.33,0.08,1121.17,Credit Card,Mobile
7087,3541,20260225,47,1802,10,4,387.46,0.19,1255.37,PayPal,Mobile
7088,1092,20260827,19,512,83,2,779.47,0.28,1122.44,Debit Card,Desktop
7089,2996,20260528,48,1807,40,3,356.19,0.02,1047.2,Debit Card,Mobile
7090,3049,20260711,13,423,51,4,908.65,0.19,2944.03,Debit Card,Desktop
7091,2579,20260608,38,214,38,3,513.02,0.01,1523.67,PayPal,Desktop
7092,2758,20261219,39,1544,2,4,162.77,0.06,612.02,PayPal,Mobile
7093,3453,20260425,48,770,45,3,945.96,0.27,2071.65,Debit Card,Mobile
7094,3190,20261018,38,776,70,2,496.6,0.19,804.49,Credit Card,Mobile
7095,2377,20260713,8,789,94,2,433.01,0.21,684.16,PayPal,Mobile
7096,2766,20260823,33,1663,82,3,875.83,0.2,2101.99,Debit Card,Desktop
7097,1215,20260701,35,1502,55,3,483.15,0.27,1058.1,Debit Card,Desktop
7098,3722,20260815,30,1005,56,3,680.43,0.1,1837.16,Debit Card,Mobile
7099,2077,20261221,2,81,60,4,682.11,0.24,2073.61,Debit Card,Mobile
7100,2995,20260730,16,1599,61,2,548.25,0.06,1030.71,Credit Card,Mobile
7101,1158,20261017,45,192,86,4,276.86,0.14,952.4,PayPal,Mobile
7102,3343,20260811,22,920,7,2,523.82,0.15,890.49,Debit Card,Mobile
7103,1508,20261127,17,1721,52,1,828.12,0.27,604.53,Credit Card,Desktop
7104,3596,20260321,14,278,9,4,127.29,0.14,437.88,Credit Card,Mobile
7105,1798,20260102,44,1148,75,2,656.28,0.15,1115.68,Credit Card,Mobile
7106,3861,20260326,11,1206,85,2,984.02,0.23,1515.39,Debit Card,Desktop
7107,226,20260913,33,1071,69,4,428.43,0.23,1319.56,Credit Card,Desktop
7108,2385,20261217,47,141,89,4,80.29,0.18,263.35,PayPal,Mobile
7109,2660,20260802,6,709,95,2,171.03,0.21,270.23,Debit Card,Mobile
7110,3386,20260606,32,636,59,4,328.92,0.02,1289.37,Credit Card,Desktop
7111,458,20261005,46,901,97,3,755.43,0.15,1926.35,Credit Card,Desktop
7112,2400,20261109,25,491,33,4,552.01,0.09,2009.32,Credit Card,Desktop
7113,3516,20260711,4,1987,79,4,838.85,0.29,2382.33,Debit Card,Mobile
7114,3193,20260802,45,1582,51,4,936.81,0.19,3035.26,Debit Card,Mobile
7115,672,20260517,36,1362,64,2,60.29,0.18,98.88,Credit Card,Mobile
7116,3583,20260507,26,869,58,3,185.54,0.03,539.92,Credit Card,Mobile
7117,1906,20261213,8,952,15,1,872.49,0.02,855.04,Credit Card,Desktop
7118,2452,20260620,11,1468,6,1,730.02,0.17,605.92,Debit Card,Mobile
7119,2738,20260922,2,307,23,3,873.09,0.17,2173.99,Credit Card,Mobile
7120,1629,20260223,3,642,5,3,992.76,0.17,2471.97,Credit Card,Desktop
7121,369,20260717,31,488,38,3,153.54,0.28,331.65,Credit Card,Desktop
7122,1670,20261228,23,746,39,2,293.92,0.03,570.2,Debit Card,Mobile
7123,3825,20260404,22,746,76,1,960.42,0.26,710.71,Credit Card,Desktop
7124,2687,20260604,27,832,25,3,758.7,0.03,2207.82,Credit Card,Mobile
7125,2929,20260715,20,1043,52,2,239.82,0.15,407.69,Debit Card,Mobile
7126,856,20260128,21,368,41,1,474.13,0.09,431.46,PayPal,Mobile
7127,1499,20260202,15,815,34,4,983.49,0.03,3815.94,Debit Card,Mobile
7128,3458,20260721,41,1597,87,2,668.72,0.18,1096.7,Debit Card,Desktop
7129,852,20260917,17,133,40,1,643.81,0.25,482.86,Debit Card,Mobile
7130,3836,20260521,28,563,99,2,950.81,0.08,1749.49,PayPal,Mobile
7131,3758,20261217,2,1169,3,1,829.5,0.06,779.73,PayPal,Desktop
7132,311,20260411,34,568,6,1,965.29,0.22,752.93,Debit Card,Mobile
7133,2610,20261103,47,828,47,4,195.75,0.21,618.57,Credit Card,Mobile
7134,142,20260316,20,1267,84,2,921.69,0.03,1788.08,PayPal,Mobile
7135,3704,20260330,50,574,97,3,457.8,0.29,975.11,Credit Card,Desktop
7136,2298,20260830,7,1180,21,4,725.76,0.22,2264.37,PayPal,Mobile
7137,1570,20260705,14,490,73,4,96.26,0.18,315.73,PayPal,Mobile
7138,1602,20261204,9,651,75,1,281.68,0.29,199.99,Credit Card,Mobile
7139,3217,20261010,8,228,89,3,457.07,0.15,1165.53,PayPal,Mobile
7140,443,20261229,9,1047,99,2,328.42,0.17,545.18,PayPal,Mobile
7141,3568,20260102,16,1553,69,3,889.61,0.13,2321.88,Credit Card,Mobile
7142,475,20261202,27,1012,74,3,641.47,0.08,1770.46,Credit Card,Desktop
7143,2348,20260819,28,17,63,3,429.98,0.2,1031.95,PayPal,Mobile
7144,3751,20260218,10,486,30,3,498.73,0.18,1226.88,PayPal,Desktop
7145,1481,20261017,14,169,48,3,166.73,0.22,390.15,Credit Card,Desktop
7146,3516,20260810,30,1474,18,1,209.19,0.23,161.08,PayPal,Desktop
7147,3160,20260701,18,1472,89,1,713.15,0.19,577.65,Credit Card,Desktop
7148,2034,20260223,6,1549,55,4,303.14,0.13,1054.93,PayPal,Mobile
7149,318,20260930,35,1333,17,1,682.88,0.16,573.62,Debit Card,Desktop
7150,397,20260717,26,399,49,4,570.03,0.24,1732.89,Credit Card,Desktop
7151,2632,20260103,19,1319,90,4,251.34,0.13,874.66,PayPal,Desktop
7152,892,20260429,9,1962,18,2,184.44,0.21,291.42,Debit Card,Mobile
7153,2279,20260810,47,440,51,3,239.95,0.3,503.89,PayPal,Mobile
7154,1403,20260323,9,1913,67,1,373.39,0.03,362.19,Debit Card,Desktop
7155,1058,20260902,30,580,90,2,379.81,0.0,759.62,Credit Card,Desktop
7156,320,20260806,1,705,59,1,346.58,0.08,318.85,PayPal,Desktop
7157,1318,20261208,12,1548,45,4,745.52,0.12,2624.23,Credit Card,Mobile
7158,1225,20261024,18,1358,69,1,284.39,0.04,273.01,Credit Card,Desktop
7159,1512,20260711,21,1883,1,3,162.77,0.29,346.7,PayPal,Desktop
7160,2024,20260905,9,1469,70,4,352.23,0.24,1070.78,Credit Card,Desktop
7161,1735,20261209,12,710,92,4,477.95,0.27,1395.61,Credit Card,Mobile
7162,108,20261228,20,400,85,2,457.36,0.05,868.98,Debit Card,Desktop
7163,2245,20260305,31,338,37,3,296.1,0.26,657.34,PayPal,Desktop
7164,1428,20261027,12,1896,67,4,968.27,0.13,3369.58,PayPal,Mobile
7165,547,20260103,47,106,72,3,356.59,0.13,930.7,Credit Card,Mobile
7166,3497,20260111,1,1217,65,1,738.34,0.19,598.06,PayPal,Mobile
7167,530,20260329,23,363,81,3,998.27,0.17,2485.69,Credit Card,Mobile
7168,3143,20261128,10,401,82,4,718.23,0.18,2355.79,Debit Card,Desktop
7169,2990,20260909,11,1004,100,2,586.66,0.06,1102.92,PayPal,Mobile
7170,687,20261028,21,178,3,4,853.58,0.17,2833.89,Credit Card,Mobile
7171,3269,20260328,9,1729,47,3,505.23,0.17,1258.02,Debit Card,Mobile
7172,3028,20260620,43,514,28,3,799.38,0.21,1894.53,Credit Card,Desktop
7173,1228,20260118,4,1129,1,4,270.43,0.25,811.29,PayPal,Desktop
7174,1971,20260831,50,1094,14,3,659.75,0.0,1979.25,Debit Card,Mobile
7175,1343,20260627,10,602,49,1,96.76,0.11,86.12,Credit Card,Desktop
7176,2218,20261022,21,240,46,4,203.57,0.2,651.42,Credit Card,Mobile
7177,3754,20260313,25,1971,6,2,663.81,0.15,1128.48,Credit Card,Desktop
7178,449,20261220,7,1596,57,4,325.27,0.08,1196.99,Credit Card,Desktop
7179,1212,20261026,33,1476,63,1,903.16,0.07,839.94,Credit Card,Desktop
7180,3284,20260306,43,1592,3,1,712.05,0.18,583.88,Credit Card,Mobile
7181,1144,20260611,34,1413,27,1,622.09,0.13,541.22,Debit Card,Mobile
7182,2807,20261224,45,905,70,1,178.54,0.17,148.19,PayPal,Desktop
7183,3849,20261118,43,1763,24,1,515.73,0.1,464.16,PayPal,Desktop
7184,3109,20261211,21,1645,63,2,639.81,0.27,934.12,Credit Card,Desktop
7185,212,20260813,3,958,12,3,687.93,0.2,1651.03,PayPal,Mobile
7186,952,20261126,24,387,29,1,719.53,0.28,518.06,Debit Card,Mobile
7187,3824,20260628,31,368,26,1,642.87,0.03,623.58,Debit Card,Mobile
7188,1313,20260623,35,1971,93,4,765.63,0.03,2970.64,PayPal,Desktop
7189,2698,20260804,42,558,86,2,285.22,0.28,410.72,Credit Card,Desktop
7190,1245,20260129,10,1758,15,2,406.61,0.02,796.96,Credit Card,Desktop
7191,470,20261110,40,303,93,3,293.95,0.21,696.66,PayPal,Desktop
7192,1950,20260616,14,477,51,2,687.84,0.1,1238.11,PayPal,Desktop
7193,914,20260805,6,447,58,4,340.2,0.04,1306.37,Debit Card,Mobile
7194,238,20260101,8,1692,14,4,714.95,0.17,2373.63,Credit Card,Desktop
7195,3432,20260507,18,482,21,3,577.47,0.05,1645.79,Debit Card,Desktop
7196,3007,20260516,21,165,86,4,967.06,0.17,3210.64,PayPal,Mobile
7197,2720,20261125,22,1759,42,1,600.31,0.15,510.26,Credit Card,Desktop
7198,977,20261103,26,1187,72,1,157.15,0.09,143.01,Credit Card,Mobile
7199,2187,20260519,39,420,4,4,398.83,0.21,1260.3,Debit Card,Desktop
7200,285,20260126,3,1958,1,3,548.29,0.18,1348.79,Debit Card,Desktop
7201,2195,20260725,45,443,25,2,632.56,0.03,1227.17,Credit Card,Mobile
7202,690,20260723,25,1637,50,3,497.11,0.29,1058.84,Debit Card,Mobile
7203,1422,20261225,1,690,73,2,275.77,0.01,546.02,PayPal,Mobile
7204,2114,20261202,8,124,49,4,949.06,0.08,3492.54,Debit Card,Mobile
7205,1540,20260130,24,201,3,4,596.46,0.13,2075.68,Debit Card,Mobile
7206,2967,20260114,32,593,75,1,563.29,0.1,506.96,Debit Card,Desktop
7207,2433,20261220,13,175,68,2,389.5,0.16,654.36,Debit Card,Desktop
7208,3623,20260717,37,1976,32,3,746.28,0.1,2014.96,Debit Card,Desktop
7209,1681,20260919,34,1123,66,4,150.7,0.04,578.69,PayPal,Mobile
7210,2582,20260104,48,1143,49,3,495.51,0.28,1070.3,PayPal,Mobile
7211,164,20260401,41,1671,28,1,105.98,0.18,86.9,Credit Card,Desktop
7212,3026,20261118,28,264,32,2,787.69,0.04,1512.36,PayPal,Mobile
7213,467,20260617,6,1325,95,2,368.65,0.16,619.33,PayPal,Mobile
7214,404,20260326,24,1744,13,4,750.84,0.14,2582.89,PayPal,Mobile
7215,1275,20260819,9,540,50,2,997.61,0.26,1476.46,Debit Card,Desktop
7216,1041,20261225,43,1931,18,4,806.64,0.01,3194.29,Debit Card,Desktop
7217,1387,20260730,17,611,45,1,349.79,0.03,339.3,PayPal,Desktop
7218,1446,20260814,6,1219,51,2,589.77,0.29,837.47,Credit Card,Desktop
7219,3975,20261021,5,1700,85,4,861.07,0.18,2824.31,PayPal,Desktop
7220,88,20260115,22,622,83,3,708.08,0.18,1741.88,Debit Card,Desktop
7221,3784,20261020,24,297,15,4,451.64,0.19,1463.31,Debit Card,Desktop
7222,1871,20260507,50,1948,95,2,574.07,0.25,861.11,Credit Card,Mobile
7223,1648,20260823,32,731,90,1,905.64,0.12,796.96,Credit Card,Desktop
7224,3454,20261126,16,213,99,2,332.63,0.0,665.26,Debit Card,Desktop
7225,3773,20261029,23,1605,72,2,614.04,0.0,1228.08,Credit Card,Mobile
7226,3260,20260309,31,897,71,4,313.58,0.23,965.83,Credit Card,Desktop
7227,2556,20260425,27,1506,66,3,360.93,0.2,866.23,Credit Card,Mobile
7228,491,20261019,49,1591,54,2,182.1,0.04,349.63,Debit Card,Mobile
7229,938,20260416,23,370,54,3,863.72,0.18,2124.75,Credit Card,Mobile
7230,711,20260825,27,704,43,4,997.52,0.29,2832.96,PayPal,Mobile
7231,404,20260415,13,688,84,3,170.82,0.29,363.85,Debit Card,Mobile
7232,337,20260820,43,1989,71,4,924.4,0.26,2736.22,Credit Card,Mobile
7233,2637,20260414,41,1858,8,1,663.81,0.25,497.86,Credit Card,Mobile
7234,177,20260616,18,1700,93,3,869.13,0.21,2059.84,Debit Card,Desktop
7235,2231,20260608,50,1472,48,3,66.22,0.14,170.85,Credit Card,Mobile
7236,1209,20260227,45,1039,29,1,772.17,0.1,694.95,Debit Card,Desktop
7237,2276,20260401,30,696,25,3,953.38,0.28,2059.3,PayPal,Mobile
7238,3476,20260918,16,487,49,1,295.71,0.28,212.91,Debit Card,Mobile
7239,3566,20260226,38,850,33,2,377.39,0.25,566.09,Debit Card,Desktop
7240,2505,20260202,14,1472,7,4,409.3,0.06,1538.97,Credit Card,Mobile
7241,2262,20260324,46,1601,66,1,141.27,0.23,108.78,Credit Card,Desktop
7242,343,20260102,45,1687,43,3,140.87,0.05,401.48,Debit Card,Desktop
7243,359,20260515,9,1942,97,1,970.45,0.25,727.84,Debit Card,Mobile
7244,3944,20260402,45,400,38,3,148.65,0.16,374.6,Credit Card,Mobile
7245,3693,20260829,20,546,90,2,596.29,0.02,1168.73,PayPal,Desktop
7246,1790,20261119,48,796,75,1,397.42,0.14,341.78,PayPal,Desktop
7247,3414,20260319,7,210,63,2,376.63,0.12,662.87,Credit Card,Mobile
7248,2827,20260123,31,1418,35,4,266.75,0.29,757.57,Credit Card,Desktop
7249,3319,20260624,40,1477,23,3,411.6,0.29,876.71,Credit Card,Mobile
7250,731,20260125,9,474,58,3,938.23,0.06,2645.81,Credit Card,Desktop
7251,2712,20260717,47,395,95,2,345.56,0.3,483.78,PayPal,Desktop
7252,1850,20260213,41,1524,21,4,820.54,0.19,2658.55,Credit Card,Mobile
7253,2514,20260205,11,906,97,1,350.9,0.29,249.14,Credit Card,Mobile
7254,2583,20260129,17,258,7,1,450.59,0.14,387.51,PayPal,Mobile
7255,2841,20260217,16,154,6,3,523.73,0.23,1209.82,Credit Card,Mobile
7256,2790,20261110,50,538,51,2,874.98,0.01,1732.46,Credit Card,Mobile
7257,1276,20260619,38,698,50,2,226.64,0.28,326.36,Debit Card,Desktop
7258,2246,20261230,39,734,27,1,379.08,0.01,375.29,Debit Card,Mobile
7259,2169,20260311,15,1692,74,4,486.41,0.21,1537.06,Credit Card,Mobile
7260,1260,20260327,18,1083,70,4,373.51,0.06,1404.4,PayPal,Mobile
7261,3347,20260909,47,1456,56,1,784.3,0.12,690.18,Debit Card,Desktop
7262,874,20260831,37,722,77,1,804.63,0.09,732.21,Credit Card,Mobile
7263,681,20260512,42,1580,38,2,452.52,0.23,696.88,Debit Card,Mobile
7264,2788,20260513,5,1944,10,4,480.9,0.17,1596.59,Debit Card,Mobile
7265,2229,20260918,44,1943,16,1,302.1,0.24,229.6,PayPal,Mobile
7266,1092,20260316,44,556,82,1,205.19,0.19,166.2,PayPal,Desktop
7267,3263,20260523,20,1098,39,3,481.39,0.24,1097.57,PayPal,Desktop
7268,3572,20261207,48,636,39,1,425.33,0.19,344.52,Debit Card,Mobile
7269,1508,20261225,30,288,80,1,299.35,0.04,287.38,PayPal,Mobile
7270,1965,20260512,5,450,26,4,175.88,0.22,548.75,PayPal,Mobile
7271,1806,20260519,26,1610,37,2,272.59,0.16,457.95,PayPal,Desktop
7272,3004,20260301,39,721,42,4,944.73,0.04,3627.76,Debit Card,Desktop
7273,2968,20261123,37,1594,15,2,924.51,0.27,1349.78,Credit Card,Desktop
7274,1693,20260330,30,904,82,3,846.92,0.0,2540.76,PayPal,Mobile
7275,1888,20260131,36,55,31,1,946.62,0.29,672.1,PayPal,Mobile
7276,209,20260511,46,981,44,3,430.32,0.12,1136.04,Credit Card,Mobile
7277,2624,20261103,38,1950,25,2,132.85,0.2,212.56,PayPal,Mobile
7278,344,20260922,33,1722,93,4,938.11,0.17,3114.53,Credit Card,Desktop
7279,1243,20260107,35,1308,42,4,470.29,0.19,1523.74,Debit Card,Mobile
7280,1417,20260705,7,1403,12,3,84.97,0.15,216.67,Debit Card,Desktop
7281,1620,20260310,50,1300,53,2,487.58,0.15,828.89,Credit Card,Mobile
7282,1609,20260829,11,1383,60,3,938.01,0.21,2223.08,PayPal,Mobile
7283,505,20260608,20,552,47,3,268.54,0.15,684.78,Debit Card,Desktop
7284,2428,20260212,39,927,44,1,723.99,0.26,535.75,Credit Card,Mobile
7285,871,20260205,16,1115,34,3,331.25,0.12,874.5,Debit Card,Desktop
7286,513,20260526,42,292,18,1,366.96,0.0,366.96,Credit Card,Desktop
7287,3981,20261014,4,1966,46,1,145.13,0.02,142.23,PayPal,Mobile
7288,2919,20260129,15,49,73,4,575.99,0.16,1935.33,PayPal,Mobile
7289,163,20261201,11,1470,40,1,926.26,0.05,879.95,Credit Card,Desktop
7290,1797,20260807,3,1680,88,1,437.16,0.23,336.61,Debit Card,Mobile
7291,1549,20261223,46,838,58,4,570.11,0.17,1892.77,Debit Card,Mobile
7292,2451,20261217,43,985,63,3,933.76,0.2,2241.02,Credit Card,Desktop
7293,1678,20261220,12,749,86,2,859.72,0.17,1427.14,PayPal,Desktop
7294,372,20261030,14,746,43,2,67.31,0.03,130.58,Credit Card,Mobile
7295,2805,20260302,13,885,94,2,203.7,0.07,378.88,Debit Card,Desktop
7296,1746,20260808,31,1300,43,3,602.41,0.14,1554.22,Debit Card,Desktop
7297,1098,20260529,33,360,24,1,71.73,0.19,58.1,Credit Card,Mobile
7298,1354,20261114,49,1430,64,2,740.78,0.27,1081.54,Credit Card,Mobile
7299,667,20260627,7,813,95,3,406.23,0.29,865.27,PayPal,Desktop
7300,3375,20260630,39,584,48,1,351.35,0.05,333.78,Credit Card,Desktop
7301,221,20260925,30,326,20,4,825.58,0.22,2575.81,PayPal,Desktop
7302,2376,20261024,10,1625,94,2,597.77,0.29,848.83,PayPal,Desktop
7303,402,20260718,2,820,81,1,530.17,0.16,445.34,PayPal,Desktop
7304,1277,20260403,47,401,5,2,553.72,0.09,1007.77,Debit Card,Mobile
7305,423,20261205,17,1778,98,2,250.75,0.3,351.05,Credit Card,Desktop
7306,2614,20260430,11,1018,34,2,669.98,0.01,1326.56,PayPal,Mobile
7307,3632,20260115,41,1750,45,1,92.83,0.29,65.91,Credit Card,Mobile
7308,20,20261129,29,1168,79,3,639.51,0.24,1458.08,Credit Card,Desktop
7309,342,20260831,4,1907,34,1,747.48,0.15,635.36,PayPal,Desktop
7310,2448,20261027,2,1518,46,2,145.28,0.1,261.5,Debit Card,Mobile
7311,1158,20260601,41,91,40,1,578.32,0.13,503.14,Credit Card,Desktop
7312,2785,20260913,33,1761,97,4,969.44,0.08,3567.54,PayPal,Desktop
7313,3470,20260907,5,663,90,3,824.06,0.23,1903.58,Debit Card,Mobile
7314,818,20260310,30,1295,99,1,611.96,0.28,440.61,PayPal,Mobile
7315,1155,20261118,44,29,40,4,109.91,0.17,364.9,PayPal,Desktop
7316,3198,20260726,40,1417,75,3,705.14,0.07,1967.34,Debit Card,Desktop
7317,3702,20261125,21,1341,74,4,616.55,0.09,2244.24,Credit Card,Desktop
7318,1557,20260312,32,1683,59,3,493.91,0.28,1066.85,Debit Card,Mobile
7319,1147,20260810,27,1506,49,1,369.32,0.23,284.38,Debit Card,Desktop
7320,1548,20260803,19,485,51,4,245.68,0.13,854.97,Credit Card,Mobile
7321,1512,20260218,38,1661,48,2,959.51,0.24,1458.46,Credit Card,Desktop
7322,2139,20260206,32,617,63,4,910.28,0.04,3495.48,PayPal,Mobile
7323,2999,20260611,48,418,23,3,436.43,0.07,1217.64,Debit Card,Mobile
7324,679,20260106,43,1893,72,1,166.43,0.02,163.1,PayPal,Mobile
7325,2732,20261222,50,139,35,3,161.36,0.08,445.35,Credit Card,Mobile
7326,3304,20260213,6,1325,59,4,135.26,0.04,519.4,Debit Card,Desktop
7327,1284,20260513,44,973,73,4,715.26,0.03,2775.21,Debit Card,Mobile
7328,531,20261029,13,1595,65,2,876.34,0.08,1612.47,Credit Card,Mobile
7329,2841,20260204,35,316,34,1,214.17,0.1,192.75,Debit Card,Mobile
7330,177,20260918,38,370,60,1,970.06,0.22,756.65,PayPal,Desktop
7331,2843,20260818,19,336,43,4,305.76,0.06,1149.66,Debit Card,Mobile
7332,3881,20261213,12,791,80,1,344.11,0.14,295.93,Credit Card,Desktop
7333,2485,20261205,41,270,1,2,327.61,0.12,576.59,Debit Card,Mobile
7334,3088,20261020,50,483,90,3,486.16,0.04,1400.14,Credit Card,Desktop
7335,2836,20260114,16,427,39,1,533.33,0.12,469.33,PayPal,Desktop
7336,1475,20260629,3,1125,23,4,269.05,0.13,936.29,PayPal,Mobile
7337,1320,20261219,25,1435,77,3,241.07,0.15,614.73,PayPal,Mobile
7338,3824,20260312,10,924,67,3,579.27,0.08,1598.79,Credit Card,Desktop
7339,3972,20261221,46,1860,36,2,175.28,0.11,312.0,PayPal,Desktop
7340,1202,20260225,30,1228,8,4,700.42,0.2,2241.34,Debit Card,Desktop
7341,3669,20260822,32,1297,78,1,359.96,0.1,323.96,Credit Card,Desktop
7342,87,20261123,35,1578,17,4,67.0,0.23,206.36,Credit Card,Mobile
7343,2794,20260106,41,353,77,3,960.1,0.0,2880.3,Debit Card,Mobile
7344,2263,20260804,9,1282,35,4,655.97,0.22,2046.63,Debit Card,Desktop
7345,604,20261120,10,371,22,1,347.84,0.0,347.84,Credit Card,Mobile
7346,86,20260921,14,1628,41,1,570.22,0.12,501.79,PayPal,Mobile
7347,682,20260331,32,295,29,2,731.05,0.04,1403.62,Debit Card,Desktop
7348,3609,20260312,26,1741,8,1,304.53,0.27,222.31,PayPal,Mobile
7349,334,20261012,17,1552,70,1,548.79,0.19,444.52,PayPal,Desktop
7350,2747,20261005,11,440,88,4,940.74,0.05,3574.81,Credit Card,Mobile
7351,1741,20260401,49,1757,51,4,527.01,0.22,1644.27,Credit Card,Desktop
7352,3138,20260211,33,820,26,3,93.13,0.21,220.72,Credit Card,Mobile
7353,3084,20260503,45,652,92,2,661.01,0.13,1150.16,PayPal,Mobile
7354,1464,20260211,20,528,58,4,790.19,0.1,2844.68,Credit Card,Mobile
7355,1082,20260902,34,1860,79,1,76.49,0.02,74.96,PayPal,Desktop
7356,718,20260515,43,703,79,3,783.66,0.05,2233.43,PayPal,Desktop
7357,2110,20260413,24,1327,7,4,80.25,0.15,272.85,PayPal,Mobile
7358,595,20260813,47,104,97,2,847.85,0.25,1271.78,Credit Card,Desktop
7359,2256,20261204,16,5,82,2,54.21,0.19,87.82,Debit Card,Desktop
7360,1564,20260505,31,1558,47,3,957.18,0.22,2239.8,PayPal,Desktop
7361,3912,20261025,6,1490,94,3,542.87,0.27,1188.89,PayPal,Desktop
7362,1362,20260828,15,1028,28,3,848.46,0.07,2367.2,Debit Card,Mobile
7363,3065,20260405,38,1873,38,3,284.31,0.22,665.29,PayPal,Mobile
7364,2782,20260617,30,778,98,3,464.98,0.22,1088.05,Credit Card,Mobile
7365,491,20260826,10,1522,87,1,942.16,0.27,687.78,Credit Card,Desktop
7366,2216,20261107,3,1801,74,1,650.39,0.05,617.87,PayPal,Desktop
7367,3090,20260323,30,672,55,4,201.9,0.2,646.08,Credit Card,Desktop
7368,223,20260506,6,975,94,2,903.06,0.13,1571.32,PayPal,Mobile
7369,1353,20260202,22,1421,51,1,156.72,0.1,141.05,Debit Card,Desktop
7370,177,20260531,27,929,92,1,505.92,0.11,450.27,Debit Card,Desktop
7371,3237,20260514,33,1155,6,1,707.07,0.24,537.37,PayPal,Desktop
7372,2014,20260305,34,1836,95,4,715.94,0.15,2434.2,PayPal,Mobile
7373,1173,20260501,49,1179,18,3,67.24,0.05,191.63,Credit Card,Mobile
7374,495,20260105,35,983,16,4,582.06,0.07,2165.26,Debit Card,Desktop
7375,2528,20261217,41,398,8,2,67.34,0.24,102.36,Credit Card,Mobile
7376,432,20260408,16,904,95,2,763.93,0.08,1405.63,Credit Card,Mobile
7377,3261,20260319,45,60,100,2,935.11,0.17,1552.28,Debit Card,Mobile
7378,2315,20261112,37,948,30,2,564.06,0.21,891.21,Credit Card,Mobile
7379,1971,20261125,34,80,80,1,604.14,0.26,447.06,PayPal,Mobile
7380,2715,20260925,37,1729,70,1,273.52,0.24,207.88,Debit Card,Mobile
7381,732,20261023,2,567,55,4,139.44,0.01,552.18,Debit Card,Desktop
7382,2224,20260411,5,1745,50,3,912.41,0.23,2107.67,PayPal,Mobile
7383,1965,20261020,3,958,84,2,766.83,0.16,1288.27,Debit Card,Desktop
7384,264,20260512,8,1118,45,4,308.94,0.08,1136.9,Credit Card,Mobile
7385,1804,20260224,50,1991,23,1,375.9,0.2,300.72,Debit Card,Desktop
7386,2065,20260824,48,96,68,1,267.13,0.22,208.36,Debit Card,Mobile
7387,919,20260622,2,269,21,3,528.0,0.05,1504.8,PayPal,Desktop
7388,1526,20260403,11,235,88,3,510.56,0.27,1118.13,Debit Card,Mobile
7389,3822,20260907,43,302,31,3,789.65,0.22,1847.78,Credit Card,Mobile
7390,2983,20261225,25,786,30,4,303.09,0.09,1103.25,PayPal,Mobile
7391,3255,20260802,38,900,17,1,488.91,0.23,376.46,Debit Card,Desktop
7392,2869,20260827,18,835,4,1,154.12,0.17,127.92,Debit Card,Mobile
7393,3763,20261226,47,679,82,3,928.61,0.29,1977.94,Debit Card,Desktop
7394,952,20260201,17,1415,83,2,633.07,0.24,962.27,PayPal,Desktop
7395,1750,20261117,45,595,97,3,615.69,0.15,1570.01,Debit Card,Mobile
7396,2038,20261111,31,1540,25,4,169.54,0.03,657.82,Debit Card,Mobile
7397,9,20260616,35,1864,9,3,279.36,0.25,628.56,Credit Card,Mobile
7398,1929,20260112,35,485,15,3,80.36,0.25,180.81,PayPal,Mobile
7399,290,20260729,38,1106,63,4,243.19,0.19,787.94,PayPal,Mobile
7400,232,20260417,47,1056,12,3,915.98,0.06,2583.06,PayPal,Mobile
7401,1945,20260429,17,1329,38,1,643.74,0.05,611.55,Debit Card,Desktop
7402,1162,20261204,50,580,62,2,708.9,0.22,1105.88,Credit Card,Desktop
7403,3426,20260923,12,595,37,3,917.96,0.21,2175.57,Debit Card,Desktop
7404,3791,20260208,26,1143,50,4,482.82,0.01,1911.97,Debit Card,Desktop
7405,1540,20260306,8,448,61,2,873.94,0.2,1398.3,Debit Card,Mobile
7406,2298,20260408,9,650,93,4,480.01,0.03,1862.44,PayPal,Mobile
7407,3160,20260116,32,1155,4,2,567.38,0.16,953.2,PayPal,Mobile
7408,3877,20260401,6,1931,21,2,525.29,0.02,1029.57,Debit Card,Mobile
7409,3227,20260611,36,229,47,3,808.12,0.29,1721.3,Debit Card,Desktop
7410,1593,20260208,11,350,91,1,81.92,0.29,58.16,Debit Card,Mobile
7411,535,20261108,50,1040,37,3,239.79,0.1,647.43,Debit Card,Mobile
7412,753,20260907,33,521,4,4,688.83,0.24,2094.04,PayPal,Mobile
7413,240,20260327,3,544,32,4,387.09,0.21,1223.2,Credit Card,Mobile
7414,2050,20261016,49,1331,16,2,981.24,0.16,1648.48,Credit Card,Desktop
7415,1716,20260904,28,1868,85,2,918.55,0.12,1616.65,Debit Card,Mobile
7416,695,20260114,39,1528,35,1,233.11,0.03,226.12,Credit Card,Mobile
7417,1704,20260901,44,1096,34,3,382.8,0.06,1079.5,PayPal,Mobile
7418,2440,20260605,48,780,64,4,749.94,0.03,2909.77,PayPal,Mobile
7419,2555,20261012,10,6,66,2,326.04,0.1,586.87,PayPal,Desktop
7420,3234,20261115,33,689,12,1,761.85,0.11,678.05,PayPal,Desktop
7421,1188,20260121,49,1400,45,4,404.55,0.12,1424.02,PayPal,Mobile
7422,407,20261222,4,1712,60,2,289.57,0.28,416.98,Debit Card,Mobile
7423,2492,20261008,40,971,22,4,480.15,0.24,1459.66,Credit Card,Desktop
7424,1315,20260830,4,264,23,1,796.13,0.2,636.9,Debit Card,Mobile
7425,757,20260302,31,346,48,1,678.98,0.27,495.66,Debit Card,Desktop
7426,3807,20261213,21,1281,2,4,790.05,0.24,2401.75,Credit Card,Mobile
7427,1353,20260820,17,1601,55,3,597.74,0.16,1506.3,Debit Card,Desktop
7428,2732,20260318,32,1066,25,4,275.83,0.11,981.95,PayPal,Mobile
7429,826,20260816,35,10,52,2,353.37,0.02,692.61,Debit Card,Mobile
7430,1225,20260727,1,1247,89,3,767.03,0.19,1863.88,PayPal,Mobile
7431,696,20260824,40,1972,93,2,248.19,0.22,387.18,Credit Card,Desktop
7432,1639,20260719,5,586,82,4,310.51,0.0,1242.04,PayPal,Desktop
7433,747,20260605,39,164,79,3,288.29,0.2,691.9,Debit Card,Desktop
7434,3062,20260620,34,576,72,2,68.36,0.25,102.54,Debit Card,Mobile
7435,520,20261124,35,459,42,4,307.72,0.05,1169.34,PayPal,Desktop
7436,2431,20260118,15,1998,46,4,723.62,0.04,2778.7,Credit Card,Mobile
7437,3845,20261206,33,1300,52,3,513.22,0.09,1401.09,Credit Card,Desktop
7438,190,20261115,23,1104,33,4,280.52,0.16,942.55,Debit Card,Mobile
7439,3468,20260831,17,469,44,1,55.67,0.28,40.08,PayPal,Mobile
7440,1793,20260907,11,865,9,2,405.85,0.06,763.0,Credit Card,Desktop
7441,313,20260617,49,1812,33,2,427.19,0.28,615.15,Debit Card,Desktop
7442,206,20260223,34,1097,92,4,778.13,0.13,2707.89,PayPal,Desktop
7443,1311,20260704,13,1819,61,4,997.14,0.15,3390.28,PayPal,Desktop
7444,1745,20261003,46,859,66,1,936.48,0.25,702.36,PayPal,Mobile
7445,2353,20261116,36,1962,97,3,434.43,0.02,1277.22,PayPal,Desktop
7446,796,20260527,12,172,61,4,661.73,0.21,2091.07,PayPal,Desktop
7447,1890,20260918,19,1834,62,4,776.48,0.09,2826.39,PayPal,Desktop
7448,2613,20260112,22,1511,44,4,426.98,0.16,1434.65,PayPal,Mobile
7449,1697,20260609,19,1542,93,4,563.28,0.11,2005.28,Credit Card,Mobile
7450,3990,20260827,5,1487,42,2,720.73,0.09,1311.73,Debit Card,Desktop
7451,346,20260318,42,706,50,4,499.14,0.02,1956.63,Credit Card,Desktop
7452,2203,20260725,6,1106,8,2,893.36,0.19,1447.24,Debit Card,Mobile
7453,109,20260819,3,1144,42,4,987.74,0.18,3239.79,Debit Card,Desktop
7454,3120,20260502,50,569,92,3,825.61,0.13,2154.84,Debit Card,Mobile
7455,1266,20260724,37,1596,26,1,976.68,0.12,859.48,Credit Card,Mobile
7456,2207,20260906,14,1056,67,3,367.99,0.21,872.14,Credit Card,Mobile
7457,1020,20260427,42,317,46,4,671.23,0.08,2470.13,Debit Card,Desktop
7458,3834,20261023,41,357,96,4,701.5,0.15,2385.1,Credit Card,Desktop
7459,2048,20260808,40,919,90,4,463.03,0.06,1740.99,Credit Card,Mobile
7460,2200,20261018,6,1,6,3,70.21,0.05,200.1,Credit Card,Mobile
7461,3478,20260327,6,956,72,4,760.13,0.12,2675.66,Credit Card,Desktop
7462,2885,20260512,38,1829,9,3,343.02,0.19,833.54,Debit Card,Mobile
7463,1416,20260911,1,303,94,2,710.04,0.23,1093.46,PayPal,Desktop
7464,632,20260324,9,1665,74,1,386.75,0.23,297.8,Credit Card,Desktop
7465,2399,20260414,11,2000,62,1,400.0,0.14,344.0,Credit Card,Desktop
7466,1540,20260722,11,592,18,3,758.05,0.27,1660.13,PayPal,Mobile
7467,2741,20260419,4,1565,97,2,553.99,0.03,1074.74,Debit Card,Mobile
7468,3714,20260301,19,632,51,3,466.6,0.23,1077.85,Credit Card,Mobile
7469,1087,20260601,37,240,63,2,991.07,0.27,1446.96,PayPal,Desktop
7470,3764,20260105,13,195,17,4,482.98,0.23,1487.58,Credit Card,Mobile
7471,927,20260301,18,1226,64,2,863.95,0.26,1278.65,Debit Card,Mobile
7472,2615,20260222,2,1720,97,2,845.17,0.09,1538.21,PayPal,Mobile
7473,1556,20260820,18,1150,94,2,381.01,0.09,693.44,PayPal,Desktop
7474,2293,20261222,12,1882,25,1,415.28,0.21,328.07,PayPal,Desktop
7475,2654,20261212,9,912,68,2,878.78,0.06,1652.11,Debit Card,Mobile
7476,2558,20260323,50,847,28,4,821.61,0.09,2990.66,Debit Card,Desktop
7477,279,20260702,10,136,85,4,672.75,0.29,1910.61,PayPal,Mobile
7478,2416,20260515,23,265,42,4,928.19,0.18,3044.46,Credit Card,Desktop
7479,344,20261023,50,1173,50,2,397.06,0.28,571.77,Debit Card,Desktop
7480,3243,20261019,40,1761,38,3,743.87,0.02,2186.98,Debit Card,Desktop
7481,1065,20261214,21,303,99,3,679.41,0.17,1691.73,Credit Card,Mobile
7482,2066,20260312,35,1365,61,4,85.7,0.23,263.96,Credit Card,Desktop
7483,1760,20260207,2,1737,37,1,284.55,0.22,221.95,Credit Card,Mobile
7484,3597,20260314,1,70,37,3,958.4,0.03,2788.94,Debit Card,Desktop
7485,166,20261108,4,1078,37,2,497.95,0.04,956.06,PayPal,Desktop
7486,3858,20260610,22,1450,56,3,334.6,0.1,903.42,PayPal,Desktop
7487,3903,20260314,48,1318,42,4,223.67,0.19,724.69,Debit Card,Desktop
7488,3947,20260218,25,1020,28,1,486.99,0.01,482.12,PayPal,Mobile
7489,2641,20261114,27,1545,74,3,255.68,0.26,567.61,Credit Card,Desktop
7490,2115,20260105,42,1009,19,3,841.55,0.08,2322.68,PayPal,Mobile
7491,3188,20260621,49,1493,25,4,770.8,0.29,2189.07,PayPal,Desktop
7492,569,20260212,4,623,60,1,489.01,0.11,435.22,Debit Card,Mobile
7493,30,20260121,44,1944,58,1,340.86,0.06,320.41,Debit Card,Mobile
7494,1483,20260825,22,437,70,4,881.53,0.26,2609.33,Credit Card,Desktop
7495,2854,20260607,26,1562,21,2,255.19,0.07,474.65,Credit Card,Desktop
7496,1246,20260130,34,432,59,3,454.35,0.24,1035.92,Credit Card,Mobile
7497,3670,20260429,27,526,55,2,864.0,0.02,1693.44,Debit Card,Desktop
7498,2467,20260116,21,1515,38,3,286.52,0.02,842.37,Credit Card,Desktop
7499,2028,20261222,7,1731,6,3,207.18,0.06,584.25,Credit Card,Mobile
7500,147,20260522,24,1564,6,2,767.84,0.06,1443.54,PayPal,Mobile
7501,3359,20261025,17,85,85,4,608.08,0.24,1848.56,PayPal,Desktop
7502,3781,20261223,31,1797,52,4,68.75,0.22,214.5,PayPal,Desktop
7503,2136,20261208,43,621,20,3,550.39,0.11,1469.54,Credit Card,Desktop
7504,2141,20260405,23,958,43,4,857.05,0.13,2982.53,Debit Card,Desktop
7505,719,20260531,32,1012,44,3,346.13,0.04,996.85,Credit Card,Mobile
7506,535,20261105,46,836,57,4,249.68,0.24,759.03,Debit Card,Desktop
7507,709,20260312,6,870,50,3,865.2,0.23,1998.61,Credit Card,Desktop
7508,3996,20260331,18,1248,71,4,231.35,0.24,703.3,Debit Card,Mobile
7509,2995,20261219,45,456,86,1,323.36,0.22,252.22,Debit Card,Desktop
7510,725,20260913,17,104,38,2,476.93,0.07,887.09,PayPal,Mobile
7511,1537,20260922,10,1546,30,1,414.09,0.29,294.0,Credit Card,Desktop
7512,2996,20260623,30,410,81,2,657.34,0.06,1235.8,Debit Card,Desktop
7513,3577,20260828,50,1469,56,2,667.67,0.07,1241.87,Debit Card,Desktop
7514,1766,20260918,23,615,81,3,185.71,0.26,412.28,Debit Card,Mobile
7515,2335,20260626,32,449,82,2,692.07,0.26,1024.26,Credit Card,Mobile
7516,1314,20261231,34,1907,14,1,517.04,0.15,439.48,Debit Card,Desktop
7517,2147,20261123,46,409,53,1,870.95,0.28,627.08,PayPal,Desktop
7518,1284,20260729,2,649,51,4,158.74,0.01,628.61,Credit Card,Mobile
7519,3291,20260627,7,89,64,1,950.29,0.11,845.76,Debit Card,Mobile
7520,2482,20261015,25,1814,14,4,545.13,0.24,1657.2,Credit Card,Desktop
7521,1999,20261012,5,1504,65,2,551.37,0.01,1091.71,Debit Card,Mobile
7522,325,20261031,47,382,54,1,483.42,0.0,483.42,PayPal,Mobile
7523,691,20261125,42,1789,34,2,161.03,0.23,247.99,Credit Card,Mobile
7524,284,20260719,50,198,52,1,96.14,0.19,77.87,PayPal,Desktop
7525,1011,20260802,22,1565,20,1,629.6,0.1,566.64,Debit Card,Mobile
7526,2910,20260204,29,172,75,4,624.4,0.27,1823.25,PayPal,Mobile
7527,2035,20261221,46,216,5,2,174.45,0.07,324.48,PayPal,Desktop
7528,1497,20260507,40,1704,18,1,169.71,0.29,120.49,Credit Card,Mobile
7529,831,20260503,20,1042,79,3,821.15,0.24,1872.22,PayPal,Mobile
7530,3276,20260616,14,1988,11,2,439.23,0.08,808.18,Debit Card,Mobile
7531,1147,20260210,26,430,99,2,750.28,0.19,1215.45,Credit Card,Mobile
7532,2992,20260926,30,1785,3,2,707.3,0.23,1089.24,PayPal,Mobile
7533,3486,20261017,14,717,3,4,560.49,0.16,1883.25,PayPal,Desktop
7534,777,20260604,7,1121,14,3,925.96,0.11,2472.31,Credit Card,Mobile
7535,15,20260318,37,1189,64,2,391.06,0.27,570.95,Credit Card,Desktop
7536,3283,20260222,2,1910,44,1,274.16,0.2,219.33,Debit Card,Mobile
7537,3077,20260819,31,225,84,1,903.5,0.12,795.08,PayPal,Desktop
7538,786,20261221,27,1123,89,4,173.4,0.18,568.75,Credit Card,Mobile
7539,3831,20260215,15,1544,79,1,330.8,0.1,297.72,Debit Card,Mobile
7540,3353,20260828,29,1566,69,2,839.12,0.23,1292.24,Debit Card,Desktop
7541,2195,20261208,20,111,23,1,992.34,0.08,912.95,Credit Card,Mobile
7542,2810,20260816,1,266,13,2,733.78,0.29,1041.97,PayPal,Mobile
7543,519,20260805,22,363,58,1,769.67,0.26,569.56,PayPal,Mobile
7544,3641,20260526,8,1459,76,3,291.71,0.08,805.12,Credit Card,Desktop
7545,268,20260814,47,1709,1,4,514.35,0.19,1666.49,PayPal,Mobile
7546,1210,20260108,13,1709,93,4,445.09,0.22,1388.68,Debit Card,Mobile
7547,685,20260110,22,911,94,3,698.75,0.16,1760.85,Debit Card,Desktop
7548,977,20260405,22,432,89,3,820.69,0.14,2117.38,Debit Card,Desktop
7549,1718,20260306,34,1268,66,4,978.75,0.3,2740.5,PayPal,Mobile
7550,3472,20260326,50,453,44,3,203.25,0.1,548.77,Credit Card,Mobile
7551,2667,20260404,26,1311,75,2,474.92,0.13,826.36,Credit Card,Mobile
7552,454,20260428,15,1901,62,1,541.93,0.15,460.64,Credit Card,Desktop
7553,2918,20260928,32,1492,43,4,887.65,0.26,2627.44,Credit Card,Mobile
7554,3639,20260404,41,1368,21,3,799.16,0.25,1798.11,PayPal,Mobile
7555,616,20260118,14,1356,36,2,747.24,0.0,1494.48,Credit Card,Mobile
7556,1961,20260407,41,432,71,4,264.79,0.25,794.37,Debit Card,Desktop
7557,223,20260418,9,199,41,3,390.97,0.01,1161.18,PayPal,Desktop
7558,1702,20260503,37,574,82,4,565.89,0.12,1991.93,Credit Card,Desktop
7559,3770,20260623,20,1263,10,3,532.37,0.22,1245.75,PayPal,Desktop
7560,2842,20261005,8,1720,29,4,709.99,0.1,2555.96,PayPal,Desktop
7561,1015,20260531,45,331,77,2,811.25,0.22,1265.55,Debit Card,Desktop
7562,2382,20260912,20,1786,20,2,230.4,0.26,340.99,PayPal,Mobile
7563,2693,20260215,26,223,51,1,528.31,0.16,443.78,Debit Card,Desktop
7564,3248,20260428,33,1660,5,4,281.67,0.09,1025.28,PayPal,Mobile
7565,1553,20260219,33,353,38,1,372.21,0.22,290.32,PayPal,Desktop
7566,1062,20260822,43,1176,15,4,55.41,0.11,197.26,Credit Card,Desktop
7567,2634,20260117,18,1012,51,3,946.42,0.13,2470.16,Debit Card,Mobile
7568,2803,20260403,41,1645,84,3,931.81,0.13,2432.02,PayPal,Desktop
7569,3291,20261102,15,714,13,1,896.69,0.14,771.15,Credit Card,Mobile
7570,3366,20260514,37,443,29,4,939.23,0.12,3306.09,Debit Card,Desktop
7571,2837,20260805,35,315,20,1,853.52,0.03,827.91,PayPal,Mobile
7572,1995,20260127,26,75,44,2,614.23,0.3,859.92,PayPal,Desktop
7573,1492,20260818,43,1563,56,1,437.87,0.22,341.54,Credit Card,Mobile
7574,895,20260520,15,1585,39,1,586.34,0.16,492.53,Debit Card,Mobile
7575,3455,20260609,25,1191,94,3,412.8,0.24,941.18,PayPal,Mobile
7576,676,20260918,40,207,37,1,607.73,0.11,540.88,PayPal,Mobile
7577,2619,20260831,42,1348,21,4,957.91,0.23,2950.36,PayPal,Mobile
7578,3005,20260923,6,1438,51,3,937.66,0.03,2728.59,PayPal,Desktop
7579,1080,20260818,50,1679,58,1,705.34,0.27,514.9,PayPal,Desktop
7580,14,20260927,30,130,69,2,921.0,0.06,1731.48,Credit Card,Mobile
7581,470,20260726,43,1124,19,1,636.28,0.08,585.38,Debit Card,Desktop
7582,1913,20261209,44,117,92,1,128.01,0.21,101.13,Credit Card,Desktop
7583,1894,20260427,18,1951,3,1,734.08,0.17,609.29,Debit Card,Desktop
7584,3505,20260209,49,1200,75,3,598.78,0.17,1490.96,Debit Card,Desktop
7585,3749,20261203,31,592,22,4,799.09,0.25,2397.27,Debit Card,Mobile
7586,1271,20260609,2,608,46,2,174.48,0.27,254.74,Credit Card,Mobile
7587,3451,20260327,33,1159,83,1,547.66,0.1,492.89,Credit Card,Desktop
7588,967,20260116,23,928,88,4,581.61,0.01,2303.18,Debit Card,Mobile
7589,152,20260214,2,638,83,4,578.74,0.29,1643.62,PayPal,Mobile
7590,494,20260511,10,1111,81,3,431.92,0.25,971.82,Debit Card,Desktop
7591,3265,20261208,41,938,23,2,672.04,0.17,1115.59,Debit Card,Mobile
7592,293,20260221,1,1134,56,3,669.72,0.02,1968.98,Debit Card,Desktop
7593,530,20260128,48,1185,46,4,305.13,0.2,976.42,PayPal,Desktop
7594,1142,20261103,43,95,50,4,67.53,0.06,253.91,Debit Card,Mobile
7595,1475,20261201,37,1738,65,4,551.83,0.07,2052.81,Debit Card,Desktop
7596,2203,20260723,46,1639,54,3,950.6,0.2,2281.44,Debit Card,Desktop
7597,975,20260208,19,1167,49,2,991.16,0.02,1942.67,Credit Card,Desktop
7598,2047,20261105,3,1446,51,1,900.24,0.06,846.23,Credit Card,Desktop
7599,1108,20260315,46,1974,27,3,264.51,0.04,761.79,Debit Card,Mobile
7600,2123,20260226,35,972,8,4,283.49,0.29,805.11,PayPal,Desktop
7601,663,20260829,40,1039,36,3,147.51,0.25,331.9,Debit Card,Desktop
7602,3025,20260604,4,1165,56,4,528.58,0.29,1501.17,Debit Card,Desktop
7603,1146,20260302,33,502,66,1,303.57,0.17,251.96,PayPal,Desktop
7604,3302,20260727,28,1031,44,1,736.34,0.04,706.89,PayPal,Desktop
7605,2472,20260821,22,473,94,2,980.6,0.13,1706.24,Credit Card,Desktop
7606,883,20261113,40,429,6,4,477.99,0.1,1720.76,Credit Card,Desktop
7607,855,20260208,9,775,94,2,880.78,0.17,1462.09,Credit Card,Mobile
7608,1627,20261005,8,1296,48,2,929.18,0.21,1468.1,PayPal,Desktop
7609,543,20261125,48,388,51,1,804.13,0.09,731.76,PayPal,Mobile
7610,896,20260819,29,163,60,3,749.68,0.0,2249.04,Credit Card,Desktop
7611,1869,20260614,19,1958,52,3,561.25,0.16,1414.35,Credit Card,Mobile
7612,1239,20260121,21,774,41,2,288.77,0.12,508.24,Debit Card,Desktop
7613,860,20260424,26,400,91,1,705.85,0.22,550.56,PayPal,Mobile
7614,2703,20260417,9,1812,23,4,920.62,0.04,3535.18,Credit Card,Mobile
7615,233,20260526,15,1008,77,3,969.66,0.05,2763.53,PayPal,Mobile
7616,2306,20260116,46,1510,28,2,337.13,0.16,566.38,Debit Card,Mobile
7617,3163,20260217,29,1708,90,3,215.71,0.06,608.3,PayPal,Mobile
7618,1422,20260911,39,15,11,3,648.31,0.21,1536.49,Credit Card,Mobile
7619,2536,20261029,10,1819,4,4,841.25,0.19,2725.65,Credit Card,Mobile
7620,1316,20260418,31,1808,35,1,471.74,0.22,367.96,PayPal,Mobile
7621,3785,20261205,47,1919,61,4,574.71,0.1,2068.96,PayPal,Desktop
7622,332,20261105,15,1237,20,1,656.59,0.28,472.74,PayPal,Mobile
7623,1731,20260411,48,640,80,3,879.41,0.12,2321.64,Credit Card,Mobile
7624,2248,20260810,1,1409,3,2,582.92,0.03,1130.86,PayPal,Mobile
7625,3760,20260508,28,1536,59,4,583.98,0.25,1751.94,PayPal,Mobile
7626,3859,20261226,4,582,64,1,434.36,0.09,395.27,PayPal,Desktop
7627,3641,20260209,27,179,86,3,625.54,0.27,1369.93,PayPal,Desktop
7628,307,20261002,1,816,90,1,152.3,0.03,147.73,PayPal,Desktop
7629,3661,20261205,38,378,22,1,903.21,0.24,686.44,Credit Card,Mobile
7630,2917,20261114,22,1462,87,1,515.91,0.15,438.52,PayPal,Mobile
7631,3714,20261126,3,1393,72,3,667.06,0.01,1981.17,PayPal,Mobile
7632,2980,20260104,10,1340,87,2,506.74,0.07,942.54,Debit Card,Desktop
7633,372,20260814,40,1824,98,2,542.89,0.24,825.19,Debit Card,Desktop
7634,834,20260305,20,1560,35,2,55.59,0.28,80.05,Debit Card,Mobile
7635,1093,20260623,39,1553,39,1,285.75,0.09,260.03,Credit Card,Desktop
7636,3067,20260914,32,89,20,3,364.97,0.08,1007.32,Credit Card,Mobile
7637,227,20260917,39,135,48,1,686.83,0.06,645.62,Debit Card,Mobile
7638,2627,20261102,16,1514,76,2,872.8,0.0,1745.6,Debit Card,Mobile
7639,116,20260503,43,1531,20,2,970.91,0.27,1417.53,Debit Card,Mobile
7640,1598,20260628,14,218,8,3,93.76,0.18,230.65,Debit Card,Mobile
7641,3669,20260805,5,1938,71,1,847.57,0.09,771.29,Debit Card,Desktop
7642,2503,20260810,27,180,89,4,842.23,0.28,2425.62,Debit Card,Desktop
7643,2307,20261121,27,257,93,4,556.58,0.21,1758.79,Credit Card,Desktop
7644,3249,20260329,46,1119,81,2,779.97,0.15,1325.95,Credit Card,Mobile
7645,260,20260217,4,1480,4,3,704.09,0.27,1541.96,PayPal,Mobile
7646,867,20260626,4,793,45,1,924.84,0.19,749.12,Credit Card,Mobile
7647,3437,20260903,21,1836,16,1,442.89,0.05,420.75,Debit Card,Mobile
7648,1270,20260916,39,1863,54,2,538.11,0.3,753.35,Credit Card,Desktop
7649,3454,20260521,3,1037,39,2,447.96,0.01,886.96,PayPal,Desktop
7650,3754,20261203,1,1873,34,1,999.9,0.14,859.91,Credit Card,Mobile
7651,3645,20260525,34,1698,57,1,505.4,0.25,379.05,PayPal,Desktop
7652,660,20260619,11,1786,96,2,932.22,0.12,1640.71,PayPal,Desktop
7653,787,20260601,21,1131,84,1,159.88,0.07,148.69,Credit Card,Mobile
7654,1968,20261216,48,977,2,4,926.25,0.02,3630.9,Credit Card,Mobile
7655,571,20260503,13,678,4,2,834.1,0.1,1501.38,Debit Card,Mobile
7656,3324,20260828,24,970,7,1,344.7,0.02,337.81,PayPal,Mobile
7657,147,20260327,17,197,49,2,532.14,0.12,936.57,Credit Card,Desktop
7658,3313,20260426,46,624,75,3,374.61,0.08,1033.92,Credit Card,Mobile
7659,1854,20260607,47,587,84,2,833.44,0.2,1333.5,Debit Card,Desktop
7660,1116,20260430,2,445,6,2,236.06,0.07,439.07,PayPal,Desktop
7661,1476,20261008,43,1052,45,3,788.56,0.15,2010.83,Credit Card,Desktop
7662,2468,20260102,10,739,69,4,861.9,0.13,2999.41,PayPal,Mobile
7663,259,20261102,37,1341,99,1,813.63,0.08,748.54,Debit Card,Mobile
7664,276,20260815,12,1668,79,3,938.04,0.07,2617.13,Credit Card,Desktop
7665,1397,20260630,43,122,21,2,369.45,0.23,568.95,Credit Card,Mobile
7666,2229,20261123,46,609,97,1,554.81,0.11,493.78,Debit Card,Mobile
7667,3517,20260819,12,1958,100,3,614.35,0.02,1806.19,PayPal,Desktop
7668,2799,20260722,24,1800,77,1,359.03,0.16,301.59,Credit Card,Desktop
7669,469,20260811,47,544,6,1,157.64,0.05,149.76,PayPal,Desktop
7670,1125,20261029,2,12,58,3,909.35,0.28,1964.2,Debit Card,Mobile
7671,410,20261218,48,64,72,1,669.43,0.19,542.24,PayPal,Mobile
7672,990,20260226,20,1705,78,4,861.73,0.13,2998.82,PayPal,Desktop
7673,908,20260414,42,1559,31,3,216.35,0.11,577.65,PayPal,Desktop
7674,1341,20260614,9,1674,70,4,241.94,0.15,822.6,Debit Card,Mobile
7675,95,20260405,42,1374,7,2,938.55,0.05,1783.24,Credit Card,Mobile
7676,2904,20260610,22,1755,70,1,595.18,0.15,505.9,Credit Card,Mobile
7677,596,20260625,36,969,96,2,86.39,0.01,171.05,Debit Card,Mobile
7678,2643,20261210,32,1441,67,2,553.99,0.15,941.78,PayPal,Desktop
7679,2574,20260311,36,1920,87,1,919.52,0.1,827.57,Credit Card,Mobile
7680,1236,20260811,38,286,69,3,345.25,0.03,1004.68,PayPal,Desktop
7681,3652,20260207,46,571,37,1,418.27,0.07,388.99,Debit Card,Desktop
7682,2633,20261129,40,853,79,2,611.89,0.06,1150.35,PayPal,Mobile
7683,24,20261113,23,756,11,2,688.15,0.25,1032.22,Debit Card,Desktop
7684,3554,20260103,46,387,95,3,800.77,0.24,1825.76,PayPal,Mobile
7685,1116,20260106,36,229,47,1,324.98,0.08,298.98,PayPal,Mobile
7686,1193,20261220,15,490,87,2,419.7,0.14,721.88,Debit Card,Mobile
7687,47,20260227,10,1248,3,4,975.93,0.19,3162.01,Credit Card,Mobile
7688,3262,20260126,1,455,78,2,567.72,0.24,862.93,Credit Card,Mobile
7689,1411,20260301,24,1996,74,2,660.75,0.0,1321.5,Debit Card,Desktop
7690,881,20260328,17,1037,40,3,118.26,0.12,312.21,PayPal,Desktop
7691,1234,20260430,17,1908,97,4,942.12,0.1,3391.63,PayPal,Desktop
7692,2109,20260622,10,1834,30,2,897.86,0.01,1777.76,PayPal,Mobile
7693,3786,20260928,26,165,30,2,653.45,0.17,1084.73,Debit Card,Mobile
7694,2193,20261025,50,60,63,4,890.46,0.21,2813.85,Credit Card,Mobile
7695,1429,20260906,22,603,19,1,165.94,0.11,147.69,PayPal,Desktop
7696,880,20260811,49,1868,81,1,824.01,0.25,618.01,PayPal,Desktop
7697,684,20260401,13,1076,29,2,99.94,0.29,141.91,Credit Card,Mobile
7698,980,20260904,9,977,89,2,107.52,0.18,176.33,Debit Card,Mobile
7699,1326,20260323,40,370,34,1,410.77,0.1,369.69,Debit Card,Mobile
7700,495,20260326,2,1040,13,3,273.85,0.22,640.81,PayPal,Desktop
7701,98,20261128,21,1529,88,4,315.43,0.16,1059.84,Credit Card,Desktop
7702,721,20260501,31,462,63,4,676.43,0.16,2272.8,PayPal,Desktop
7703,2690,20261024,18,1019,12,3,93.83,0.17,233.64,PayPal,Mobile
7704,3112,20260414,3,833,20,3,835.44,0.04,2406.07,Credit Card,Desktop
7705,1068,20260729,29,388,93,3,140.19,0.06,395.34,Credit Card,Desktop
7706,1320,20260131,23,1547,97,3,210.34,0.23,485.89,PayPal,Desktop
7707,3693,20260408,17,235,83,3,326.25,0.16,822.15,Debit Card,Desktop
7708,232,20260821,48,922,33,3,680.95,0.3,1430.0,PayPal,Mobile
7709,3617,20260315,13,1268,55,4,763.95,0.19,2475.2,Debit Card,Desktop
7710,431,20260311,41,531,14,3,555.83,0.11,1484.07,PayPal,Mobile
7711,3144,20260920,29,570,41,1,769.55,0.28,554.08,PayPal,Desktop
7712,3645,20260521,38,1333,97,3,404.48,0.1,1092.1,PayPal,Mobile
7713,780,20260710,15,973,89,3,66.91,0.13,174.64,Credit Card,Desktop
7714,3096,20260528,15,1015,15,4,854.5,0.06,3212.92,Credit Card,Mobile
7715,246,20260530,42,1770,8,4,424.43,0.02,1663.77,PayPal,Desktop
7716,704,20260929,50,1539,70,3,245.82,0.01,730.09,Debit Card,Mobile
7717,1654,20260318,23,1410,41,4,277.74,0.01,1099.85,Debit Card,Desktop
7718,820,20260902,26,806,63,2,300.99,0.09,547.8,Credit Card,Desktop
7719,1013,20260315,20,95,22,4,144.4,0.0,577.6,PayPal,Desktop
7720,3133,20260524,44,1199,27,4,791.49,0.19,2564.43,Debit Card,Desktop
7721,3838,20260524,13,746,29,4,501.68,0.24,1525.11,PayPal,Desktop
7722,1330,20260719,19,307,91,4,205.64,0.03,797.88,Debit Card,Mobile
7723,2153,20260731,35,1236,83,1,481.83,0.02,472.19,Credit Card,Desktop
7724,268,20260902,38,189,53,1,108.44,0.06,101.93,Debit Card,Desktop
7725,2876,20260423,48,1317,59,1,227.06,0.04,217.98,PayPal,Desktop
7726,1223,20260628,17,997,62,3,610.23,0.24,1391.32,PayPal,Mobile
7727,3654,20260113,15,1996,57,3,779.64,0.1,2105.03,PayPal,Desktop
7728,415,20261029,45,892,18,2,795.51,0.14,1368.28,Debit Card,Desktop
7729,2358,20260318,27,1349,7,1,802.5,0.08,738.3,Debit Card,Mobile
7730,2174,20260120,12,426,91,3,86.68,0.14,223.63,Credit Card,Mobile
7731,2722,20260831,41,748,54,4,525.11,0.23,1617.34,Credit Card,Mobile
7732,2270,20260208,49,212,95,4,153.02,0.28,440.7,Debit Card,Mobile
7733,2155,20260716,31,897,29,1,660.57,0.26,488.82,Debit Card,Mobile
7734,3328,20260125,41,1280,60,2,385.6,0.21,609.25,Credit Card,Desktop
7735,1406,20260603,1,76,80,2,791.73,0.12,1393.44,Debit Card,Desktop
7736,2728,20261112,49,1783,76,4,692.58,0.14,2382.48,Credit Card,Mobile
7737,3476,20261128,42,204,50,2,428.74,0.3,600.24,Debit Card,Mobile
7738,2231,20261226,29,1175,17,1,971.52,0.28,699.49,PayPal,Desktop
7739,2652,20261004,28,1500,96,4,991.11,0.11,3528.35,Debit Card,Desktop
7740,944,20260807,24,263,61,3,269.14,0.11,718.6,Credit Card,Desktop
7741,1480,20260106,24,23,33,3,67.54,0.24,153.99,Credit Card,Desktop
7742,948,20260228,50,1026,74,2,723.87,0.29,1027.9,Credit Card,Mobile
7743,3252,20260203,35,1323,17,4,486.47,0.27,1420.49,Credit Card,Desktop
7744,3492,20261102,42,1885,75,4,61.42,0.15,208.83,PayPal,Desktop
7745,1697,20260305,46,141,54,3,920.92,0.05,2624.62,Debit Card,Desktop
7746,16,20260121,9,1824,72,4,893.17,0.17,2965.32,Credit Card,Mobile
7747,1233,20260329,19,1723,50,4,910.51,0.05,3459.94,Debit Card,Mobile
7748,2863,20261223,24,1151,56,4,442.57,0.03,1717.17,Debit Card,Desktop
7749,2040,20260404,4,612,28,2,856.84,0.11,1525.18,PayPal,Mobile
7750,3970,20260411,44,1496,67,4,766.43,0.05,2912.43,Debit Card,Mobile
7751,3172,20261115,26,1823,77,1,599.02,0.04,575.06,Credit Card,Desktop
7752,1497,20260727,29,911,38,2,777.9,0.17,1291.31,Credit Card,Desktop
7753,3912,20260418,17,1949,8,4,846.24,0.17,2809.52,PayPal,Desktop
7754,1229,20260114,30,317,7,4,736.52,0.28,2121.18,PayPal,Mobile
7755,2818,20260810,21,1652,19,1,304.48,0.26,225.32,PayPal,Desktop
7756,3696,20260824,31,227,65,2,731.0,0.25,1096.5,PayPal,Mobile
7757,2008,20261226,15,1802,92,3,457.94,0.16,1154.01,Credit Card,Mobile
7758,2331,20260115,31,963,52,3,928.42,0.28,2005.39,Debit Card,Mobile
7759,2656,20260127,16,1411,90,2,219.97,0.0,439.94,Debit Card,Desktop
7760,1017,20260308,22,655,24,4,256.32,0.05,974.02,Credit Card,Mobile
7761,1065,20261105,22,1341,91,4,345.26,0.05,1311.99,Debit Card,Mobile
7762,3615,20261121,2,347,47,3,644.42,0.04,1855.93,Debit Card,Mobile
7763,775,20261023,37,1612,52,3,289.94,0.02,852.42,Debit Card,Desktop
7764,400,20260628,29,1591,50,3,201.31,0.21,477.1,Debit Card,Desktop
7765,3474,20261111,39,1926,42,1,582.47,0.13,506.75,Credit Card,Mobile
7766,3314,20260728,31,760,87,3,190.14,0.28,410.7,Debit Card,Mobile
7767,785,20260131,46,1842,13,1,970.06,0.2,776.05,Debit Card,Mobile
7768,3325,20260106,12,1045,65,2,435.07,0.09,791.83,Debit Card,Desktop
7769,3332,20260820,2,849,77,4,87.14,0.2,278.85,PayPal,Mobile
7770,3455,20261010,31,147,8,3,587.84,0.07,1640.07,Debit Card,Desktop
7771,429,20261024,15,1351,55,4,105.9,0.03,410.89,Debit Card,Desktop
7772,3934,20261004,25,1455,69,4,958.52,0.02,3757.4,PayPal,Desktop
7773,776,20260921,39,206,19,3,348.41,0.28,752.57,PayPal,Desktop
7774,783,20260905,43,1109,96,3,637.0,0.01,1891.89,Debit Card,Desktop
7775,3409,20260208,40,699,28,2,732.98,0.15,1246.07,PayPal,Desktop
7776,2628,20260403,4,471,73,1,990.38,0.17,822.02,PayPal,Desktop
7777,14,20260910,2,518,12,1,242.91,0.28,174.9,Debit Card,Mobile
7778,2841,20260326,27,1493,88,4,670.3,0.27,1957.28,PayPal,Desktop
7779,3369,20261122,17,1569,18,3,335.76,0.24,765.53,Credit Card,Mobile
7780,3568,20260108,44,1130,50,2,81.88,0.29,116.27,Debit Card,Desktop
7781,3846,20260331,15,532,72,2,711.5,0.21,1124.17,Debit Card,Mobile
7782,3676,20261112,6,131,37,2,267.58,0.26,396.02,Debit Card,Desktop
7783,1993,20260723,15,347,90,2,495.28,0.26,733.01,Debit Card,Mobile
7784,3616,20261229,27,144,59,2,646.67,0.03,1254.54,Credit Card,Mobile
7785,2988,20260401,38,939,74,1,315.84,0.04,303.21,Credit Card,Desktop
7786,468,20260831,30,561,7,1,819.79,0.21,647.63,Credit Card,Desktop
7787,161,20261122,50,681,50,1,726.49,0.21,573.93,PayPal,Desktop
7788,862,20260305,18,115,51,3,863.05,0.05,2459.69,PayPal,Desktop
7789,3169,20260618,12,787,25,4,299.58,0.07,1114.44,PayPal,Mobile
7790,3414,20261209,21,1902,8,2,937.97,0.24,1425.71,PayPal,Mobile
7791,2419,20260309,10,297,10,3,632.66,0.06,1784.1,Credit Card,Mobile
7792,3228,20260826,45,86,28,2,79.01,0.2,126.42,PayPal,Desktop
7793,795,20260109,3,841,18,1,521.42,0.19,422.35,PayPal,Desktop
7794,567,20260407,37,757,15,3,782.97,0.1,2114.02,PayPal,Desktop
7795,2997,20261212,22,683,70,1,699.92,0.04,671.92,Debit Card,Desktop
7796,3704,20261116,3,1322,20,2,734.64,0.04,1410.51,Debit Card,Desktop
7797,2191,20260411,29,1670,54,2,971.12,0.22,1514.95,Debit Card,Desktop
7798,3828,20260218,27,1242,45,4,176.63,0.25,529.89,Debit Card,Mobile
7799,2445,20260305,49,679,28,2,150.14,0.21,237.22,Credit Card,Desktop
7800,1934,20260226,46,1134,88,1,367.48,0.24,279.28,Debit Card,Desktop
7801,3876,20260223,9,1245,19,2,250.4,0.02,490.78,PayPal,Mobile
7802,2257,20260105,41,1373,42,4,306.53,0.26,907.33,PayPal,Mobile
7803,2822,20260510,23,594,46,4,478.42,0.12,1684.04,Credit Card,Desktop
7804,1376,20260615,39,1054,81,1,298.16,0.16,250.45,PayPal,Mobile
7805,2374,20260718,36,973,66,3,595.05,0.09,1624.49,PayPal,Desktop
7806,3646,20261115,20,1572,36,2,658.47,0.16,1106.23,Credit Card,Desktop
7807,3097,20260120,3,1170,82,4,188.76,0.12,664.44,Debit Card,Desktop
7808,432,20260125,37,1079,74,2,378.11,0.19,612.54,PayPal,Mobile
7809,2036,20260406,30,1022,25,2,919.03,0.24,1396.93,Credit Card,Mobile
7810,2376,20260618,15,424,26,3,268.34,0.05,764.77,Debit Card,Desktop
7811,2021,20260818,38,280,46,4,107.58,0.04,413.11,Credit Card,Desktop
7812,3434,20260221,45,920,76,2,720.02,0.04,1382.44,PayPal,Mobile
7813,1019,20260425,9,1440,46,4,186.27,0.07,692.92,PayPal,Desktop
7814,1245,20261127,49,162,55,1,791.39,0.21,625.2,Credit Card,Desktop
7815,2752,20260521,8,181,96,1,218.46,0.03,211.91,Debit Card,Desktop
7816,2107,20261130,49,718,2,2,307.98,0.19,498.93,Credit Card,Desktop
7817,2832,20260728,5,797,69,4,713.23,0.01,2824.39,Credit Card,Mobile
7818,1985,20260911,44,1189,96,2,147.17,0.27,214.87,Debit Card,Mobile
7819,1372,20260108,7,1445,39,4,943.37,0.19,3056.52,PayPal,Desktop
7820,705,20260106,4,631,6,4,474.51,0.26,1404.55,Credit Card,Mobile
7821,1243,20261212,2,211,21,3,799.24,0.0,2397.72,Credit Card,Desktop
7822,2899,20261012,41,1812,27,3,375.31,0.13,979.56,PayPal,Desktop
7823,1494,20260413,3,174,21,3,429.94,0.08,1186.63,PayPal,Mobile
7824,2167,20260509,28,1099,55,2,276.88,0.27,404.24,Debit Card,Desktop
7825,3668,20260813,40,1981,65,3,377.97,0.09,1031.86,PayPal,Mobile
7826,618,20260715,3,1165,37,3,279.97,0.23,646.73,PayPal,Mobile
7827,350,20260728,38,1841,75,1,532.04,0.11,473.52,PayPal,Mobile
7828,3330,20261219,3,138,97,4,548.88,0.28,1580.77,Debit Card,Desktop
7829,3946,20260227,4,1606,81,4,931.64,0.14,3204.84,PayPal,Mobile
7830,2546,20260901,9,546,50,3,712.58,0.07,1988.1,Debit Card,Mobile
7831,1590,20260215,18,323,43,4,339.59,0.21,1073.1,Credit Card,Mobile
7832,813,20260502,40,842,74,1,184.29,0.08,169.55,Debit Card,Desktop
7833,873,20261210,10,511,63,1,475.41,0.25,356.56,Credit Card,Desktop
7834,679,20261030,42,178,32,3,727.7,0.05,2073.95,Credit Card,Mobile
7835,295,20260606,34,826,88,1,950.77,0.28,684.55,PayPal,Desktop
7836,3331,20260726,10,1867,58,4,69.09,0.12,243.2,Debit Card,Desktop
7837,1666,20260114,40,735,86,2,927.77,0.22,1447.32,PayPal,Mobile
7838,1760,20260715,48,1194,13,4,129.29,0.26,382.7,Credit Card,Desktop
7839,3081,20260424,5,320,98,2,647.2,0.16,1087.3,Debit Card,Mobile
7840,342,20260405,39,907,35,3,354.04,0.12,934.67,Debit Card,Desktop
7841,1218,20260125,10,546,14,2,334.74,0.09,609.23,Debit Card,Mobile
7842,635,20261221,28,145,51,1,693.43,0.09,631.02,Credit Card,Desktop
7843,2946,20260726,2,899,21,4,332.05,0.01,1314.92,Debit Card,Desktop
7844,42,20260721,23,1588,92,2,898.51,0.29,1275.88,Credit Card,Mobile
7845,2167,20260422,14,947,37,4,635.89,0.14,2187.46,Debit Card,Desktop
7846,919,20260714,32,968,94,3,803.57,0.18,1976.78,Debit Card,Mobile
7847,1053,20260606,11,989,66,3,783.26,0.05,2232.29,Debit Card,Mobile
7848,2624,20260401,27,1578,14,1,854.23,0.2,683.38,Credit Card,Mobile
7849,3419,20260807,46,1195,79,3,976.43,0.05,2782.83,PayPal,Desktop
7850,1174,20260818,43,1703,65,2,628.8,0.18,1031.23,Credit Card,Desktop
7851,2259,20261221,8,364,59,3,861.36,0.12,2273.99,Debit Card,Desktop
7852,151,20260216,36,872,61,1,737.19,0.09,670.84,Credit Card,Mobile
7853,2062,20260615,18,1067,10,4,801.62,0.28,2308.67,Credit Card,Desktop
7854,3850,20260323,25,712,51,4,312.11,0.02,1223.47,PayPal,Mobile
7855,3206,20261119,35,1514,54,3,862.59,0.21,2044.34,Debit Card,Mobile
7856,1454,20260404,9,1029,4,2,74.33,0.08,136.77,PayPal,Desktop
7857,1903,20260914,50,991,1,1,450.03,0.23,346.52,Credit Card,Desktop
7858,68,20261025,48,310,85,2,406.56,0.04,780.6,Credit Card,Mobile
7859,1639,20260714,24,1574,32,1,169.23,0.3,118.46,PayPal,Mobile
7860,1356,20260417,25,1413,18,3,821.8,0.16,2070.94,Credit Card,Desktop
7861,3814,20260531,5,334,76,1,869.54,0.11,773.89,Credit Card,Desktop
7862,1703,20260704,15,1450,71,1,567.7,0.17,471.19,Debit Card,Desktop
7863,1391,20260312,3,118,36,3,325.62,0.26,722.88,Debit Card,Mobile
7864,3130,20260112,27,26,48,2,746.04,0.19,1208.58,PayPal,Mobile
7865,1070,20261024,14,1187,82,3,349.93,0.05,997.3,PayPal,Mobile
7866,1009,20260622,11,318,48,1,994.74,0.19,805.74,Debit Card,Mobile
7867,3068,20260328,25,825,86,3,155.2,0.12,409.73,Credit Card,Mobile
7868,746,20261003,34,1800,12,1,628.8,0.28,452.74,Debit Card,Desktop
7869,2415,20260629,43,1747,13,3,894.16,0.26,1985.04,PayPal,Desktop
7870,3706,20261010,24,529,87,4,154.87,0.23,477.0,PayPal,Mobile
7871,283,20260716,21,495,72,4,813.01,0.22,2536.59,Credit Card,Mobile
7872,3168,20260713,20,584,76,3,419.19,0.19,1018.63,Credit Card,Desktop
7873,954,20260827,19,1317,19,2,715.88,0.07,1331.54,Debit Card,Desktop
7874,1398,20261008,26,890,94,1,759.81,0.08,699.03,Credit Card,Mobile
7875,2643,20260618,5,1831,53,4,936.79,0.12,3297.5,Credit Card,Desktop
7876,2095,20260607,32,1740,55,2,688.17,0.11,1224.94,Debit Card,Mobile
7877,2770,20260208,40,781,13,1,497.46,0.16,417.87,Debit Card,Desktop
7878,2217,20260427,47,59,20,4,66.2,0.09,240.97,Debit Card,Desktop
7879,3697,20261231,32,415,2,4,714.87,0.28,2058.83,Credit Card,Desktop
7880,1620,20261116,24,1629,20,3,800.51,0.18,1969.25,Credit Card,Desktop
7881,1288,20260530,36,1192,89,1,881.01,0.2,704.81,PayPal,Desktop
7882,1212,20260411,20,1726,29,2,812.89,0.13,1414.43,PayPal,Mobile
7883,436,20261208,20,766,60,2,422.18,0.16,709.26,PayPal,Desktop
7884,2957,20260627,30,404,71,2,949.95,0.24,1443.92,Credit Card,Desktop
7885,3848,20261121,39,961,83,1,452.93,0.14,389.52,Credit Card,Mobile
7886,2658,20260626,2,257,81,2,933.29,0.03,1810.58,Credit Card,Mobile
7887,2437,20260904,6,808,92,2,879.05,0.12,1547.13,PayPal,Desktop
7888,3368,20261105,37,924,51,2,524.39,0.29,744.63,PayPal,Desktop
7889,3717,20261215,27,606,64,3,709.63,0.11,1894.71,Credit Card,Mobile
7890,930,20261212,18,80,75,3,937.92,0.11,2504.25,Debit Card,Mobile
7891,1808,20261121,50,1292,45,1,595.55,0.19,482.4,Credit Card,Mobile
7892,3366,20260906,19,1682,36,1,350.26,0.29,248.68,Credit Card,Desktop
7893,415,20260126,25,1666,24,2,194.75,0.01,385.61,Debit Card,Desktop
7894,666,20261114,50,1589,59,3,963.33,0.28,2080.79,PayPal,Mobile
7895,1554,20260420,14,1998,63,4,216.35,0.24,657.7,Credit Card,Mobile
7896,1248,20261017,13,862,75,4,442.4,0.15,1504.16,PayPal,Mobile
7897,1937,20260306,36,1410,79,2,893.2,0.01,1768.54,Debit Card,Mobile
7898,3953,20260805,28,1198,12,2,485.73,0.3,680.02,PayPal,Desktop
7899,646,20260828,40,1693,70,3,815.48,0.0,2446.44,Credit Card,Desktop
7900,3207,20261218,25,565,50,3,388.93,0.02,1143.45,Credit Card,Desktop
7901,1768,20261218,41,1424,87,3,152.14,0.01,451.86,Debit Card,Desktop
7902,206,20260326,3,534,42,1,571.22,0.27,416.99,Debit Card,Desktop
7903,2188,20261222,22,1267,24,1,670.9,0.27,489.76,Credit Card,Mobile
7904,76,20260306,50,789,45,2,872.43,0.29,1238.85,PayPal,Desktop
7905,1217,20261128,18,278,82,1,479.19,0.19,388.14,Credit Card,Mobile
7906,3768,20260917,19,1937,19,3,675.37,0.0,2026.11,Credit Card,Desktop
7907,278,20261009,32,57,36,3,493.86,0.28,1066.74,PayPal,Desktop
7908,3241,20260802,2,1965,85,1,548.68,0.14,471.86,PayPal,Mobile
7909,331,20260908,28,991,14,4,630.07,0.04,2419.47,Credit Card,Mobile
7910,2079,20260121,15,1808,51,2,301.97,0.21,477.11,Debit Card,Mobile
7911,2745,20261212,27,734,70,4,650.62,0.03,2524.41,PayPal,Mobile
7912,671,20260426,11,1560,20,2,450.83,0.12,793.46,Credit Card,Desktop
7913,974,20260202,2,1453,90,4,700.61,0.04,2690.34,Debit Card,Mobile
7914,2467,20261020,37,533,63,1,930.3,0.25,697.72,PayPal,Mobile
7915,1090,20260531,26,13,97,2,553.18,0.02,1084.23,PayPal,Mobile
7916,3034,20260514,30,1161,89,2,711.44,0.09,1294.82,Debit Card,Mobile
7917,2747,20260609,30,1685,48,2,346.08,0.24,526.04,Debit Card,Desktop
7918,1632,20260717,12,180,29,3,134.87,0.29,287.27,Credit Card,Mobile
7919,41,20261026,8,1878,87,3,939.19,0.19,2282.23,PayPal,Desktop
7920,552,20260716,7,803,44,4,128.0,0.23,394.24,PayPal,Mobile
7921,1950,20261012,44,70,89,1,486.56,0.11,433.04,Debit Card,Mobile
7922,2193,20260228,14,1905,87,3,639.0,0.25,1437.75,Credit Card,Mobile
7923,1617,20260519,43,1832,61,2,374.53,0.15,636.7,Credit Card,Mobile
7924,529,20261104,50,68,12,3,944.86,0.0,2834.58,PayPal,Desktop
7925,1959,20261027,15,228,11,1,108.35,0.1,97.52,PayPal,Desktop
7926,3780,20260721,12,381,36,3,383.52,0.12,1012.49,Credit Card,Mobile
7927,97,20260919,45,509,67,2,420.1,0.1,756.18,Debit Card,Mobile
7928,1450,20260128,38,1238,81,4,141.14,0.2,451.65,PayPal,Mobile
7929,2829,20260323,18,522,34,2,222.24,0.18,364.47,Credit Card,Desktop
7930,3491,20260810,23,1175,81,1,930.02,0.27,678.91,Credit Card,Mobile
7931,3388,20260310,25,1436,87,4,100.05,0.18,328.16,Debit Card,Desktop
7932,2298,20260203,11,714,44,3,574.15,0.22,1343.51,PayPal,Mobile
7933,3258,20260531,8,1451,62,3,258.41,0.24,589.17,Credit Card,Desktop
7934,1410,20260629,5,1049,23,3,408.57,0.02,1201.2,Credit Card,Mobile
7935,1851,20261010,33,5,68,4,443.22,0.24,1347.39,Debit Card,Mobile
7936,2943,20260413,20,906,26,2,373.13,0.29,529.84,Credit Card,Desktop
7937,2831,20260321,23,951,8,4,910.9,0.27,2659.83,PayPal,Mobile
7938,2378,20260809,12,648,62,4,395.63,0.23,1218.54,Credit Card,Desktop
7939,2680,20260406,48,1179,21,1,800.01,0.14,688.01,PayPal,Mobile
7940,2360,20261225,48,1261,69,4,298.69,0.13,1039.44,Credit Card,Mobile
7941,934,20260813,31,105,24,3,186.23,0.03,541.93,PayPal,Desktop
7942,3733,20260206,45,973,24,2,413.77,0.03,802.71,Debit Card,Mobile
7943,156,20260319,11,856,21,2,187.7,0.09,341.61,Credit Card,Mobile
7944,3418,20261001,12,39,98,2,246.15,0.16,413.53,PayPal,Mobile
7945,3430,20260605,37,487,69,3,723.96,0.19,1759.22,Debit Card,Mobile
7946,371,20260618,44,141,91,3,811.11,0.07,2263.0,PayPal,Mobile
7947,327,20260428,15,1205,60,3,101.02,0.25,227.3,Credit Card,Desktop
7948,299,20260402,14,1873,96,3,552.67,0.28,1193.77,Credit Card,Desktop
7949,2747,20260314,26,1033,3,3,860.74,0.15,2194.89,PayPal,Mobile
7950,2761,20260108,48,940,79,4,754.17,0.15,2564.18,Debit Card,Desktop
7951,3020,20260322,3,1242,60,3,732.12,0.26,1625.31,PayPal,Desktop
7952,3148,20260318,38,1266,9,3,404.44,0.25,909.99,Credit Card,Desktop
7953,3530,20260607,46,944,81,3,951.1,0.07,2653.57,PayPal,Desktop
7954,3313,20260509,45,249,75,3,560.31,0.19,1361.55,Debit Card,Desktop
7955,841,20260524,17,524,6,2,948.18,0.2,1517.09,Credit Card,Desktop
7956,3248,20261012,22,1873,9,3,669.95,0.29,1426.99,Credit Card,Mobile
7957,6,20261121,34,1361,58,4,824.87,0.13,2870.55,Debit Card,Desktop
7958,2585,20260505,48,1220,56,4,126.18,0.18,413.87,Debit Card,Desktop
7959,2788,20261224,9,1689,44,4,60.56,0.22,188.95,Debit Card,Desktop
7960,3875,20260911,33,1554,71,1,974.63,0.1,877.17,Credit Card,Desktop
7961,530,20260811,18,966,68,2,560.06,0.11,996.91,Credit Card,Mobile
7962,485,20260106,28,310,15,3,854.78,0.2,2051.47,PayPal,Desktop
7963,2379,20260511,50,413,12,1,791.88,0.09,720.61,Debit Card,Mobile
7964,1591,20261223,19,1262,15,3,377.71,0.2,906.5,PayPal,Mobile
7965,1140,20260910,22,238,77,1,94.8,0.08,87.22,PayPal,Desktop
7966,978,20260528,48,52,49,1,840.24,0.26,621.78,PayPal,Desktop
7967,57,20260203,8,981,84,4,857.64,0.28,2470.0,Debit Card,Desktop
7968,3516,20260325,27,1728,60,4,971.79,0.05,3692.8,Credit Card,Mobile
7969,2666,20260201,19,1690,63,1,413.59,0.27,301.92,Credit Card,Mobile
7970,2186,20260928,42,1156,72,4,505.33,0.06,1900.04,Credit Card,Mobile
7971,2468,20260520,47,1691,47,1,965.51,0.1,868.96,Credit Card,Mobile
7972,3822,20260408,27,1522,77,2,265.11,0.27,387.06,Debit Card,Desktop
7973,1702,20260411,37,450,45,4,176.71,0.06,664.43,Debit Card,Mobile
7974,3245,20260803,13,1346,64,4,636.28,0.17,2112.45,Debit Card,Desktop
7975,3785,20260322,37,1020,16,4,772.08,0.09,2810.37,PayPal,Desktop
7976,1540,20260314,47,1280,55,2,492.11,0.03,954.69,Debit Card,Desktop
7977,893,20260525,39,1759,21,1,932.73,0.11,830.13,PayPal,Desktop
7978,1995,20260110,28,1916,77,3,879.79,0.28,1900.35,Debit Card,Desktop
7979,1255,20260709,1,856,51,4,709.05,0.28,2042.06,PayPal,Desktop
7980,774,20260318,26,1192,30,1,373.06,0.05,354.41,Credit Card,Mobile
7981,2216,20260207,32,359,15,2,143.14,0.2,229.02,PayPal,Mobile
7982,70,20261018,11,74,89,3,566.36,0.06,1597.14,Credit Card,Desktop
7983,3630,20260808,11,1364,26,4,645.77,0.1,2324.77,PayPal,Desktop
7984,313,20261208,35,1683,55,2,166.94,0.22,260.43,Credit Card,Mobile
7985,3797,20260505,49,1955,56,2,945.29,0.23,1455.75,PayPal,Desktop
7986,3874,20260131,35,66,47,3,705.74,0.18,1736.12,PayPal,Mobile
7987,2639,20260920,32,1861,63,1,828.09,0.01,819.81,Credit Card,Desktop
7988,3216,20260119,34,619,76,4,273.78,0.04,1051.32,Debit Card,Desktop
7989,2157,20260202,21,727,53,4,418.43,0.05,1590.03,Credit Card,Mobile
7990,2719,20260805,1,1955,24,1,437.25,0.25,327.94,Credit Card,Desktop
7991,380,20260317,32,1292,74,1,877.89,0.22,684.75,PayPal,Mobile
7992,3924,20260224,35,1176,9,1,161.91,0.17,134.39,Credit Card,Mobile
7993,1858,20261225,6,1251,3,3,356.41,0.01,1058.54,Debit Card,Mobile
7994,2355,20260516,27,1368,7,3,486.76,0.26,1080.61,PayPal,Desktop
7995,889,20260713,3,1210,33,4,183.56,0.29,521.31,Debit Card,Desktop
7996,2975,20260726,18,405,34,3,951.72,0.16,2398.33,PayPal,Desktop
7997,1328,20260521,17,826,27,2,358.61,0.05,681.36,Debit Card,Mobile
7998,913,20260508,47,15,35,4,258.63,0.0,1034.52,Debit Card,Mobile
7999,621,20260715,16,583,84,3,684.24,0.24,1560.07,Credit Card,Desktop
8000,496,20260507,9,1298,68,1,757.63,0.25,568.22,PayPal,Mobile
8001,445,20261031,6,279,76,2,323.72,0.23,498.53,Debit Card,Mobile
8002,419,20260127,35,1014,94,1,513.7,0.22,400.69,PayPal,Desktop
8003,3385,20260220,27,1334,31,4,338.19,0.1,1217.48,Debit Card,Mobile
8004,2828,20260910,16,1312,85,1,85.36,0.08,78.53,Debit Card,Mobile
8005,967,20260822,24,1968,31,3,718.67,0.02,2112.89,Debit Card,Desktop
8006,625,20260515,44,1097,91,3,456.61,0.05,1301.34,Debit Card,Desktop
8007,1995,20260727,20,1603,100,4,417.66,0.02,1637.23,PayPal,Mobile
8008,2648,20261022,10,780,14,1,952.29,0.28,685.65,PayPal,Mobile
8009,1219,20260711,7,1115,48,4,577.14,0.11,2054.62,PayPal,Desktop
8010,2480,20260130,26,687,56,1,104.81,0.29,74.42,Credit Card,Desktop
8011,1115,20260717,39,1759,41,2,585.02,0.08,1076.44,Debit Card,Desktop
8012,3596,20260825,49,137,21,3,392.53,0.13,1024.5,Credit Card,Desktop
8013,2858,20260109,21,274,23,4,93.13,0.02,365.07,PayPal,Mobile
8014,105,20260531,31,882,22,2,74.09,0.03,143.73,PayPal,Desktop
8015,448,20260329,30,280,100,2,72.08,0.04,138.39,Credit Card,Mobile
8016,768,20261031,2,1061,18,4,335.53,0.08,1234.75,Debit Card,Mobile
8017,1898,20261211,30,1490,66,4,618.97,0.2,1980.7,Debit Card,Mobile
8018,3934,20260528,29,306,27,2,154.86,0.21,244.68,Credit Card,Desktop
8019,869,20260426,25,1507,9,1,349.61,0.03,339.12,PayPal,Desktop
8020,3727,20260827,38,737,27,2,291.35,0.15,495.3,PayPal,Desktop
8021,1012,20260325,21,663,82,4,354.89,0.1,1277.6,PayPal,Desktop
8022,1195,20260303,16,863,7,2,349.18,0.03,677.41,Debit Card,Mobile
8023,964,20261008,1,1108,66,1,518.42,0.27,378.45,Debit Card,Desktop
8024,487,20260117,20,615,95,3,454.88,0.08,1255.47,Credit Card,Desktop
8025,1564,20261220,38,394,32,3,97.32,0.26,216.05,Debit Card,Desktop
8026,414,20261225,21,1959,46,2,511.49,0.2,818.38,Credit Card,Mobile
8027,1181,20260808,22,557,45,1,241.98,0.1,217.78,Credit Card,Desktop
8028,3745,20261228,39,797,45,3,677.31,0.05,1930.33,Credit Card,Desktop
8029,1942,20260124,27,1486,65,2,854.01,0.28,1229.77,Credit Card,Desktop
8030,223,20260722,23,201,68,2,570.96,0.27,833.6,Credit Card,Desktop
8031,1485,20260607,24,537,82,1,999.08,0.05,949.13,Debit Card,Mobile
8032,3764,20260305,38,696,3,4,916.19,0.05,3481.52,Credit Card,Mobile
8033,922,20260808,20,73,20,2,597.04,0.11,1062.73,Credit Card,Mobile
8034,2338,20260115,34,85,81,4,305.38,0.09,1111.58,PayPal,Desktop
8035,3715,20260719,20,1300,75,4,74.99,0.11,266.96,Credit Card,Mobile
8036,3735,20261114,13,635,78,3,451.84,0.26,1003.08,Credit Card,Desktop
8037,1324,20260712,32,921,25,4,872.69,0.11,3106.78,PayPal,Mobile
8038,787,20260514,27,382,29,1,390.85,0.19,316.59,Credit Card,Mobile
8039,867,20261104,5,1430,20,3,988.13,0.3,2075.07,PayPal,Mobile
8040,3950,20260124,3,445,70,3,577.55,0.04,1663.34,Debit Card,Desktop
8041,3750,20260408,36,54,5,3,932.21,0.29,1985.61,Debit Card,Desktop
8042,386,20261014,37,1416,52,2,621.32,0.25,931.98,PayPal,Desktop
8043,1580,20260106,28,1044,85,2,708.9,0.12,1247.66,PayPal,Desktop
8044,1776,20260413,21,67,77,4,831.7,0.28,2395.3,PayPal,Mobile
8045,737,20260426,32,288,38,3,903.88,0.02,2657.41,PayPal,Mobile
8046,1475,20260225,20,409,77,3,852.49,0.08,2352.87,Credit Card,Desktop
8047,2135,20260712,17,980,85,1,964.91,0.15,820.17,Credit Card,Desktop
8048,3512,20260508,32,365,48,4,612.91,0.24,1863.25,PayPal,Mobile
8049,951,20260216,43,1918,48,1,828.2,0.1,745.38,PayPal,Desktop
8050,145,20261020,14,374,29,4,442.55,0.26,1309.95,Credit Card,Mobile
8051,556,20260106,25,1345,69,4,156.07,0.22,486.94,Debit Card,Mobile
8052,1325,20260226,45,746,47,2,516.64,0.15,878.29,Debit Card,Mobile
8053,3382,20260626,46,1910,60,2,140.4,0.16,235.87,PayPal,Desktop
8054,1718,20260216,9,606,40,1,335.82,0.12,295.52,Credit Card,Desktop
8055,3389,20260911,17,1290,99,4,503.6,0.21,1591.38,PayPal,Mobile
8056,2588,20260214,12,1320,51,3,65.08,0.01,193.29,Debit Card,Mobile
8057,1953,20260414,17,1731,68,2,930.7,0.2,1489.12,PayPal,Desktop
8058,2014,20260727,22,1525,28,3,302.62,0.11,808.0,Credit Card,Desktop
8059,28,20260908,24,1590,30,1,766.41,0.28,551.82,Debit Card,Mobile
8060,3664,20260703,14,1018,26,2,439.58,0.12,773.66,Debit Card,Mobile
8061,2530,20260607,4,52,98,2,569.34,0.18,933.72,Credit Card,Mobile
8062,3237,20260328,5,1646,17,4,288.22,0.01,1141.35,Debit Card,Desktop
8063,1630,20260712,9,765,86,1,802.33,0.12,706.05,PayPal,Desktop
8064,456,20260830,7,265,94,4,566.84,0.09,2063.3,PayPal,Desktop
8065,3985,20260914,48,360,63,2,322.69,0.03,626.02,Debit Card,Mobile
8066,226,20260209,43,1519,37,1,982.47,0.19,795.8,Debit Card,Mobile
8067,288,20260414,41,856,68,2,460.92,0.03,894.18,Debit Card,Mobile
8068,2827,20261121,34,1409,17,1,195.11,0.26,144.38,Debit Card,Desktop
8069,3234,20260214,23,7,76,2,341.15,0.19,552.66,Debit Card,Mobile
8070,3778,20260419,34,977,6,3,235.92,0.01,700.68,Credit Card,Mobile
8071,2427,20261227,35,738,96,3,310.25,0.05,884.21,Credit Card,Desktop
8072,2725,20260131,15,569,40,4,327.56,0.13,1139.91,Debit Card,Desktop
8073,1069,20260418,31,528,73,3,815.65,0.09,2226.72,Debit Card,Desktop
8074,60,20261018,5,1944,100,2,165.17,0.03,320.43,Debit Card,Mobile
8075,2561,20260326,34,192,45,2,733.32,0.29,1041.31,PayPal,Desktop
8076,1744,20261004,47,1149,68,3,555.92,0.05,1584.37,Debit Card,Desktop
8077,709,20260117,15,304,31,4,532.81,0.17,1768.93,Debit Card,Mobile
8078,2910,20260206,11,354,42,3,284.08,0.18,698.84,PayPal,Desktop
8079,1842,20261022,2,429,11,1,698.24,0.09,635.4,Debit Card,Desktop
8080,3413,20261007,6,1549,84,1,676.12,0.02,662.6,Credit Card,Mobile
8081,771,20260523,4,1047,13,1,496.33,0.25,372.25,Debit Card,Mobile
8082,1467,20260523,29,1946,36,3,221.47,0.07,617.9,PayPal,Desktop
8083,1533,20261215,42,251,57,3,310.19,0.25,697.93,Credit Card,Mobile
8084,1075,20260103,33,933,51,3,113.82,0.1,307.31,Debit Card,Desktop
8085,3018,20260929,37,151,54,1,135.85,0.25,101.89,Debit Card,Desktop
8086,3239,20260621,29,298,72,4,654.19,0.28,1884.07,Debit Card,Desktop
8087,218,20260320,8,984,12,2,122.71,0.07,228.24,Debit Card,Desktop
8088,2766,20260323,9,1244,89,3,885.94,0.05,2524.93,Debit Card,Desktop
8089,2893,20260413,21,167,50,4,948.95,0.17,3150.51,Debit Card,Desktop
8090,1366,20260220,18,1753,2,2,569.88,0.0,1139.76,Credit Card,Desktop
8091,56,20260426,43,1359,78,2,541.84,0.24,823.6,Debit Card,Mobile
8092,3117,20260110,40,815,89,2,792.14,0.26,1172.37,Credit Card,Mobile
8093,3251,20261119,38,873,43,4,634.79,0.18,2082.11,PayPal,Mobile
8094,2047,20260426,2,2000,85,4,145.67,0.17,483.62,PayPal,Desktop
8095,3721,20260923,17,1422,75,1,754.04,0.1,678.64,PayPal,Mobile
8096,3610,20260805,21,888,61,4,855.21,0.02,3352.42,Credit Card,Desktop
8097,2192,20260809,22,243,94,4,517.65,0.25,1552.95,Debit Card,Mobile
8098,3815,20260112,24,299,84,4,241.24,0.17,800.92,PayPal,Desktop
8099,271,20260828,22,1942,37,2,631.36,0.24,959.67,PayPal,Mobile
8100,2107,20261208,38,1142,44,3,399.32,0.01,1185.98,Credit Card,Mobile
8101,1559,20261006,44,1605,99,1,575.45,0.03,558.19,Debit Card,Desktop
8102,2292,20260413,50,657,15,3,308.24,0.3,647.3,PayPal,Desktop
8103,1855,20261111,24,939,85,3,900.62,0.26,1999.38,Credit Card,Desktop
8104,787,20261020,7,1602,26,4,350.64,0.01,1388.53,PayPal,Desktop
8105,2511,20260405,42,1596,86,1,702.04,0.17,582.69,Debit Card,Desktop
8106,3676,20260825,41,1299,79,3,140.33,0.07,391.52,Debit Card,Desktop
8107,1198,20260112,23,135,81,3,93.16,0.13,243.15,Credit Card,Mobile
8108,714,20260519,15,1064,98,1,890.3,0.28,641.02,Debit Card,Mobile
8109,1211,20260123,47,954,51,4,242.85,0.03,942.26,Credit Card,Desktop
8110,3591,20260102,12,1511,55,3,595.1,0.26,1321.12,Credit Card,Mobile
8111,3211,20260319,46,732,26,2,382.07,0.28,550.18,Debit Card,Desktop
8112,2316,20260328,36,1755,47,3,162.84,0.0,488.52,Credit Card,Mobile
8113,3266,20260816,3,886,51,2,172.94,0.24,262.87,Debit Card,Desktop
8114,1491,20260521,37,1020,28,4,886.54,0.19,2872.39,Credit Card,Mobile
8115,3176,20260822,17,767,89,3,357.47,0.07,997.34,Credit Card,Mobile
8116,569,20260103,37,534,67,1,732.12,0.17,607.66,Credit Card,Desktop
8117,1720,20260127,32,306,75,1,314.35,0.17,260.91,Debit Card,Mobile
8118,3728,20260817,38,1919,9,3,734.12,0.23,1695.82,Debit Card,Mobile
8119,3848,20260820,2,74,35,4,709.09,0.16,2382.54,Debit Card,Mobile
8120,3839,20260101,35,1141,91,4,208.27,0.22,649.8,Credit Card,Mobile
8121,3263,20261024,32,6,99,1,470.56,0.28,338.8,PayPal,Desktop
8122,2735,20260901,11,1830,96,3,87.07,0.02,255.99,Debit Card,Mobile
8123,3783,20260517,9,1272,74,4,319.46,0.03,1239.5,Credit Card,Mobile
8124,1655,20260218,31,1338,34,1,70.56,0.06,66.33,Credit Card,Mobile
8125,3371,20261029,50,1366,94,2,225.16,0.22,351.25,Debit Card,Mobile
8126,882,20260912,7,1417,66,3,72.76,0.18,178.99,Credit Card,Mobile
8127,3747,20260502,30,215,39,2,787.56,0.06,1480.61,PayPal,Mobile
8128,1259,20260122,23,52,71,2,935.81,0.22,1459.86,Credit Card,Desktop
8129,2231,20261123,46,813,67,4,390.22,0.27,1139.44,Debit Card,Mobile
8130,2260,20261101,44,1437,39,4,961.95,0.08,3539.98,Debit Card,Desktop
8131,779,20260513,11,1620,69,4,569.42,0.05,2163.8,Debit Card,Desktop
8132,1670,20260326,18,1966,60,3,825.83,0.0,2477.49,Credit Card,Desktop
8133,3352,20260530,35,1116,39,2,181.76,0.11,323.53,Credit Card,Desktop
8134,1106,20260811,23,53,11,3,803.96,0.27,1760.67,Credit Card,Desktop
8135,3279,20261209,41,554,91,4,85.91,0.03,333.33,Credit Card,Mobile
8136,1628,20260221,12,1516,13,2,706.13,0.02,1384.01,Credit Card,Desktop
8137,1675,20261109,47,371,12,3,666.85,0.22,1560.43,Debit Card,Desktop
8138,194,20260829,25,400,9,3,221.57,0.01,658.06,Debit Card,Mobile
8139,1053,20260118,14,373,75,1,922.08,0.04,885.2,Debit Card,Desktop
8140,3517,20260103,34,1438,50,3,681.19,0.24,1553.11,Debit Card,Mobile
8141,2900,20261021,32,355,99,4,818.05,0.22,2552.32,Debit Card,Desktop
8142,280,20260312,34,1765,72,3,813.59,0.2,1952.62,PayPal,Desktop
8143,1095,20260119,25,292,3,2,462.41,0.01,915.57,Credit Card,Desktop
8144,1948,20260525,5,1182,80,3,934.54,0.22,2186.82,Credit Card,Desktop
8145,607,20261215,41,152,33,1,503.04,0.08,462.8,Credit Card,Mobile
8146,2287,20260220,50,159,30,2,314.51,0.14,540.96,Debit Card,Desktop
8147,41,20260609,32,118,25,2,617.66,0.25,926.49,PayPal,Mobile
8148,3484,20261016,48,451,94,1,327.38,0.14,281.55,Debit Card,Mobile
8149,3686,20260602,20,1363,86,4,514.99,0.12,1812.76,PayPal,Mobile
8150,1824,20260307,49,200,54,2,839.47,0.09,1527.84,PayPal,Desktop
8151,2053,20260126,46,1171,47,4,803.99,0.08,2958.68,Credit Card,Desktop
8152,3223,20260302,46,1463,89,2,302.79,0.19,490.52,Debit Card,Desktop
8153,2473,20260607,31,163,65,2,437.83,0.12,770.58,Credit Card,Mobile
8154,850,20260313,16,725,64,4,745.5,0.01,2952.18,Debit Card,Desktop
8155,3665,20261114,26,944,46,2,309.53,0.14,532.39,Debit Card,Desktop
8156,1626,20260713,29,1648,33,4,676.92,0.15,2301.53,PayPal,Mobile
8157,1610,20260423,38,1566,93,1,337.58,0.15,286.94,Debit Card,Mobile
8158,662,20260419,8,867,90,4,207.73,0.23,639.81,Debit Card,Desktop
8159,1163,20260413,47,588,89,1,716.65,0.26,530.32,PayPal,Mobile
8160,67,20260303,19,1172,66,2,340.86,0.03,661.27,Credit Card,Desktop
8161,3453,20261114,33,206,98,4,90.76,0.02,355.78,PayPal,Mobile
8162,1640,20260805,38,118,42,2,397.44,0.23,612.06,PayPal,Mobile
8163,1448,20261002,14,1269,59,4,911.33,0.14,3134.98,PayPal,Mobile
8164,888,20260119,49,524,12,1,354.77,0.3,248.34,Credit Card,Mobile
8165,2419,20260912,22,121,85,1,390.03,0.29,276.92,Credit Card,Desktop
8166,859,20260520,28,564,5,4,907.74,0.11,3231.55,Credit Card,Desktop
8167,3351,20260331,3,1363,87,1,970.22,0.04,931.41,PayPal,Desktop
8168,3241,20261027,7,297,97,2,355.25,0.28,511.56,PayPal,Mobile
8169,2354,20260704,40,1731,95,2,370.06,0.17,614.3,Debit Card,Mobile
8170,456,20260518,28,802,44,3,116.6,0.21,276.34,Debit Card,Mobile
8171,354,20260714,7,1323,61,1,819.61,0.04,786.83,Credit Card,Mobile
8172,620,20260308,45,728,26,2,570.54,0.2,912.86,PayPal,Mobile
8173,3995,20260723,45,1452,80,4,117.26,0.09,426.83,Credit Card,Desktop
8174,1714,20261024,22,151,40,1,198.26,0.02,194.29,PayPal,Mobile
8175,1206,20260202,27,1133,64,2,144.53,0.28,208.12,Credit Card,Desktop
8176,60,20260301,12,251,48,1,162.31,0.07,150.95,Credit Card,Desktop
8177,1335,20260629,41,1197,77,4,89.5,0.06,336.52,Debit Card,Desktop
8178,622,20260425,8,416,100,2,133.61,0.2,213.78,Credit Card,Mobile
8179,1562,20260608,25,1428,50,3,237.98,0.21,564.01,Credit Card,Mobile
8180,3986,20260414,12,161,43,3,925.98,0.24,2111.23,Credit Card,Desktop
8181,315,20260513,19,859,94,1,63.74,0.12,56.09,Credit Card,Mobile
8182,1128,20260105,39,1143,37,4,376.05,0.3,1052.94,Debit Card,Desktop
8183,3718,20260710,4,58,62,2,258.87,0.06,486.68,Debit Card,Mobile
8184,965,20260414,14,1968,89,4,857.8,0.06,3225.33,Credit Card,Desktop
8185,1435,20261115,8,1027,4,2,311.55,0.26,461.09,PayPal,Mobile
8186,2193,20260818,10,689,42,1,680.03,0.12,598.43,Debit Card,Mobile
8187,3723,20260917,25,181,19,2,454.5,0.22,709.02,Credit Card,Desktop
8188,1385,20260924,1,982,27,4,512.16,0.0,2048.64,Credit Card,Mobile
8189,3915,20260904,44,1378,68,4,872.44,0.17,2896.5,Debit Card,Desktop
8190,794,20260508,7,1870,28,1,417.42,0.12,367.33,PayPal,Desktop
8191,837,20260402,35,1183,59,4,705.36,0.12,2482.87,Debit Card,Desktop
8192,744,20260908,6,589,26,2,71.95,0.2,115.12,PayPal,Desktop
8193,3669,20261108,40,466,73,1,833.7,0.22,650.29,Debit Card,Mobile
8194,3053,20260816,50,306,69,2,986.36,0.15,1676.81,PayPal,Mobile
8195,2560,20260629,49,1655,49,4,890.09,0.11,3168.72,Credit Card,Desktop
8196,1154,20260128,20,943,60,1,216.87,0.2,173.5,Credit Card,Desktop
8197,1382,20260524,32,1071,21,2,565.82,0.06,1063.74,PayPal,Mobile
8198,536,20260518,15,1824,42,4,871.8,0.09,3173.35,Credit Card,Desktop
8199,2425,20261007,16,1210,29,4,541.19,0.06,2034.87,PayPal,Desktop
8200,1730,20260114,13,1112,91,3,422.42,0.04,1216.57,Credit Card,Mobile
8201,1212,20261114,31,1890,90,4,154.17,0.04,592.01,PayPal,Desktop
8202,1475,20260523,27,1468,88,2,387.13,0.08,712.32,PayPal,Mobile
8203,3437,20260409,35,843,65,1,680.57,0.19,551.26,Debit Card,Desktop
8204,2446,20261026,20,1897,67,3,223.82,0.18,550.6,Credit Card,Mobile
8205,3978,20261107,19,1065,17,4,658.71,0.09,2397.7,Debit Card,Desktop
8206,2476,20260305,6,1950,82,4,587.67,0.22,1833.53,Credit Card,Desktop
8207,1219,20260226,20,1392,58,4,837.13,0.07,3114.12,Debit Card,Mobile
8208,1161,20261024,20,89,94,2,141.64,0.16,237.96,Credit Card,Desktop
8209,725,20260817,13,181,88,3,790.41,0.0,2371.23,PayPal,Desktop
8210,2098,20260226,35,274,88,2,498.19,0.04,956.52,PayPal,Desktop
8211,3903,20261219,29,1993,16,3,299.25,0.22,700.25,PayPal,Mobile
8212,375,20260516,12,1897,70,1,393.03,0.18,322.28,PayPal,Desktop
8213,2762,20260301,31,1849,40,2,203.12,0.19,329.05,PayPal,Desktop
8214,3074,20260816,47,1524,30,2,933.24,0.29,1325.2,Debit Card,Desktop
8215,3182,20260305,31,49,39,1,859.68,0.07,799.5,Debit Card,Mobile
8216,3128,20261230,8,1344,89,3,205.84,0.26,456.96,Credit Card,Desktop
8217,455,20260112,47,1959,18,4,407.95,0.15,1387.03,Credit Card,Mobile
8218,3987,20260708,50,1899,79,1,538.66,0.23,414.77,PayPal,Desktop
8219,3251,20261114,44,1964,56,4,677.66,0.02,2656.43,PayPal,Mobile
8220,129,20261226,24,742,65,4,300.76,0.04,1154.92,PayPal,Desktop
8221,2439,20260330,5,1619,73,1,271.32,0.23,208.92,PayPal,Desktop
8222,639,20260703,40,899,62,3,198.73,0.05,566.38,Credit Card,Mobile
8223,1162,20260706,23,1148,41,4,649.16,0.24,1973.45,Debit Card,Desktop
8224,1206,20260311,47,1029,93,1,199.86,0.01,197.86,Debit Card,Mobile
8225,2691,20261023,45,1804,88,2,155.1,0.18,254.36,PayPal,Desktop
8226,2770,20260818,44,483,59,2,276.4,0.2,442.24,Credit Card,Desktop
8227,2566,20260421,5,903,11,2,188.81,0.02,370.07,PayPal,Desktop
8228,1762,20260702,13,272,77,1,881.53,0.14,758.12,Debit Card,Mobile
8229,3587,20260721,23,1415,55,2,860.98,0.04,1653.08,PayPal,Desktop
8230,841,20260519,32,579,63,4,806.11,0.22,2515.06,Credit Card,Mobile
8231,997,20261126,34,876,86,2,65.49,0.12,115.26,PayPal,Mobile
8232,3391,20260307,8,1395,59,2,416.68,0.15,708.36,Debit Card,Desktop
8233,274,20260111,35,1284,71,4,366.99,0.29,1042.25,Debit Card,Desktop
8234,2107,20261007,41,961,50,2,359.48,0.06,675.82,PayPal,Mobile
8235,1710,20260817,4,22,32,4,199.04,0.08,732.47,Debit Card,Mobile
8236,3860,20260101,36,354,68,2,774.43,0.26,1146.16,Debit Card,Mobile
8237,2413,20260501,38,552,86,4,404.37,0.14,1391.03,PayPal,Desktop
8238,84,20260513,39,977,7,2,371.76,0.25,557.64,Debit Card,Desktop
8239,3954,20261205,45,969,85,4,997.14,0.02,3908.79,Credit Card,Mobile
8240,3966,20261215,27,218,13,1,354.33,0.24,269.29,Debit Card,Desktop
8241,1066,20261117,41,62,18,4,367.66,0.25,1102.98,Debit Card,Mobile
8242,470,20260128,15,1894,4,2,157.87,0.17,262.06,PayPal,Mobile
8243,3148,20261101,28,1306,80,2,383.21,0.03,743.43,Debit Card,Mobile
8244,3096,20260630,14,539,42,3,813.63,0.04,2343.25,Credit Card,Desktop
8245,3215,20260115,5,1852,95,4,702.96,0.28,2024.52,Credit Card,Desktop
8246,2693,20260716,36,1793,8,1,413.98,0.14,356.02,Debit Card,Mobile
8247,3589,20260808,4,1458,54,4,100.35,0.1,361.26,Debit Card,Mobile
8248,730,20260701,36,1496,36,4,140.72,0.16,472.82,Credit Card,Mobile
8249,1861,20261204,40,42,35,1,329.22,0.08,302.88,Credit Card,Mobile
8250,3026,20260614,10,1770,38,4,263.87,0.14,907.71,Debit Card,Mobile
8251,636,20260629,19,1334,91,1,907.13,0.11,807.35,Credit Card,Mobile
8252,3599,20260508,36,1687,14,1,934.97,0.02,916.27,Credit Card,Desktop
8253,1576,20261009,24,1105,90,4,588.01,0.26,1740.51,Credit Card,Desktop
8254,839,20261122,47,1332,79,4,215.77,0.07,802.66,Debit Card,Desktop
8255,3971,20260728,40,550,42,2,75.55,0.28,108.79,Debit Card,Desktop
8256,882,20260813,6,1269,48,2,99.06,0.18,162.46,Debit Card,Desktop
8257,2590,20260619,16,1218,96,3,586.94,0.05,1672.78,Debit Card,Desktop
8258,2527,20261128,14,11,60,3,785.47,0.18,1932.26,PayPal,Desktop
8259,1075,20260618,17,1221,84,4,481.84,0.25,1445.52,PayPal,Mobile
8260,1968,20260328,31,235,40,1,818.62,0.07,761.32,PayPal,Desktop
8261,2766,20260618,10,1140,55,3,924.63,0.01,2746.15,Credit Card,Mobile
8262,3421,20260209,40,138,5,4,532.27,0.13,1852.3,PayPal,Mobile
8263,2848,20261007,42,1548,29,3,726.25,0.16,1830.15,Debit Card,Mobile
8264,14,20260227,33,1341,83,1,155.27,0.09,141.3,Debit Card,Desktop
8265,3512,20261224,15,1587,87,4,798.02,0.08,2936.71,Credit Card,Desktop
8266,3390,20260727,45,132,73,1,496.42,0.03,481.53,PayPal,Desktop
8267,2328,20260208,18,742,93,4,960.26,0.03,3725.81,PayPal,Mobile
8268,2621,20260725,9,146,53,3,385.92,0.23,891.48,Debit Card,Desktop
8269,2788,20260215,1,1741,1,2,335.04,0.13,582.97,Credit Card,Desktop
8270,438,20261125,20,492,59,3,450.29,0.22,1053.68,Debit Card,Mobile
8271,3859,20260323,28,1616,75,3,219.81,0.11,586.89,PayPal,Mobile
8272,949,20260210,23,589,69,2,848.52,0.08,1561.28,PayPal,Mobile
8273,587,20260123,30,853,92,2,735.05,0.15,1249.58,Credit Card,Mobile
8274,1012,20260502,6,200,2,4,475.16,0.14,1634.55,Credit Card,Desktop
8275,2701,20261220,21,1758,75,4,820.11,0.23,2525.94,Credit Card,Mobile
8276,2846,20260619,23,1367,9,1,942.39,0.09,857.57,PayPal,Desktop
8277,2028,20261022,17,1890,56,1,310.38,0.2,248.3,Debit Card,Mobile
8278,3329,20260427,34,1099,11,3,608.26,0.23,1405.08,Credit Card,Mobile
8279,193,20260219,29,774,99,2,768.73,0.22,1199.22,PayPal,Mobile
8280,3771,20260615,24,1827,41,1,682.81,0.23,525.76,PayPal,Desktop
8281,2836,20260124,29,1862,60,3,289.16,0.11,772.06,Debit Card,Desktop
8282,1529,20260902,18,1204,51,2,729.5,0.04,1400.64,Debit Card,Mobile
8283,2598,20260906,31,440,97,4,795.56,0.05,3023.13,Debit Card,Mobile
8284,479,20260418,10,238,52,3,572.35,0.11,1528.17,PayPal,Desktop
8285,1582,20260403,34,1292,99,4,622.85,0.2,1993.12,PayPal,Mobile
8286,2310,20260902,4,1339,34,1,267.41,0.05,254.04,Credit Card,Desktop
8287,1191,20261005,26,1688,1,1,358.36,0.21,283.1,PayPal,Desktop
8288,2075,20260917,39,1247,31,2,550.74,0.1,991.33,Credit Card,Mobile
8289,3034,20261116,15,387,94,3,123.27,0.25,277.36,Credit Card,Desktop
8290,1333,20260602,14,614,89,4,170.15,0.14,585.32,PayPal,Desktop
8291,58,20260802,19,640,54,2,289.17,0.11,514.72,Credit Card,Desktop
8292,3138,20260113,49,1933,84,1,863.66,0.09,785.93,Debit Card,Mobile
8293,2969,20260727,43,1467,93,1,935.15,0.03,907.1,Debit Card,Desktop
8294,905,20260218,15,903,76,3,512.57,0.02,1506.96,Credit Card,Desktop
8295,544,20260814,48,1864,6,4,302.47,0.04,1161.48,Debit Card,Desktop
8296,2051,20260111,2,1421,69,3,406.16,0.2,974.78,Debit Card,Desktop
8297,2968,20261031,36,1366,75,4,928.65,0.23,2860.24,Credit Card,Desktop
8298,48,20260127,29,1660,19,4,525.76,0.15,1787.58,Debit Card,Mobile
8299,3939,20260201,49,1150,89,3,503.5,0.07,1404.76,Debit Card,Desktop
8300,1736,20260316,50,1879,51,2,193.95,0.25,290.92,Debit Card,Mobile
8301,2139,20260523,45,1968,56,3,638.32,0.27,1397.92,Credit Card,Mobile
8302,1523,20260616,36,661,98,3,728.81,0.01,2164.57,Debit Card,Mobile
8303,277,20261231,28,1837,64,1,326.65,0.12,287.45,PayPal,Mobile
8304,2470,20260226,21,291,52,1,185.83,0.02,182.11,Credit Card,Desktop
8305,2728,20260304,38,882,65,3,537.56,0.14,1386.9,Credit Card,Desktop
8306,3162,20260313,28,523,70,3,887.92,0.3,1864.63,PayPal,Desktop
8307,550,20260513,43,668,71,1,489.47,0.07,455.21,Credit Card,Desktop
8308,935,20260417,2,1727,5,4,290.97,0.26,861.27,Debit Card,Mobile
8309,2630,20260716,26,1162,15,3,884.64,0.29,1884.28,PayPal,Desktop
8310,2468,20260506,44,491,1,2,955.03,0.19,1547.15,Debit Card,Mobile
8311,3761,20261003,19,7,36,2,524.65,0.11,933.88,Debit Card,Desktop
8312,1781,20260217,44,1867,90,2,76.33,0.02,149.61,Credit Card,Desktop
8313,376,20260917,34,1255,26,3,864.27,0.24,1970.54,PayPal,Mobile
8314,791,20261021,28,789,100,4,711.39,0.13,2475.64,Credit Card,Desktop
8315,294,20260702,36,983,72,4,66.47,0.02,260.56,Debit Card,Mobile
8316,2922,20260427,13,789,83,1,823.77,0.09,749.63,Credit Card,Mobile
8317,2706,20260623,43,1694,92,3,112.32,0.05,320.11,Debit Card,Mobile
8318,535,20260927,20,130,42,4,965.74,0.2,3090.37,PayPal,Mobile
8319,3237,20260204,41,1280,31,3,197.78,0.24,450.94,Credit Card,Desktop
8320,160,20260416,16,1331,21,1,66.32,0.2,53.06,PayPal,Desktop
8321,3880,20261105,30,466,60,1,793.28,0.21,626.69,PayPal,Desktop
8322,2828,20260708,41,1878,38,1,463.88,0.22,361.83,PayPal,Mobile
8323,1516,20260112,9,65,62,2,572.59,0.26,847.43,Credit Card,Desktop
8324,791,20261108,32,790,34,3,990.91,0.22,2318.73,PayPal,Desktop
8325,3854,20261222,2,1915,76,1,125.63,0.29,89.2,PayPal,Desktop
8326,554,20260613,24,664,38,3,392.97,0.21,931.34,PayPal,Desktop
8327,3551,20260306,5,531,12,2,210.62,0.1,379.12,Credit Card,Desktop
8328,2163,20260414,50,884,14,2,190.51,0.26,281.95,Credit Card,Mobile
8329,1425,20260408,28,204,81,1,931.34,0.06,875.46,Credit Card,Mobile
8330,1000,20260209,32,287,27,1,167.65,0.2,134.12,PayPal,Desktop
8331,2096,20260829,12,1521,16,4,731.13,0.19,2368.86,Credit Card,Desktop
8332,313,20261120,8,157,14,3,217.12,0.28,468.98,PayPal,Mobile
8333,201,20261021,33,988,75,1,571.81,0.2,457.45,PayPal,Mobile
8334,3372,20260423,5,386,67,4,246.28,0.18,807.8,PayPal,Mobile
8335,3325,20261119,28,1684,3,3,662.59,0.17,1649.85,Credit Card,Mobile
8336,2692,20260919,43,1500,65,1,195.59,0.17,162.34,PayPal,Mobile
8337,3132,20261007,21,1890,83,4,163.25,0.07,607.29,PayPal,Desktop
8338,3861,20260402,24,1036,92,4,985.06,0.07,3664.42,PayPal,Mobile
8339,3169,20260705,29,996,85,3,979.74,0.16,2468.94,PayPal,Desktop
8340,2028,20260914,37,106,23,4,84.39,0.12,297.05,Debit Card,Desktop
8341,818,20260803,42,706,74,3,298.2,0.05,849.87,PayPal,Desktop
8342,2972,20260520,50,1196,24,3,538.56,0.01,1599.52,PayPal,Desktop
8343,3308,20260115,32,1859,48,3,886.67,0.17,2207.81,Debit Card,Mobile
8344,2271,20260320,38,1132,5,2,930.2,0.19,1506.92,Credit Card,Desktop
8345,3177,20260826,14,1690,52,4,417.52,0.17,1386.17,Credit Card,Mobile
8346,3132,20260621,33,769,54,3,900.78,0.12,2378.06,PayPal,Mobile
8347,1111,20260520,35,1742,33,1,101.36,0.07,94.26,Debit Card,Desktop
8348,3346,20260616,13,1336,97,2,279.59,0.14,480.89,Credit Card,Desktop
8349,1823,20260408,4,1038,86,2,256.94,0.1,462.49,Credit Card,Mobile
8350,2430,20260831,25,836,12,4,391.4,0.25,1174.2,PayPal,Desktop
8351,2128,20260606,43,550,75,3,676.94,0.12,1787.12,Credit Card,Desktop
8352,1574,20260829,8,197,33,4,166.75,0.15,566.95,Credit Card,Mobile
8353,1391,20260327,38,856,2,2,675.77,0.25,1013.65,Debit Card,Desktop
8354,729,20260924,49,1203,47,3,368.0,0.11,982.56,Credit Card,Desktop
8355,3011,20260528,18,1094,66,1,253.75,0.01,251.21,Debit Card,Desktop
8356,1324,20260203,29,1532,41,3,556.47,0.15,1419.0,Debit Card,Desktop
8357,875,20260925,28,1226,90,2,954.85,0.13,1661.44,PayPal,Mobile
8358,2698,20261122,31,1932,30,1,84.49,0.15,71.82,PayPal,Mobile
8359,2867,20260424,49,72,60,3,452.78,0.29,964.42,Debit Card,Desktop
8360,881,20260805,13,610,1,1,465.71,0.29,330.65,PayPal,Desktop
8361,122,20260128,8,1424,87,1,354.45,0.1,319.0,Credit Card,Mobile
8362,1192,20260410,15,1529,12,2,824.68,0.28,1187.54,Debit Card,Mobile
8363,3857,20261217,28,1425,29,1,512.48,0.09,466.36,Credit Card,Desktop
8364,596,20260501,26,1832,16,4,757.74,0.01,3000.65,PayPal,Mobile
8365,1311,20260304,10,781,27,2,365.1,0.16,613.37,Credit Card,Mobile
8366,3239,20260212,34,1738,91,4,93.69,0.21,296.06,PayPal,Desktop
8367,1153,20260829,27,289,5,1,500.06,0.21,395.05,Debit Card,Desktop
8368,370,20260310,34,860,51,4,67.58,0.21,213.55,PayPal,Mobile
8369,1243,20260829,3,163,100,3,206.47,0.07,576.05,PayPal,Mobile
8370,1802,20260525,47,525,14,1,586.96,0.24,446.09,PayPal,Mobile
8371,326,20260915,42,729,96,3,704.23,0.04,2028.18,Credit Card,Mobile
8372,3032,20260226,35,1148,98,4,610.44,0.16,2051.08,Credit Card,Desktop
8373,3258,20260801,39,539,56,3,713.69,0.08,1969.78,Credit Card,Desktop
8374,2837,20260817,34,824,82,1,747.08,0.16,627.55,PayPal,Mobile
8375,946,20260612,30,585,43,3,991.26,0.14,2557.45,Debit Card,Mobile
8376,1832,20260609,12,919,34,4,842.3,0.29,2392.13,PayPal,Desktop
8377,2819,20261101,42,1678,77,4,927.21,0.04,3560.49,PayPal,Mobile
8378,1737,20260815,29,1051,14,4,120.4,0.07,447.89,PayPal,Mobile
8379,3268,20260225,49,328,29,1,364.98,0.08,335.78,Debit Card,Mobile
8380,2720,20261029,45,1925,3,4,699.24,0.14,2405.39,Debit Card,Mobile
8381,3936,20260509,35,1093,53,1,840.5,0.1,756.45,Credit Card,Mobile
8382,1507,20260722,37,1541,5,3,306.52,0.05,873.58,Debit Card,Mobile
8383,1314,20260307,49,695,34,4,895.3,0.14,3079.83,PayPal,Desktop
8384,278,20260120,1,2000,88,3,850.74,0.08,2348.04,PayPal,Desktop
8385,1881,20261030,27,1455,1,2,711.25,0.16,1194.9,Credit Card,Desktop
8386,2815,20260802,29,1173,27,3,918.14,0.29,1955.64,PayPal,Mobile
8387,798,20260910,25,1308,92,2,927.37,0.2,1483.79,Credit Card,Desktop
8388,3483,20261025,37,998,95,3,543.1,0.01,1613.01,PayPal,Mobile
8389,2362,20260109,33,481,90,1,524.88,0.27,383.16,Credit Card,Mobile
8390,1655,20260107,9,575,1,3,152.72,0.23,352.78,PayPal,Mobile
8391,614,20260211,46,1981,91,1,629.07,0.24,478.09,Debit Card,Desktop
8392,3794,20260722,21,843,89,1,507.71,0.26,375.71,Credit Card,Mobile
8393,1348,20260316,2,749,40,4,938.87,0.27,2741.5,PayPal,Desktop
8394,3400,20260827,43,590,65,1,749.76,0.26,554.82,PayPal,Mobile
8395,1175,20260711,12,16,4,2,599.22,0.08,1102.56,Credit Card,Mobile
8396,2711,20260425,29,1773,13,4,338.59,0.3,948.05,Debit Card,Mobile
8397,2702,20261229,33,124,16,4,320.06,0.2,1024.19,Credit Card,Desktop
8398,2194,20260402,36,1775,38,3,677.0,0.18,1665.42,Credit Card,Desktop
8399,913,20261107,34,1408,44,1,781.47,0.09,711.14,Credit Card,Desktop
8400,3832,20260611,10,25,63,1,849.48,0.03,824.0,Credit Card,Mobile
8401,2595,20260612,4,676,50,2,806.93,0.2,1291.09,Credit Card,Mobile
8402,146,20260405,15,346,83,3,192.63,0.15,491.21,PayPal,Mobile
8403,782,20260502,30,1095,3,3,792.63,0.22,1854.75,Credit Card,Desktop
8404,1676,20261003,18,304,74,4,343.35,0.18,1126.19,Credit Card,Desktop
8405,2404,20260617,13,359,100,4,397.91,0.13,1384.73,Credit Card,Mobile
8406,2696,20261219,9,1641,39,4,722.22,0.16,2426.66,Debit Card,Mobile
8407,414,20260423,1,1049,48,2,87.54,0.12,154.07,Debit Card,Desktop
8408,1670,20260129,17,4,97,2,315.43,0.17,523.61,Debit Card,Desktop
8409,3641,20260220,8,1043,18,4,405.9,0.03,1574.89,Credit Card,Mobile
8410,3560,20260528,11,1526,94,3,157.06,0.2,376.94,PayPal,Desktop
8411,733,20260201,13,1799,95,2,124.02,0.04,238.12,Credit Card,Mobile
8412,557,20260422,46,1107,41,3,590.63,0.19,1435.23,PayPal,Mobile
8413,1299,20260525,3,353,18,3,982.0,0.15,2504.1,Credit Card,Desktop
8414,215,20261113,45,1557,11,1,130.58,0.25,97.94,PayPal,Desktop
8415,1,20260425,22,1251,62,4,698.43,0.29,1983.54,PayPal,Desktop
8416,3507,20261206,43,1107,12,1,800.93,0.24,608.71,Debit Card,Mobile
8417,2673,20261122,40,1327,39,4,357.49,0.04,1372.76,PayPal,Mobile
8418,2484,20261116,35,1780,12,4,865.36,0.14,2976.84,Debit Card,Desktop
8419,3339,20260504,42,1531,97,3,70.47,0.03,205.07,Credit Card,Mobile
8420,2997,20260628,8,1667,56,4,312.54,0.28,900.12,PayPal,Desktop
8421,3865,20260127,1,1924,39,3,124.44,0.09,339.72,PayPal,Mobile
8422,1559,20260115,10,1327,81,3,436.11,0.2,1046.66,Credit Card,Mobile
8423,2890,20261112,32,391,56,4,569.72,0.19,1845.89,Debit Card,Mobile
8424,838,20261128,40,934,17,3,705.12,0.17,1755.75,Debit Card,Mobile
8425,1552,20260127,23,844,89,3,756.11,0.19,1837.35,PayPal,Desktop
8426,1744,20261113,29,1938,10,3,730.93,0.26,1622.66,Credit Card,Desktop
8427,78,20261112,7,468,3,2,345.17,0.08,635.11,Debit Card,Desktop
8428,2657,20260308,48,339,40,3,355.12,0.06,1001.44,PayPal,Desktop
8429,1623,20260123,36,872,71,2,485.26,0.06,912.29,PayPal,Desktop
8430,2353,20261010,12,1930,8,2,847.88,0.25,1271.82,PayPal,Mobile
8431,1184,20261222,3,550,2,3,183.93,0.21,435.91,Credit Card,Desktop
8432,2130,20260217,43,524,41,3,457.14,0.12,1206.85,PayPal,Mobile
8433,2673,20260221,9,340,44,2,353.3,0.13,614.74,PayPal,Desktop
8434,1670,20260923,1,595,43,2,159.27,0.23,245.28,PayPal,Mobile
8435,3688,20261228,31,1999,5,3,466.93,0.02,1372.77,Debit Card,Desktop
8436,394,20260604,31,299,75,3,631.95,0.14,1630.43,Credit Card,Mobile
8437,3374,20260724,16,457,35,4,585.22,0.03,2270.65,Debit Card,Mobile
8438,86,20260409,40,1305,18,2,567.21,0.25,850.82,Debit Card,Desktop
8439,483,20260916,4,1459,23,2,534.39,0.06,1004.65,Credit Card,Desktop
8440,1639,20261219,17,693,79,4,195.11,0.19,632.16,PayPal,Mobile
8441,2201,20260407,23,896,46,2,295.31,0.02,578.81,PayPal,Desktop
8442,1053,20260210,45,500,100,1,604.73,0.14,520.07,PayPal,Desktop
8443,3082,20260118,46,1370,82,2,288.54,0.26,427.04,PayPal,Desktop
8444,3637,20261227,9,1547,88,4,982.75,0.17,3262.73,Credit Card,Desktop
8445,2469,20260524,6,374,97,1,354.17,0.08,325.84,PayPal,Mobile
8446,3641,20260207,45,1169,37,3,842.98,0.24,1921.99,PayPal,Desktop
8447,2104,20260519,16,289,80,4,913.81,0.06,3435.93,PayPal,Desktop
8448,3577,20261208,19,319,57,4,525.89,0.14,1809.06,PayPal,Desktop
8449,3515,20260423,21,1687,83,3,53.34,0.08,147.22,Debit Card,Mobile
8450,3984,20261018,29,1089,84,4,967.38,0.26,2863.44,PayPal,Desktop
8451,808,20261230,35,1133,22,2,320.81,0.26,474.8,PayPal,Mobile
8452,2949,20260107,37,1555,21,3,997.64,0.3,2095.04,Debit Card,Mobile
8453,2065,20260326,38,1491,37,4,149.47,0.26,442.43,Debit Card,Mobile
8454,1778,20260506,25,757,48,3,984.19,0.29,2096.32,Debit Card,Mobile
8455,199,20261119,44,605,87,3,454.69,0.07,1268.59,Credit Card,Mobile
8456,323,20260613,23,812,38,3,601.91,0.26,1336.24,Credit Card,Desktop
8457,3100,20261208,22,1471,52,1,900.81,0.11,801.72,PayPal,Desktop
8458,2982,20260216,29,432,44,4,301.41,0.12,1060.96,PayPal,Mobile
8459,3417,20261220,40,785,20,1,529.22,0.22,412.79,Debit Card,Desktop
8460,1610,20260823,8,1654,55,4,298.95,0.03,1159.93,Debit Card,Desktop
8461,1897,20261218,26,635,2,2,423.62,0.09,770.99,Debit Card,Mobile
8462,1606,20260505,8,917,15,2,413.7,0.1,744.66,Credit Card,Mobile
8463,2338,20260805,25,1228,29,2,591.84,0.12,1041.64,PayPal,Mobile
8464,3806,20260524,10,465,40,4,896.97,0.19,2906.18,Debit Card,Mobile
8465,3722,20260805,21,172,45,3,620.57,0.05,1768.62,Debit Card,Mobile
8466,3154,20260927,19,910,58,3,245.89,0.15,627.02,PayPal,Desktop
8467,2866,20260205,16,850,95,1,524.76,0.06,493.27,Credit Card,Mobile
8468,3863,20260128,28,979,50,1,957.8,0.28,689.62,PayPal,Mobile
8469,1372,20260708,3,420,43,2,253.98,0.22,396.21,PayPal,Mobile
8470,2718,20260808,24,1886,40,1,688.85,0.24,523.53,PayPal,Mobile
8471,3466,20261118,20,783,39,4,693.94,0.03,2692.49,PayPal,Desktop
8472,3921,20260712,24,1753,58,4,55.91,0.16,187.86,Debit Card,Desktop
8473,3490,20260808,25,1796,26,1,809.18,0.01,801.09,PayPal,Mobile
8474,1658,20260525,12,295,64,1,173.76,0.23,133.8,Credit Card,Mobile
8475,3063,20260214,22,892,54,1,483.94,0.12,425.87,Debit Card,Mobile
8476,3179,20261107,3,1908,63,1,103.08,0.27,75.25,Credit Card,Desktop
8477,3227,20261215,43,400,53,2,520.08,0.05,988.15,Debit Card,Desktop
8478,2861,20260731,28,843,46,2,121.42,0.08,223.41,PayPal,Desktop
8479,3678,20261118,11,324,51,1,162.29,0.08,149.31,Credit Card,Mobile
8480,2890,20260411,17,1669,44,4,292.63,0.27,854.48,PayPal,Desktop
8481,358,20260331,30,882,35,2,303.33,0.08,558.13,PayPal,Mobile
8482,2607,20260805,5,53,75,4,141.55,0.24,430.31,PayPal,Desktop
8483,3948,20261127,36,501,27,3,504.41,0.24,1150.05,PayPal,Mobile
8484,979,20260909,48,238,45,4,995.15,0.07,3701.96,Debit Card,Desktop
8485,1018,20260905,42,1710,86,1,58.99,0.06,55.45,Credit Card,Desktop
8486,2773,20260214,25,118,51,3,619.41,0.06,1746.74,PayPal,Desktop
8487,2243,20261220,39,746,54,2,223.62,0.3,313.07,PayPal,Mobile
8488,3866,20260202,35,1703,76,2,90.77,0.06,170.65,Debit Card,Desktop
8489,2687,20260928,49,58,34,3,415.66,0.17,1034.99,Credit Card,Desktop
8490,1623,20260518,26,1303,83,4,142.79,0.12,502.62,PayPal,Mobile
8491,1343,20260414,19,1078,45,2,809.64,0.12,1424.97,Credit Card,Desktop
8492,3453,20260215,1,596,66,1,647.95,0.23,498.92,Credit Card,Mobile
8493,1074,20260611,44,1194,67,3,852.8,0.14,2200.22,PayPal,Desktop
8494,3204,20260704,47,1740,7,1,553.45,0.3,387.42,Credit Card,Desktop
8495,3387,20261030,14,1103,77,3,281.63,0.14,726.61,PayPal,Mobile
8496,2742,20260823,19,1549,34,2,589.67,0.07,1096.79,PayPal,Desktop
8497,3067,20260622,50,1265,3,4,798.07,0.16,2681.52,Debit Card,Desktop
8498,2423,20260414,48,1230,42,3,669.4,0.29,1425.82,Credit Card,Desktop
8499,3250,20260208,44,912,82,3,778.06,0.21,1844.0,PayPal,Mobile
8500,1740,20260601,15,890,28,1,399.38,0.19,323.5,Credit Card,Desktop
8501,1685,20260226,13,1702,57,2,181.36,0.27,264.79,PayPal,Desktop
8502,993,20260428,13,1545,26,1,885.16,0.29,628.46,PayPal,Desktop
8503,2340,20260722,49,1300,43,2,573.37,0.07,1066.47,Debit Card,Mobile
8504,1349,20261120,44,70,91,1,904.78,0.24,687.63,Credit Card,Desktop
8505,629,20260415,40,363,26,3,163.5,0.25,367.88,PayPal,Desktop
8506,1073,20260727,13,491,48,1,224.98,0.26,166.49,Debit Card,Mobile
8507,1997,20260330,20,1264,17,4,65.75,0.3,184.1,Credit Card,Mobile
8508,2066,20261124,12,1087,79,2,558.06,0.0,1116.12,Debit Card,Mobile
8509,582,20261208,17,758,52,2,680.51,0.13,1184.09,Debit Card,Desktop
8510,206,20260430,31,816,82,3,896.12,0.2,2150.69,PayPal,Mobile
8511,2759,20260902,37,790,6,2,78.22,0.23,120.46,PayPal,Desktop
8512,3729,20260827,21,1657,76,4,340.72,0.07,1267.48,Credit Card,Desktop
8513,3769,20260706,5,833,90,1,955.42,0.28,687.9,PayPal,Mobile
8514,1744,20260705,14,504,50,3,884.75,0.19,2149.94,Credit Card,Desktop
8515,2853,20261214,44,162,32,4,959.96,0.01,3801.44,PayPal,Mobile
8516,934,20260420,26,1018,21,2,116.06,0.06,218.19,Debit Card,Desktop
8517,2223,20260814,6,842,77,2,267.33,0.3,374.26,Credit Card,Mobile
8518,1114,20260625,9,90,52,4,77.22,0.22,240.93,Credit Card,Desktop
8519,1196,20260927,36,677,13,1,758.53,0.08,697.85,PayPal,Mobile
8520,3010,20261204,15,1198,21,1,459.26,0.22,358.22,Credit Card,Mobile
8521,2030,20260609,36,709,68,3,800.19,0.19,1944.46,Debit Card,Mobile
8522,3997,20260410,17,792,49,2,974.14,0.22,1519.66,Debit Card,Desktop
8523,224,20260724,2,1516,63,4,554.42,0.18,1818.5,Credit Card,Desktop
8524,1856,20260108,32,596,56,1,278.06,0.15,236.35,Debit Card,Mobile
8525,2123,20260917,11,762,87,3,680.49,0.01,2021.06,Debit Card,Mobile
8526,1381,20260525,50,714,33,2,302.37,0.22,471.7,Credit Card,Mobile
8527,1964,20260708,41,521,23,2,652.0,0.16,1095.36,Credit Card,Mobile
8528,184,20261025,23,1590,37,3,303.18,0.26,673.06,PayPal,Desktop
8529,2093,20261030,38,1047,30,3,666.21,0.08,1838.74,Credit Card,Mobile
8530,203,20260924,35,59,99,1,772.67,0.13,672.22,PayPal,Desktop
8531,2350,20260708,15,1351,91,4,801.11,0.28,2307.2,PayPal,Desktop
8532,1736,20260712,1,1960,4,2,478.86,0.23,737.44,PayPal,Desktop
8533,982,20260403,39,843,97,4,505.13,0.18,1656.83,Debit Card,Desktop
8534,3793,20260927,20,1295,26,2,883.62,0.18,1449.14,PayPal,Mobile
8535,2995,20260921,24,445,53,2,663.08,0.0,1326.16,Credit Card,Desktop
8536,3834,20260816,45,794,64,4,800.59,0.19,2593.91,PayPal,Mobile
8537,3931,20260512,29,1336,86,3,791.66,0.23,1828.73,PayPal,Mobile
8538,1270,20260626,17,713,17,1,648.68,0.24,493.0,PayPal,Mobile
8539,2378,20260709,7,588,70,2,538.94,0.28,776.07,Credit Card,Desktop
8540,2666,20260513,33,1174,26,3,360.03,0.05,1026.09,Credit Card,Mobile
8541,3139,20260627,34,819,77,2,545.2,0.14,937.74,PayPal,Desktop
8542,3464,20260714,6,787,42,1,112.24,0.28,80.81,PayPal,Desktop
8543,3688,20260202,36,1384,58,2,297.1,0.2,475.36,Debit Card,Mobile
8544,3604,20260116,9,843,23,1,360.56,0.12,317.29,Debit Card,Desktop
8545,3846,20260422,50,697,97,1,935.3,0.01,925.95,PayPal,Desktop
8546,954,20261005,22,985,71,2,749.86,0.1,1349.75,Debit Card,Desktop
8547,3436,20260720,50,58,29,2,487.22,0.06,915.97,Credit Card,Mobile
8548,1136,20260226,21,1151,55,1,656.46,0.22,512.04,Credit Card,Desktop
8549,2078,20260521,20,1842,34,3,508.37,0.17,1265.84,PayPal,Mobile
8550,2435,20261006,27,1051,27,4,694.47,0.02,2722.32,PayPal,Mobile
8551,3235,20260904,35,1206,81,1,754.85,0.28,543.49,Credit Card,Mobile
8552,2426,20260423,27,24,22,2,510.72,0.01,1011.23,Credit Card,Mobile
8553,1826,20261220,46,503,20,2,626.75,0.01,1240.96,Debit Card,Mobile
8554,3096,20260307,32,1891,41,3,309.03,0.21,732.4,PayPal,Mobile
8555,1600,20260222,48,1259,96,4,454.71,0.1,1636.96,Debit Card,Mobile
8556,2744,20260915,29,905,60,1,399.9,0.04,383.9,Credit Card,Desktop
8557,3979,20260414,13,1073,7,1,160.49,0.09,146.05,PayPal,Desktop
8558,2095,20260314,49,808,100,4,668.16,0.27,1951.03,Credit Card,Mobile
8559,675,20260923,36,473,88,1,759.78,0.02,744.58,PayPal,Desktop
8560,535,20261231,28,1314,92,4,700.06,0.01,2772.24,Credit Card,Mobile
8561,2221,20260620,48,1161,60,2,678.61,0.27,990.77,Debit Card,Mobile
8562,3798,20260711,50,1043,41,4,663.29,0.02,2600.1,PayPal,Desktop
8563,3119,20260323,24,1288,33,1,854.85,0.09,777.91,PayPal,Mobile
8564,2744,20260915,22,888,58,4,520.59,0.28,1499.3,Debit Card,Mobile
8565,313,20260924,20,1986,44,3,438.86,0.17,1092.76,PayPal,Mobile
8566,3344,20261030,6,1765,26,2,834.44,0.2,1335.1,PayPal,Mobile
8567,3948,20260908,26,1350,39,2,243.53,0.24,370.17,Credit Card,Mobile
8568,2303,20261104,37,1970,8,4,653.84,0.09,2379.98,Credit Card,Mobile
8569,957,20260924,23,1250,75,1,331.81,0.24,252.18,Credit Card,Mobile
8570,2077,20260217,28,1674,33,3,349.88,0.3,734.75,PayPal,Desktop
8571,2309,20261231,28,163,22,2,554.24,0.23,853.53,Credit Card,Desktop
8572,113,20260317,3,247,74,2,691.24,0.15,1175.11,Credit Card,Desktop
8573,3084,20260322,24,312,9,1,989.93,0.13,861.24,PayPal,Mobile
8574,1190,20260319,15,945,54,1,385.11,0.05,365.85,Credit Card,Mobile
8575,1067,20260120,24,1879,54,3,452.65,0.28,977.72,PayPal,Desktop
8576,3979,20260911,4,901,7,4,101.18,0.06,380.44,Credit Card,Mobile
8577,3773,20261017,24,1990,92,1,910.61,0.29,646.53,Debit Card,Desktop
8578,2165,20260630,47,265,44,4,271.96,0.15,924.66,PayPal,Desktop
8579,381,20261012,7,974,83,3,292.16,0.06,823.89,Credit Card,Desktop
8580,2819,20261223,5,1471,93,4,660.36,0.19,2139.57,Debit Card,Mobile
8581,3753,20260914,33,1560,12,2,582.23,0.24,884.99,Debit Card,Mobile
8582,967,20260928,39,421,60,4,649.04,0.13,2258.66,PayPal,Desktop
8583,2356,20260130,24,977,11,3,528.28,0.14,1362.96,Debit Card,Desktop
8584,201,20260401,2,530,63,3,773.49,0.0,2320.47,PayPal,Mobile
8585,2686,20261020,22,1835,56,3,767.24,0.01,2278.7,PayPal,Desktop
8586,3692,20261030,29,1888,1,4,86.53,0.02,339.2,PayPal,Desktop
8587,3469,20260202,14,1207,11,2,929.93,0.09,1692.47,Credit Card,Mobile
8588,1929,20260824,33,398,58,1,651.72,0.05,619.13,PayPal,Desktop
8589,3554,20260312,18,967,1,2,906.27,0.03,1758.16,Credit Card,Mobile
8590,3618,20260721,27,1852,91,4,701.14,0.22,2187.56,PayPal,Mobile
8591,666,20261116,15,795,18,4,172.37,0.12,606.74,Credit Card,Mobile
8592,1031,20260429,46,1044,64,1,324.65,0.26,240.24,Debit Card,Mobile
8593,1614,20260116,9,1029,15,4,189.87,0.18,622.77,Credit Card,Mobile
8594,2133,20260414,35,676,25,3,163.69,0.12,432.14,Debit Card,Mobile
8595,765,20260409,44,878,32,3,753.04,0.28,1626.57,Debit Card,Desktop
8596,2868,20260817,34,1846,19,3,548.72,0.16,1382.77,Debit Card,Desktop
8597,2133,20261217,32,1094,15,3,638.67,0.04,1839.37,PayPal,Mobile
8598,609,20260420,13,1561,17,3,589.66,0.24,1344.42,PayPal,Mobile
8599,2882,20261126,45,1726,59,4,774.17,0.19,2508.31,Debit Card,Desktop
8600,1935,20260217,4,763,41,1,787.69,0.26,582.89,Debit Card,Desktop
8601,1218,20260114,32,662,46,1,807.26,0.1,726.53,Credit Card,Mobile
8602,1725,20260601,40,84,62,3,981.16,0.28,2119.31,Credit Card,Mobile
8603,481,20261125,18,1382,14,4,334.4,0.18,1096.83,Credit Card,Desktop
8604,2107,20260220,37,862,64,2,498.37,0.17,827.29,Debit Card,Mobile
8605,1131,20261219,50,1950,41,2,413.56,0.0,827.12,Debit Card,Desktop
8606,3529,20260913,24,472,60,4,626.28,0.04,2404.92,Credit Card,Desktop
8607,3725,20260417,45,1179,45,3,207.87,0.12,548.78,Credit Card,Desktop
8608,3889,20260317,31,1482,16,1,292.92,0.08,269.49,Credit Card,Mobile
8609,300,20260713,19,1330,82,4,912.45,0.09,3321.32,Credit Card,Desktop
8610,247,20261102,38,198,100,2,204.08,0.26,302.04,Credit Card,Desktop
8611,3050,20260919,4,276,77,2,405.05,0.26,599.47,Debit Card,Mobile
8612,2080,20260918,46,1248,61,2,926.64,0.11,1649.42,Credit Card,Desktop
8613,3530,20261206,32,552,71,3,296.98,0.02,873.12,PayPal,Desktop
8614,3427,20260913,15,1854,63,2,578.89,0.04,1111.47,Debit Card,Mobile
8615,2950,20260515,37,1291,77,4,427.81,0.0,1711.24,PayPal,Mobile
8616,2733,20260227,20,1591,63,4,568.48,0.01,2251.18,PayPal,Desktop
8617,2823,20260114,21,1607,14,2,361.22,0.24,549.05,Debit Card,Desktop
8618,994,20261106,22,860,82,4,62.12,0.23,191.33,Credit Card,Desktop
8619,2691,20260106,24,82,8,2,896.46,0.02,1757.06,PayPal,Mobile
8620,2540,20260906,41,745,32,2,815.82,0.29,1158.46,Debit Card,Mobile
8621,3057,20261012,17,13,72,1,892.07,0.14,767.18,PayPal,Desktop
8622,870,20260831,5,1605,88,3,598.57,0.11,1598.18,PayPal,Mobile
8623,3869,20260705,48,132,54,3,750.66,0.09,2049.3,Debit Card,Mobile
8624,535,20260505,34,1095,31,1,705.21,0.18,578.27,Debit Card,Desktop
8625,3476,20260101,7,1742,71,1,88.51,0.14,76.12,PayPal,Desktop
8626,2816,20261010,46,1898,63,3,795.79,0.23,1838.27,PayPal,Desktop
8627,2220,20260908,35,942,24,2,931.31,0.18,1527.35,PayPal,Mobile
8628,3788,20260127,23,1700,61,2,702.51,0.1,1264.52,PayPal,Desktop
8629,2271,20261129,17,206,96,3,139.42,0.09,380.62,Credit Card,Mobile
8630,3817,20260119,11,337,3,2,745.78,0.19,1208.16,Debit Card,Desktop
8631,1754,20260725,32,353,79,1,219.01,0.13,190.54,PayPal,Mobile
8632,1251,20260802,46,169,93,2,791.23,0.18,1297.62,Credit Card,Mobile
8633,728,20260915,39,826,26,2,716.38,0.21,1131.88,PayPal,Mobile
8634,3573,20260401,42,1509,20,4,463.8,0.23,1428.5,PayPal,Mobile
8635,3646,20260429,11,348,96,4,120.8,0.03,468.7,Debit Card,Desktop
8636,3210,20261125,29,948,23,4,794.01,0.03,3080.76,PayPal,Mobile
8637,959,20260626,27,1088,14,2,494.82,0.06,930.26,Credit Card,Mobile
8638,3449,20260109,21,284,55,3,359.12,0.07,1001.94,Credit Card,Mobile
8639,439,20260205,12,1880,32,1,653.34,0.16,548.81,Credit Card,Desktop
8640,3822,20260419,36,1347,8,2,548.68,0.28,790.1,Credit Card,Mobile
8641,815,20260327,48,1587,97,3,132.94,0.08,366.91,PayPal,Desktop
8642,390,20260629,4,159,5,2,947.01,0.28,1363.69,Debit Card,Desktop
8643,2972,20260620,23,1442,7,1,219.55,0.26,162.47,Credit Card,Mobile
8644,479,20260204,21,1034,4,2,627.38,0.22,978.71,PayPal,Desktop
8645,259,20261118,21,48,86,1,167.21,0.29,118.72,PayPal,Desktop
8646,3498,20260224,22,123,10,2,207.27,0.05,393.81,Credit Card,Mobile
8647,1358,20260915,4,1068,24,1,482.84,0.23,371.79,Debit Card,Desktop
8648,1987,20260122,16,1143,2,2,235.36,0.02,461.31,Debit Card,Mobile
8649,3733,20260526,7,1230,12,1,624.89,0.07,581.15,Credit Card,Desktop
8650,1563,20260709,46,1102,65,4,155.29,0.04,596.31,Credit Card,Desktop
8651,2319,20260612,23,1138,30,2,764.26,0.02,1497.95,Debit Card,Mobile
8652,653,20260623,30,688,30,2,934.24,0.02,1831.11,Debit Card,Mobile
8653,2530,20260604,48,115,46,3,927.45,0.14,2392.82,Credit Card,Mobile
8654,2954,20261216,20,976,44,3,233.27,0.22,545.85,Credit Card,Mobile
8655,1728,20260905,13,1882,83,1,573.12,0.11,510.08,Debit Card,Desktop
8656,2743,20260118,24,1081,43,2,986.28,0.28,1420.24,PayPal,Mobile
8657,1947,20260221,6,965,3,1,568.07,0.11,505.58,Debit Card,Desktop
8658,1776,20260704,9,1866,60,4,498.74,0.3,1396.47,Credit Card,Mobile
8659,1168,20261230,12,1594,98,3,420.45,0.28,908.17,Credit Card,Mobile
8660,3006,20260111,23,480,72,1,499.13,0.28,359.37,Debit Card,Mobile
8661,3927,20260914,30,1099,3,1,112.22,0.19,90.9,Credit Card,Desktop
8662,477,20261130,28,1239,1,3,859.71,0.12,2269.63,Credit Card,Desktop
8663,1289,20260506,4,1529,57,2,297.58,0.14,511.84,Debit Card,Mobile
8664,3125,20260513,38,537,36,1,334.19,0.09,304.11,Debit Card,Mobile
8665,888,20260724,39,1831,45,3,428.91,0.12,1132.32,Credit Card,Mobile
8666,773,20260427,18,1873,90,2,557.55,0.28,802.87,PayPal,Desktop
8667,739,20260210,37,1518,80,4,352.91,0.1,1270.48,Credit Card,Desktop
8668,365,20260825,13,757,69,3,497.44,0.2,1193.86,PayPal,Desktop
8669,240,20260302,6,420,14,1,921.47,0.12,810.89,Credit Card,Mobile
8670,277,20261211,35,966,85,4,644.34,0.15,2190.76,PayPal,Desktop
8671,2372,20261207,11,1171,31,2,722.94,0.19,1171.16,Credit Card,Mobile
8672,1309,20260819,36,612,7,2,954.15,0.04,1831.97,Credit Card,Mobile
8673,107,20260801,38,1578,35,3,947.0,0.19,2301.21,Debit Card,Desktop
8674,3747,20261208,1,853,67,3,425.09,0.1,1147.74,PayPal,Mobile
8675,3008,20260404,11,1765,65,3,823.76,0.22,1927.6,PayPal,Desktop
8676,105,20260412,29,1350,2,2,487.06,0.17,808.52,Debit Card,Mobile
8677,3368,20261025,8,841,87,4,75.48,0.3,211.34,Credit Card,Desktop
8678,2042,20260818,37,1297,57,2,998.82,0.06,1877.78,Credit Card,Mobile
8679,919,20261018,13,1557,8,1,853.57,0.1,768.21,Credit Card,Mobile
8680,1752,20260618,19,918,3,2,168.1,0.25,252.15,Debit Card,Desktop
8681,1018,20260612,50,922,97,1,93.47,0.06,87.86,PayPal,Desktop
8682,3503,20261230,23,1870,49,4,307.16,0.15,1044.34,Debit Card,Mobile
8683,3958,20260422,48,1450,4,3,829.87,0.03,2414.92,Credit Card,Desktop
8684,2092,20260512,10,894,69,3,577.0,0.07,1609.83,Credit Card,Mobile
8685,3231,20260211,7,1865,41,2,185.93,0.04,356.99,Credit Card,Desktop
8686,2784,20260330,50,872,88,3,95.61,0.2,229.46,Debit Card,Desktop
8687,1895,20261231,7,1496,97,4,820.1,0.09,2985.16,PayPal,Desktop
8688,1505,20261104,2,1653,4,3,795.98,0.13,2077.51,Debit Card,Desktop
8689,2109,20260506,29,1644,92,2,452.62,0.28,651.77,PayPal,Desktop
8690,2699,20261029,14,245,81,4,711.49,0.26,2106.01,Debit Card,Mobile
8691,2593,20260226,36,161,64,1,57.59,0.28,41.46,PayPal,Mobile
8692,1879,20260210,5,1857,80,2,996.16,0.1,1793.09,Credit Card,Mobile
8693,453,20261221,31,839,47,1,782.34,0.13,680.64,PayPal,Mobile
8694,3359,20260927,16,1646,60,4,793.44,0.27,2316.84,Debit Card,Mobile
8695,317,20260804,9,1950,46,2,114.31,0.21,180.61,Debit Card,Mobile
8696,802,20260819,40,239,86,2,376.99,0.08,693.66,Debit Card,Mobile
8697,2241,20260803,13,553,85,4,302.74,0.02,1186.74,Debit Card,Desktop
8698,2120,20260417,34,686,89,3,310.85,0.05,885.92,Debit Card,Mobile
8699,2001,20260129,21,1699,56,2,535.66,0.14,921.34,Debit Card,Mobile
8700,798,20260610,48,1040,9,2,515.35,0.0,1030.7,PayPal,Desktop
8701,1916,20260924,47,418,71,1,241.79,0.02,236.95,PayPal,Desktop
8702,14,20260618,7,251,17,3,893.6,0.07,2493.14,Debit Card,Mobile
8703,547,20260926,17,1172,57,1,628.75,0.19,509.29,Debit Card,Mobile
8704,3342,20261109,35,1013,61,1,790.5,0.07,735.16,PayPal,Desktop
8705,2924,20260123,40,1093,55,3,141.82,0.03,412.7,Credit Card,Desktop
8706,3744,20260706,21,1546,64,3,237.45,0.28,512.89,Credit Card,Mobile
8707,1868,20260719,8,1417,2,4,368.82,0.05,1401.52,Debit Card,Desktop
8708,1787,20260729,23,1760,54,3,452.0,0.26,1003.44,Debit Card,Desktop
8709,3405,20260117,38,172,83,2,319.29,0.19,517.25,Credit Card,Mobile
8710,793,20260815,28,614,47,3,303.68,0.28,655.95,Debit Card,Desktop
8711,663,20260207,20,1246,71,4,201.61,0.02,790.31,PayPal,Desktop
8712,1317,20260810,23,972,96,4,657.94,0.09,2394.9,PayPal,Mobile
8713,3999,20260304,5,1425,80,4,694.53,0.29,1972.47,Credit Card,Mobile
8714,991,20261026,38,1785,90,3,983.0,0.16,2477.16,Credit Card,Mobile
8715,1990,20260914,47,362,23,3,201.84,0.14,520.75,Credit Card,Desktop
8716,883,20260213,24,57,83,1,781.61,0.19,633.1,PayPal,Mobile
8717,3514,20260407,38,589,78,1,436.46,0.16,366.63,Debit Card,Mobile
8718,1972,20260911,18,607,63,2,582.51,0.13,1013.57,Credit Card,Mobile
8719,3802,20260529,37,1860,43,1,365.16,0.03,354.21,Debit Card,Desktop
8720,1037,20261017,31,323,59,2,772.28,0.13,1343.77,PayPal,Desktop
8721,713,20260122,35,190,62,4,297.51,0.28,856.83,Debit Card,Mobile
8722,2417,20260906,19,557,40,1,135.64,0.29,96.3,Credit Card,Mobile
8723,712,20261026,18,1010,6,3,409.59,0.28,884.71,Credit Card,Desktop
8724,1522,20260327,21,1925,93,1,605.68,0.2,484.54,PayPal,Desktop
8725,150,20260829,29,476,12,2,952.45,0.05,1809.65,Debit Card,Mobile
8726,743,20261002,18,289,32,1,91.52,0.24,69.56,PayPal,Desktop
8727,3964,20261123,21,406,17,4,465.96,0.21,1472.43,PayPal,Mobile
8728,1395,20261023,39,1175,7,3,146.08,0.14,376.89,Debit Card,Desktop
8729,2930,20260301,20,1051,24,2,604.58,0.19,979.42,Debit Card,Desktop
8730,473,20260601,5,1777,68,3,698.51,0.27,1529.74,PayPal,Mobile
8731,188,20260429,45,37,55,3,739.13,0.12,1951.3,Credit Card,Desktop
8732,2009,20261105,16,1047,10,2,254.0,0.24,386.08,Credit Card,Desktop
8733,2805,20260506,29,345,10,3,523.35,0.0,1570.05,PayPal,Desktop
8734,266,20260119,26,509,40,3,582.96,0.04,1678.92,Credit Card,Desktop
8735,3987,20260525,21,1260,3,1,420.26,0.18,344.61,Credit Card,Desktop
8736,251,20260627,45,17,10,3,975.53,0.25,2194.94,Debit Card,Desktop
8737,976,20260705,21,922,71,3,73.35,0.18,180.44,Credit Card,Desktop
8738,1989,20260217,2,156,94,3,193.74,0.14,499.85,Debit Card,Mobile
8739,2448,20260410,9,1356,69,3,961.24,0.16,2422.32,Credit Card,Mobile
8740,987,20261101,33,1377,16,2,168.12,0.05,319.43,PayPal,Mobile
8741,3650,20261202,42,1630,6,4,575.67,0.15,1957.28,Credit Card,Desktop
8742,674,20260510,35,1848,94,1,262.28,0.04,251.79,PayPal,Desktop
8743,1993,20260419,25,85,94,3,208.82,0.07,582.61,PayPal,Mobile
8744,2429,20260613,18,561,19,3,408.17,0.29,869.4,Debit Card,Desktop
8745,1736,20260330,19,1910,62,2,864.92,0.05,1643.35,Credit Card,Mobile
8746,967,20261125,11,1296,49,4,282.72,0.09,1029.1,Credit Card,Mobile
8747,1353,20260403,25,206,64,3,179.33,0.2,430.39,PayPal,Desktop
8748,2751,20260928,5,1680,59,2,253.41,0.2,405.46,Credit Card,Mobile
8749,3584,20261116,45,172,94,1,822.11,0.15,698.79,PayPal,Mobile
8750,1184,20261022,47,1864,85,1,724.19,0.28,521.42,Credit Card,Desktop
8751,1792,20260226,15,730,78,3,821.87,0.05,2342.33,Debit Card,Desktop
8752,934,20260324,10,64,98,3,180.5,0.21,427.79,PayPal,Mobile
8753,2242,20261029,3,1675,4,4,515.57,0.08,1897.3,PayPal,Mobile
8754,2186,20261109,24,1701,11,4,268.98,0.13,936.05,Debit Card,Desktop
8755,1277,20260625,19,560,94,3,306.15,0.22,716.39,Debit Card,Mobile
8756,912,20261104,32,301,55,2,908.61,0.14,1562.81,PayPal,Mobile
8757,3282,20260325,17,1092,28,4,802.53,0.06,3017.51,Credit Card,Desktop
8758,1833,20261211,41,1296,29,3,385.34,0.3,809.21,Debit Card,Desktop
8759,3692,20260217,5,220,50,4,270.27,0.18,886.49,Debit Card,Mobile
8760,1034,20260228,23,1922,49,3,187.83,0.28,405.71,PayPal,Desktop
8761,144,20260816,23,979,14,1,914.87,0.25,686.15,Debit Card,Mobile
8762,2212,20260705,15,1861,30,3,640.97,0.03,1865.22,Credit Card,Mobile
8763,2677,20260707,24,690,3,1,425.69,0.23,327.78,Credit Card,Mobile
8764,3117,20260621,50,113,91,4,774.11,0.09,2817.76,PayPal,Mobile
8765,1807,20260514,13,1684,85,3,129.01,0.27,282.53,Credit Card,Mobile
8766,132,20261205,6,2000,59,4,653.28,0.04,2508.6,Credit Card,Mobile
8767,162,20260306,26,1104,51,1,649.2,0.23,499.88,PayPal,Desktop
8768,68,20260804,40,1275,53,3,268.84,0.23,621.02,Debit Card,Desktop
8769,2088,20260427,29,641,55,4,926.25,0.22,2889.9,PayPal,Mobile
8770,1360,20261022,37,1601,11,1,210.6,0.17,174.8,Credit Card,Mobile
8771,2384,20260307,42,426,68,4,637.4,0.16,2141.66,Credit Card,Desktop
8772,3825,20260108,29,756,25,2,824.75,0.07,1534.03,Credit Card,Desktop
8773,1624,20261107,13,1788,88,1,325.39,0.15,276.58,PayPal,Mobile
8774,994,20260129,47,1922,97,1,711.97,0.02,697.73,Credit Card,Desktop
8775,972,20260615,39,1416,51,1,791.36,0.06,743.88,PayPal,Mobile
8776,1267,20260220,44,1566,15,3,678.3,0.11,1811.06,Credit Card,Desktop
8777,3396,20260217,45,1588,86,3,994.92,0.12,2626.59,Debit Card,Desktop
8778,2548,20260620,27,1592,48,3,624.81,0.04,1799.45,PayPal,Desktop
8779,213,20261015,34,31,1,2,193.77,0.18,317.78,Debit Card,Desktop
8780,165,20260102,48,27,68,2,239.15,0.05,454.38,PayPal,Desktop
8781,825,20261204,45,548,80,1,230.28,0.17,191.13,Debit Card,Mobile
8782,3961,20260302,24,436,72,2,886.97,0.25,1330.45,PayPal,Mobile
8783,34,20260221,20,1789,95,4,774.42,0.19,2509.12,Debit Card,Mobile
8784,976,20260915,48,863,16,1,883.35,0.25,662.51,Debit Card,Mobile
8785,3714,20260213,32,304,96,1,69.82,0.29,49.57,PayPal,Mobile
8786,3467,20261231,48,1675,82,4,555.06,0.02,2175.84,Credit Card,Mobile
8787,24,20260219,27,1992,7,1,968.51,0.23,745.75,PayPal,Desktop
8788,108,20260921,19,1922,87,2,337.36,0.14,580.26,PayPal,Mobile
8789,3505,20261225,30,1707,87,3,81.9,0.13,213.76,Debit Card,Desktop
8790,136,20261210,4,1236,40,4,832.82,0.03,3231.34,Debit Card,Mobile
8791,3712,20260209,46,1295,36,2,616.99,0.26,913.15,Credit Card,Mobile
8792,977,20260420,11,969,11,4,414.47,0.22,1293.15,Debit Card,Desktop
8793,54,20261222,31,1933,49,4,219.72,0.2,703.1,Credit Card,Mobile
8794,1878,20260427,24,81,75,1,828.49,0.29,588.23,PayPal,Desktop
8795,2108,20260608,15,171,64,1,826.99,0.28,595.43,PayPal,Desktop
8796,1701,20261025,1,1636,10,2,883.12,0.06,1660.27,Debit Card,Mobile
8797,3054,20260812,46,786,29,4,729.09,0.14,2508.07,PayPal,Mobile
8798,3444,20260906,43,648,62,1,240.1,0.05,228.09,Debit Card,Desktop
8799,488,20260929,29,1689,5,1,278.94,0.06,262.2,Credit Card,Mobile
8800,25,20260920,10,1166,42,4,633.88,0.16,2129.84,Debit Card,Mobile
8801,951,20260330,44,1750,44,2,989.8,0.06,1860.82,PayPal,Desktop
8802,581,20260311,43,269,30,2,253.62,0.29,360.14,Debit Card,Mobile
8803,499,20260315,17,1303,36,4,446.9,0.02,1751.85,Credit Card,Mobile
8804,3212,20260103,22,1547,57,2,395.11,0.25,592.66,Debit Card,Desktop
8805,2590,20260107,41,310,46,1,741.59,0.12,652.6,Credit Card,Desktop
8806,115,20260513,35,638,31,4,276.19,0.05,1049.52,PayPal,Mobile
8807,2888,20261224,7,892,78,1,962.34,0.01,952.72,Debit Card,Desktop
8808,3137,20260719,10,1692,51,3,460.34,0.16,1160.06,PayPal,Desktop
8809,2580,20260530,41,211,58,3,755.72,0.1,2040.44,Debit Card,Desktop
8810,3283,20260228,44,770,83,2,190.0,0.15,323.0,PayPal,Desktop
8811,1238,20261220,28,1155,21,3,606.44,0.11,1619.19,Debit Card,Desktop
8812,165,20261103,12,1127,21,1,693.66,0.19,561.86,Debit Card,Desktop
8813,3083,20261224,18,1465,70,3,332.55,0.18,818.07,Credit Card,Desktop
8814,997,20260529,19,604,58,1,813.24,0.14,699.39,PayPal,Mobile
8815,2716,20260121,25,1048,32,2,95.43,0.06,179.41,Debit Card,Mobile
8816,529,20261212,44,541,23,2,546.12,0.07,1015.78,Credit Card,Desktop
8817,3587,20260803,21,325,9,1,760.37,0.07,707.14,PayPal,Desktop
8818,3478,20261122,31,276,49,3,108.69,0.1,293.46,Debit Card,Desktop
8819,3306,20261021,4,298,93,2,573.09,0.27,836.71,PayPal,Mobile
8820,200,20260409,32,950,73,4,86.58,0.06,325.54,Credit Card,Mobile
8821,3442,20261123,24,1806,25,2,137.46,0.27,200.69,Credit Card,Mobile
8822,2335,20260915,40,694,48,3,566.11,0.02,1664.36,Debit Card,Mobile
8823,2283,20260808,8,105,50,4,842.07,0.15,2863.04,Credit Card,Mobile
8824,3055,20261102,35,111,56,3,557.77,0.09,1522.71,Debit Card,Desktop
8825,575,20260715,41,1254,88,1,307.38,0.29,218.24,Credit Card,Desktop
8826,543,20260615,26,654,33,4,109.66,0.1,394.78,Debit Card,Mobile
8827,2664,20260905,5,1610,39,3,85.36,0.05,243.28,Credit Card,Desktop
8828,3860,20260315,49,1083,64,4,273.8,0.13,952.82,Credit Card,Mobile
8829,3737,20260104,23,115,53,3,589.12,0.1,1590.62,PayPal,Mobile
8830,2738,20260624,14,1055,84,4,644.22,0.12,2267.65,Credit Card,Mobile
8831,3875,20260410,42,1940,25,3,893.08,0.25,2009.43,PayPal,Mobile
8832,24,20260809,14,1011,53,1,94.35,0.12,83.03,Credit Card,Mobile
8833,132,20261123,29,505,61,4,812.81,0.19,2633.5,Credit Card,Desktop
8834,371,20260803,28,1710,78,4,835.93,0.01,3310.28,PayPal,Desktop
8835,58,20260811,18,1837,50,4,65.43,0.21,206.76,PayPal,Desktop
8836,3107,20260112,16,1515,9,4,92.12,0.1,331.63,PayPal,Desktop
8837,1099,20261021,40,1454,78,1,981.4,0.29,696.79,Credit Card,Desktop
8838,3238,20260213,36,899,79,4,395.79,0.01,1567.33,PayPal,Mobile
8839,1329,20260802,22,1882,43,2,673.18,0.04,1292.51,Debit Card,Desktop
8840,1413,20260224,41,1961,6,1,638.97,0.08,587.85,PayPal,Mobile
8841,955,20260811,18,28,75,2,414.64,0.07,771.23,PayPal,Mobile
8842,321,20261230,27,1159,28,4,768.08,0.26,2273.52,Credit Card,Mobile
8843,1323,20260412,12,1094,4,3,286.0,0.06,806.52,Debit Card,Mobile
8844,1056,20260407,18,547,48,2,219.02,0.23,337.29,PayPal,Mobile
8845,1704,20260727,7,1620,43,4,336.88,0.29,956.74,Credit Card,Desktop
8846,2508,20261010,7,741,53,2,157.73,0.29,223.98,Debit Card,Desktop
8847,2831,20261130,38,517,74,4,763.71,0.19,2474.42,Credit Card,Desktop
8848,2830,20261201,2,868,3,4,709.5,0.18,2327.16,PayPal,Mobile
8849,1610,20260313,2,319,90,4,376.79,0.26,1115.3,PayPal,Mobile
8850,3655,20260317,45,897,9,3,302.27,0.16,761.72,Debit Card,Desktop
8851,2494,20260127,26,1671,43,2,991.79,0.15,1686.04,Credit Card,Mobile
8852,464,20261212,44,1166,96,1,675.69,0.05,641.91,Debit Card,Desktop
8853,1823,20261222,1,1335,40,1,450.36,0.24,342.27,PayPal,Desktop
8854,1632,20261206,5,291,40,1,77.28,0.12,68.01,Debit Card,Desktop
8855,1421,20260310,5,289,48,1,365.63,0.3,255.94,Credit Card,Desktop
8856,717,20260311,25,1858,14,4,526.81,0.19,1706.86,Debit Card,Mobile
8857,2716,20260319,19,1023,37,2,822.37,0.28,1184.21,Debit Card,Desktop
8858,1730,20260924,34,151,78,2,376.63,0.04,723.13,Debit Card,Mobile
8859,951,20261125,22,1405,71,3,311.22,0.22,728.25,Credit Card,Mobile
8860,1844,20261123,9,1251,12,2,666.54,0.28,959.82,Debit Card,Mobile
8861,3976,20260517,12,1250,6,2,168.16,0.04,322.87,Debit Card,Desktop
8862,1601,20260204,41,1296,93,2,604.31,0.06,1136.1,Credit Card,Desktop
8863,372,20261119,50,454,89,3,862.26,0.21,2043.56,Debit Card,Desktop
8864,2948,20260806,33,328,80,1,76.11,0.15,64.69,Debit Card,Mobile
8865,2229,20260225,22,336,18,2,959.62,0.2,1535.39,Credit Card,Mobile
8866,759,20260304,15,163,11,3,954.02,0.09,2604.47,Debit Card,Desktop
8867,1852,20260905,41,1494,2,3,826.82,0.17,2058.78,Debit Card,Mobile
8868,713,20260210,2,776,85,4,800.98,0.21,2531.1,Credit Card,Desktop
8869,1270,20260428,16,1552,91,3,603.42,0.26,1339.59,Credit Card,Desktop
8870,533,20260627,39,1362,98,1,849.62,0.02,832.63,PayPal,Mobile
8871,2091,20261002,18,414,10,2,485.19,0.16,815.12,Credit Card,Desktop
8872,3945,20260530,34,924,54,3,593.31,0.02,1744.33,Debit Card,Mobile
8873,2396,20260815,11,107,97,1,256.05,0.26,189.48,Credit Card,Desktop
8874,3422,20260201,39,1528,81,3,888.06,0.13,2317.84,PayPal,Mobile
8875,1113,20260317,4,164,15,3,763.2,0.04,2198.02,Debit Card,Mobile
8876,1702,20260919,35,1629,5,3,934.42,0.03,2719.16,Debit Card,Mobile
8877,2353,20260329,30,1809,47,3,919.75,0.03,2676.47,PayPal,Mobile
8878,3832,20260821,36,1272,3,3,516.24,0.02,1517.75,Debit Card,Desktop
8879,1744,20260629,24,1811,48,1,660.86,0.2,528.69,Credit Card,Desktop
8880,2797,20260112,32,170,53,2,97.67,0.05,185.57,Credit Card,Desktop
8881,959,20260311,44,1251,73,2,810.77,0.13,1410.74,Debit Card,Desktop
8882,2580,20260418,42,877,13,2,695.15,0.21,1098.34,Credit Card,Desktop
8883,3183,20261030,46,1845,23,2,541.32,0.27,790.33,PayPal,Mobile
8884,3808,20260917,16,106,4,1,401.6,0.05,381.52,Debit Card,Desktop
8885,1092,20261107,27,1633,71,4,187.55,0.27,547.65,PayPal,Desktop
8886,1684,20260725,50,256,15,4,647.72,0.12,2279.97,PayPal,Desktop
8887,3404,20260826,2,1735,74,1,84.49,0.01,83.65,Credit Card,Mobile
8888,2861,20260901,28,823,42,1,269.37,0.17,223.58,Debit Card,Desktop
8889,1358,20260301,31,339,73,3,628.0,0.3,1318.8,Credit Card,Mobile
8890,1714,20260516,21,148,60,3,115.73,0.07,322.89,Debit Card,Desktop
8891,2631,20261214,45,1339,84,3,913.83,0.2,2193.19,Credit Card,Desktop
8892,3428,20260318,38,1636,92,2,807.12,0.05,1533.53,Credit Card,Desktop
8893,496,20260408,11,1581,16,3,377.07,0.21,893.66,PayPal,Desktop
8894,2482,20260208,39,1990,78,4,679.53,0.01,2690.94,Credit Card,Mobile
8895,2980,20261116,18,1071,56,2,868.41,0.16,1458.93,Credit Card,Mobile
8896,3616,20261217,21,1861,67,3,129.17,0.0,387.51,Credit Card,Desktop
8897,3661,20260827,38,189,22,2,874.39,0.03,1696.32,Credit Card,Desktop
8898,2095,20260624,31,1245,47,4,849.31,0.17,2819.71,PayPal,Desktop
8899,1024,20260426,21,1487,36,3,545.62,0.09,1489.54,Debit Card,Mobile
8900,788,20261114,47,1392,7,4,446.48,0.05,1696.62,Credit Card,Mobile
8901,3195,20260816,44,1994,45,4,271.42,0.06,1020.54,Debit Card,Mobile
8902,2205,20260923,46,26,94,4,116.27,0.02,455.78,Debit Card,Desktop
8903,2157,20261004,12,841,9,3,265.03,0.23,612.22,Debit Card,Desktop
8904,1456,20260723,24,918,45,1,301.06,0.23,231.82,Credit Card,Mobile
8905,1681,20260201,28,1956,72,3,895.87,0.28,1935.08,PayPal,Desktop
8906,1308,20260608,29,1915,10,4,855.85,0.05,3252.23,Debit Card,Mobile
8907,2539,20260401,7,1392,52,3,999.31,0.1,2698.14,Debit Card,Mobile
8908,1129,20261108,29,516,2,4,828.37,0.17,2750.19,Credit Card,Desktop
8909,1709,20261010,34,1766,37,1,664.3,0.25,498.22,PayPal,Mobile
8910,1356,20260816,50,347,68,2,812.1,0.11,1445.54,Credit Card,Mobile
8911,772,20260521,3,2000,67,1,77.75,0.26,57.53,PayPal,Mobile
8912,2378,20260311,19,399,79,1,203.99,0.29,144.83,Debit Card,Mobile
8913,609,20260610,43,506,74,2,983.68,0.03,1908.34,Debit Card,Mobile
8914,2415,20260608,4,127,73,3,679.77,0.2,1631.45,Debit Card,Mobile
8915,2979,20260304,17,1278,82,2,469.75,0.14,807.97,Credit Card,Mobile
8916,1516,20260918,7,230,1,3,242.49,0.09,662.0,PayPal,Desktop
8917,2798,20261225,12,1817,38,3,845.91,0.14,2182.45,PayPal,Mobile
8918,2495,20260207,15,1628,39,4,765.12,0.17,2540.2,PayPal,Desktop
8919,1697,20261126,10,1246,61,4,579.43,0.14,1993.24,Debit Card,Desktop
8920,2847,20260814,30,301,16,2,626.46,0.27,914.63,PayPal,Desktop
8921,2871,20261011,44,1932,18,1,216.82,0.19,175.62,Debit Card,Mobile
8922,1037,20260129,26,596,23,2,434.16,0.15,738.07,PayPal,Desktop
8923,3822,20260507,25,391,87,3,335.99,0.2,806.38,Debit Card,Desktop
8924,882,20260409,24,591,94,4,142.28,0.03,552.05,PayPal,Mobile
8925,1310,20260610,27,1625,38,2,583.56,0.14,1003.72,Debit Card,Mobile
8926,453,20260303,48,766,50,2,245.23,0.27,358.04,Credit Card,Mobile
8927,965,20260804,43,1485,19,4,525.07,0.07,1953.26,PayPal,Mobile
8928,3502,20261229,34,1989,38,4,327.22,0.13,1138.73,Debit Card,Desktop
8929,3332,20260602,50,1083,6,4,81.87,0.04,314.38,PayPal,Mobile
8930,1980,20260921,7,1601,63,3,503.83,0.19,1224.31,PayPal,Mobile
8931,1306,20261004,45,328,63,4,808.71,0.17,2684.92,Debit Card,Mobile
8932,2021,20260207,21,1439,2,1,391.0,0.27,285.43,Debit Card,Mobile
8933,979,20260806,12,73,39,2,128.68,0.3,180.15,Credit Card,Desktop
8934,795,20260508,25,353,83,4,786.0,0.25,2358.0,PayPal,Mobile
8935,2382,20261125,30,1154,80,4,850.04,0.22,2652.12,Credit Card,Mobile
8936,1723,20260212,25,185,97,3,251.53,0.14,648.95,PayPal,Desktop
8937,2416,20260823,28,1612,77,3,902.91,0.17,2248.25,Debit Card,Mobile
8938,388,20260714,49,555,9,2,214.51,0.11,381.83,Debit Card,Mobile
8939,2020,20260728,3,112,57,1,680.83,0.11,605.94,Credit Card,Mobile
8940,300,20260226,43,1488,18,2,998.65,0.04,1917.41,Credit Card,Desktop
8941,3644,20260305,42,1962,3,4,784.32,0.24,2384.33,PayPal,Desktop
8942,1757,20260320,31,417,33,1,485.76,0.03,471.19,PayPal,Mobile
8943,2000,20261011,34,849,95,1,846.88,0.04,813.0,Credit Card,Desktop
8944,1230,20260914,35,714,84,1,851.93,0.0,851.93,Credit Card,Mobile
8945,1547,20260109,33,1673,61,1,437.35,0.04,419.86,Credit Card,Desktop
8946,2774,20260107,33,935,62,2,151.07,0.08,277.97,Credit Card,Desktop
8947,3053,20260927,9,1556,64,3,665.69,0.29,1417.92,PayPal,Mobile
8948,958,20260316,14,1471,73,3,703.03,0.18,1729.45,PayPal,Mobile
8949,2369,20261030,14,860,65,4,516.92,0.22,1612.79,Debit Card,Desktop
8950,3726,20260323,47,274,91,3,161.7,0.02,475.4,Debit Card,Mobile
8951,554,20260104,34,1458,20,3,608.33,0.02,1788.49,Debit Card,Desktop
8952,783,20260611,39,1161,72,3,408.68,0.27,895.01,PayPal,Mobile
8953,1914,20260909,15,1921,21,3,456.47,0.19,1109.22,Debit Card,Desktop
8954,1844,20260324,29,434,4,4,463.88,0.12,1632.86,Credit Card,Desktop
8955,561,20260310,32,1383,79,2,829.09,0.1,1492.36,PayPal,Desktop
8956,1875,20260503,5,1434,95,1,318.5,0.3,222.95,PayPal,Desktop
8957,1786,20260314,17,985,68,3,779.01,0.15,1986.48,PayPal,Desktop
8958,1573,20260925,17,1987,16,2,462.54,0.19,749.31,Credit Card,Mobile
8959,3734,20261229,50,91,93,3,72.16,0.12,190.5,Credit Card,Desktop
8960,829,20260315,47,727,53,3,634.57,0.1,1713.34,Credit Card,Mobile
8961,59,20260208,26,1136,10,1,674.36,0.24,512.51,Credit Card,Desktop
8962,3052,20261117,24,1407,1,1,371.79,0.18,304.87,Credit Card,Desktop
8963,703,20260422,15,973,42,1,698.07,0.04,670.15,Credit Card,Desktop
8964,758,20261120,47,859,2,3,329.22,0.05,938.28,Credit Card,Desktop
8965,2873,20261014,12,581,8,3,310.39,0.12,819.43,Debit Card,Mobile
8966,1061,20260820,46,731,68,3,823.3,0.18,2025.32,Debit Card,Mobile
8967,2615,20260315,5,89,96,1,252.97,0.01,250.44,Debit Card,Desktop
8968,1844,20260606,20,218,48,4,89.42,0.01,354.1,PayPal,Desktop
8969,1176,20260911,47,47,82,2,629.92,0.2,1007.87,PayPal,Desktop
8970,3096,20261226,42,1987,83,4,309.55,0.03,1201.05,Debit Card,Mobile
8971,1060,20260821,20,1184,49,3,365.39,0.29,778.28,PayPal,Mobile
8972,3268,20261021,8,1168,51,3,223.54,0.09,610.26,Debit Card,Mobile
8973,1158,20260522,50,401,52,4,730.06,0.02,2861.84,Debit Card,Desktop
8974,2918,20260615,28,104,7,3,125.28,0.3,263.09,PayPal,Mobile
8975,3985,20261229,22,1862,92,2,181.1,0.13,315.11,Debit Card,Desktop
8976,551,20261102,20,470,36,3,637.72,0.13,1664.45,PayPal,Mobile
8977,267,20260826,20,1071,87,2,798.32,0.3,1117.65,PayPal,Mobile
8978,1477,20261003,47,1331,72,4,629.83,0.28,1813.91,Debit Card,Mobile
8979,3939,20260602,8,1418,10,4,437.0,0.05,1660.6,PayPal,Mobile
8980,1485,20261215,31,564,12,3,412.39,0.14,1063.97,Credit Card,Mobile
8981,2779,20260918,17,547,40,2,499.75,0.15,849.57,Debit Card,Mobile
8982,261,20261003,15,1834,78,3,417.69,0.09,1140.29,Credit Card,Desktop
8983,1671,20260119,9,1461,94,1,562.85,0.15,478.42,PayPal,Mobile
8984,1973,20260612,7,577,24,1,741.57,0.1,667.41,Debit Card,Mobile
8985,341,20261028,47,375,91,1,257.0,0.03,249.29,Credit Card,Mobile
8986,1373,20260621,15,1945,43,1,796.56,0.17,661.14,Credit Card,Mobile
8987,1698,20260528,26,1428,23,3,163.32,0.26,362.57,PayPal,Mobile
8988,1690,20260806,49,1879,98,1,583.56,0.1,525.2,Credit Card,Mobile
8989,3258,20261229,20,141,9,2,194.64,0.16,327.0,Credit Card,Mobile
8990,139,20261122,10,1601,49,4,175.04,0.03,679.16,Credit Card,Desktop
8991,620,20260709,30,1899,89,4,878.94,0.08,3234.5,Debit Card,Mobile
8992,1277,20261127,23,280,67,1,309.31,0.27,225.8,PayPal,Desktop
8993,3856,20260728,33,44,80,1,325.72,0.13,283.38,Credit Card,Desktop
8994,114,20261116,22,1441,14,1,708.76,0.05,673.32,PayPal,Desktop
8995,385,20260531,13,996,19,3,747.02,0.12,1972.13,PayPal,Mobile
8996,1241,20260224,17,1144,69,4,171.24,0.06,643.86,Debit Card,Mobile
8997,2492,20260801,21,753,35,1,452.09,0.01,447.57,PayPal,Desktop
8998,3151,20261016,41,1893,77,2,718.66,0.22,1121.11,Debit Card,Desktop
8999,3301,20260405,49,1002,5,1,863.76,0.1,777.38,Credit Card,Desktop
9000,1163,20260730,13,1801,19,4,182.54,0.21,576.83,PayPal,Mobile
9001,2893,20261230,6,873,6,1,935.04,0.16,785.43,PayPal,Desktop
9002,2966,20260402,21,1491,96,4,634.14,0.07,2359.0,PayPal,Desktop
9003,3248,20260216,7,18,99,1,235.02,0.03,227.97,Credit Card,Mobile
9004,2343,20260911,44,304,16,2,295.01,0.19,477.92,Credit Card,Mobile
9005,2100,20261114,50,792,5,1,448.44,0.18,367.72,Credit Card,Desktop
9006,3792,20260827,6,742,47,2,851.83,0.1,1533.29,Debit Card,Desktop
9007,2801,20260312,19,1018,54,2,994.93,0.06,1870.47,Debit Card,Desktop
9008,3420,20261227,22,936,66,1,635.84,0.22,495.96,Debit Card,Mobile
9009,2256,20261024,2,1202,41,2,369.46,0.18,605.91,PayPal,Mobile
9010,3365,20260703,9,799,52,3,407.29,0.26,904.18,Credit Card,Desktop
9011,3493,20260219,16,52,66,1,102.01,0.03,98.95,Debit Card,Mobile
9012,665,20260503,18,841,62,1,265.56,0.25,199.17,Debit Card,Desktop
9013,2674,20261207,36,1887,58,2,643.1,0.13,1118.99,PayPal,Mobile
9014,2081,20260806,4,1276,85,2,942.42,0.03,1828.29,Credit Card,Mobile
9015,2516,20260829,47,889,64,1,672.97,0.27,491.27,Credit Card,Mobile
9016,1439,20260526,8,699,81,3,781.4,0.16,1969.13,Debit Card,Mobile
9017,3249,20260414,37,190,57,2,295.32,0.3,413.45,Credit Card,Mobile
9018,1404,20260128,32,1976,81,2,271.58,0.19,439.96,Credit Card,Desktop
9019,3822,20261001,42,1630,40,4,265.6,0.07,988.03,PayPal,Desktop
9020,1536,20260506,4,880,27,3,644.53,0.09,1759.57,Debit Card,Desktop
9021,2822,20260417,12,1039,52,3,585.66,0.26,1300.17,PayPal,Mobile
9022,3751,20260712,15,516,87,1,938.15,0.2,750.52,Credit Card,Mobile
9023,3240,20260706,7,1331,52,3,180.08,0.13,470.01,Debit Card,Mobile
9024,2892,20260809,15,1704,4,1,951.89,0.09,866.22,Debit Card,Desktop
9025,1744,20260201,24,205,36,4,763.64,0.12,2688.01,PayPal,Mobile
9026,1869,20260717,10,695,53,3,862.18,0.17,2146.83,Credit Card,Mobile
9027,606,20260119,44,318,36,2,109.33,0.24,166.18,Credit Card,Mobile
9028,2882,20260831,13,879,63,4,500.01,0.11,1780.04,Credit Card,Mobile
9029,643,20261229,5,214,44,1,509.34,0.09,463.5,Credit Card,Mobile
9030,2565,20261222,11,1678,56,4,802.81,0.17,2665.33,PayPal,Mobile
9031,162,20260803,31,390,79,1,56.79,0.18,46.57,PayPal,Desktop
9032,3268,20260706,16,1291,73,4,145.15,0.03,563.18,PayPal,Desktop
9033,797,20261005,22,1219,38,1,544.36,0.23,419.16,Credit Card,Mobile
9034,3556,20260426,23,776,98,3,59.08,0.24,134.7,Debit Card,Desktop
9035,2005,20260610,3,1245,51,2,286.78,0.28,412.96,Debit Card,Mobile
9036,3178,20260311,24,140,56,1,398.8,0.06,374.87,Credit Card,Mobile
9037,333,20260226,20,543,17,4,196.64,0.23,605.65,PayPal,Mobile
9038,3445,20261005,18,117,32,1,927.12,0.09,843.68,Credit Card,Desktop
9039,1029,20260520,12,318,47,1,147.51,0.08,135.71,Debit Card,Mobile
9040,751,20260311,41,20,61,1,524.4,0.27,382.81,Debit Card,Desktop
9041,2122,20260210,25,336,78,4,687.26,0.09,2501.63,PayPal,Desktop
9042,2612,20260918,33,1816,37,2,844.69,0.3,1182.57,Debit Card,Mobile
9043,2344,20260924,48,256,81,3,159.65,0.05,455.0,Debit Card,Desktop
9044,3676,20260130,45,1779,99,2,865.17,0.21,1366.97,Credit Card,Mobile
9045,272,20260805,31,297,10,1,564.9,0.13,491.46,Debit Card,Mobile
9046,3632,20260930,30,1972,97,4,868.37,0.19,2813.52,Debit Card,Desktop
9047,2815,20260122,16,1316,12,2,108.98,0.1,196.16,PayPal,Mobile
9048,1226,20260307,38,1984,24,1,205.19,0.25,153.89,Credit Card,Mobile
9049,3189,20260815,44,1297,86,3,206.99,0.19,502.99,Debit Card,Mobile
9050,1248,20260424,31,870,84,3,528.48,0.27,1157.37,Debit Card,Desktop
9051,3476,20260404,21,409,94,3,724.6,0.06,2043.37,Debit Card,Desktop
9052,2624,20261127,27,1554,57,1,331.17,0.05,314.61,Credit Card,Desktop
9053,1409,20260528,8,588,46,4,570.98,0.07,2124.05,Debit Card,Desktop
9054,938,20260310,33,1946,47,2,420.3,0.1,756.54,Debit Card,Desktop
9055,2415,20261005,7,1504,82,3,525.16,0.3,1102.84,PayPal,Mobile
9056,2802,20260423,17,561,96,1,934.46,0.14,803.64,PayPal,Desktop
9057,3109,20261012,50,1671,14,1,367.65,0.21,290.44,Credit Card,Mobile
9058,3360,20260425,14,297,95,2,882.74,0.24,1341.76,Credit Card,Mobile
9059,415,20260223,49,1606,83,3,862.34,0.23,1992.01,Debit Card,Desktop
9060,3239,20260313,37,934,27,1,388.64,0.03,376.98,PayPal,Mobile
9061,2713,20261124,39,1060,82,2,78.61,0.24,119.49,Credit Card,Mobile
9062,3306,20260218,10,1338,65,4,186.31,0.1,670.72,Credit Card,Mobile
9063,3496,20260129,49,1792,79,4,907.74,0.09,3304.17,PayPal,Desktop
9064,2142,20260208,19,76,36,4,904.73,0.11,3220.84,Credit Card,Mobile
9065,1682,20260130,22,1064,84,3,564.68,0.11,1507.7,Credit Card,Desktop
9066,1549,20260417,10,300,31,2,641.03,0.29,910.26,Credit Card,Mobile
9067,1432,20260717,18,1163,88,2,312.21,0.13,543.25,Debit Card,Desktop
9068,3707,20260704,10,31,47,1,710.61,0.27,518.75,Debit Card,Desktop
9069,1509,20260127,30,1232,12,1,494.15,0.06,464.5,Debit Card,Mobile
9070,3559,20261205,31,1843,62,1,661.3,0.2,529.04,Credit Card,Desktop
9071,3777,20261107,9,82,78,2,172.2,0.06,323.74,PayPal,Desktop
9072,3633,20260802,9,697,5,1,189.04,0.3,132.33,Debit Card,Mobile
9073,3496,20260205,36,583,6,2,178.53,0.01,353.49,Debit Card,Desktop
9074,1962,20260923,9,1392,40,2,536.2,0.04,1029.5,PayPal,Desktop
9075,2028,20261031,33,1798,43,4,636.15,0.26,1883.0,PayPal,Desktop
9076,841,20260916,18,109,45,1,831.34,0.28,598.56,Credit Card,Desktop
9077,1867,20260903,1,1385,25,4,990.61,0.12,3486.95,Debit Card,Mobile
9078,1948,20260815,10,1138,6,3,587.38,0.12,1550.68,Credit Card,Desktop
9079,2356,20260815,37,1181,33,3,886.85,0.21,2101.83,PayPal,Desktop
9080,792,20260709,22,990,68,3,834.65,0.03,2428.83,Credit Card,Mobile
9081,3672,20260411,40,1515,60,2,657.85,0.08,1210.44,Credit Card,Mobile
9082,577,20260606,40,755,87,2,96.29,0.05,182.95,Credit Card,Desktop
9083,3498,20260609,31,1628,63,2,343.49,0.08,632.02,Debit Card,Desktop
9084,498,20260623,33,1099,30,1,591.57,0.17,491.0,Debit Card,Mobile
9085,2147,20261005,46,1533,8,4,601.11,0.16,2019.73,PayPal,Mobile
9086,1168,20260327,19,1484,68,2,68.73,0.18,112.72,Credit Card,Desktop
9087,531,20260701,22,1710,91,4,953.34,0.11,3393.89,Credit Card,Mobile
9088,1439,20261117,21,284,42,4,223.36,0.29,634.34,Credit Card,Mobile
9089,3258,20260409,30,1890,26,4,98.25,0.17,326.19,PayPal,Desktop
9090,3945,20260729,34,971,8,1,98.17,0.05,93.26,Credit Card,Mobile
9091,2638,20260310,22,1792,65,1,889.19,0.03,862.51,Credit Card,Desktop
9092,2556,20260417,9,1047,45,3,87.73,0.21,207.92,PayPal,Desktop
9093,2578,20260827,25,47,38,3,978.92,0.07,2731.19,PayPal,Mobile
9094,2810,20260504,42,234,57,4,422.56,0.22,1318.39,PayPal,Desktop
9095,2817,20260104,38,602,92,3,461.69,0.26,1024.95,Debit Card,Mobile
9096,2763,20261001,43,799,87,4,813.1,0.16,2732.02,PayPal,Desktop
9097,2398,20260206,8,1815,99,1,853.88,0.07,794.11,Debit Card,Mobile
9098,3190,20261017,1,915,33,1,436.07,0.3,305.25,Debit Card,Desktop
9099,1593,20260415,5,125,96,1,561.66,0.11,499.88,Debit Card,Mobile
9100,1053,20260329,40,251,61,2,478.9,0.25,718.35,Debit Card,Desktop
9101,2264,20260613,33,268,29,4,956.91,0.27,2794.18,PayPal,Mobile
9102,1204,20260729,40,207,37,1,731.55,0.14,629.13,PayPal,Mobile
9103,1705,20260925,9,487,31,4,937.72,0.24,2850.67,Credit Card,Mobile
9104,193,20260226,3,481,58,3,431.31,0.05,1229.23,Credit Card,Desktop
9105,2712,20261125,38,1358,33,3,516.76,0.02,1519.27,Credit Card,Desktop
9106,1341,20260214,24,302,77,1,235.82,0.15,200.45,Credit Card,Mobile
9107,2622,20260412,2,1959,47,4,383.17,0.26,1134.18,Debit Card,Mobile
9108,3385,20261011,43,318,54,1,236.59,0.2,189.27,Credit Card,Mobile
9109,3086,20260416,15,1284,64,3,101.32,0.15,258.37,Credit Card,Desktop
9110,3193,20260514,47,825,13,1,190.19,0.18,155.96,Credit Card,Desktop
9111,2194,20261127,43,1353,16,4,815.22,0.18,2673.92,PayPal,Mobile
9112,2805,20260407,27,60,26,3,230.39,0.25,518.38,Credit Card,Mobile
9113,986,20261214,44,164,12,2,766.55,0.11,1364.46,Debit Card,Mobile
9114,205,20260329,33,1651,2,3,740.56,0.1,1999.51,Debit Card,Mobile
9115,1912,20260324,32,1118,13,2,486.04,0.12,855.43,Credit Card,Mobile
9116,1529,20260506,17,282,85,1,175.47,0.08,161.43,Credit Card,Mobile
9117,2787,20261209,32,1059,15,1,677.14,0.22,528.17,Debit Card,Mobile
9118,1947,20260227,27,744,84,4,742.37,0.29,2108.33,Debit Card,Desktop
9119,618,20260813,5,1412,33,2,839.79,0.14,1444.44,Credit Card,Desktop
9120,570,20260422,5,582,24,1,871.77,0.02,854.33,Credit Card,Mobile
9121,1080,20260713,5,96,96,2,668.54,0.04,1283.6,Debit Card,Desktop
9122,27,20260614,2,1399,74,1,370.54,0.15,314.96,Debit Card,Mobile
9123,1472,20261221,8,769,13,3,170.74,0.08,471.24,PayPal,Desktop
9124,11,20260728,40,312,28,1,365.99,0.23,281.81,PayPal,Desktop
9125,3293,20261108,12,1281,29,4,819.41,0.25,2458.23,Credit Card,Mobile
9126,3439,20261231,2,1224,71,3,411.52,0.13,1074.07,PayPal,Desktop
9127,1451,20260415,45,1586,9,4,873.62,0.3,2446.14,Debit Card,Mobile
9128,2051,20260304,35,1749,12,3,232.54,0.21,551.12,PayPal,Mobile
9129,3791,20260303,23,276,34,2,404.73,0.28,582.81,PayPal,Mobile
9130,505,20260101,14,27,98,4,881.37,0.15,2996.66,Credit Card,Desktop
9131,110,20260216,20,1578,97,1,880.67,0.16,739.76,Credit Card,Mobile
9132,269,20261226,43,268,50,2,998.77,0.27,1458.2,Credit Card,Mobile
9133,1742,20261030,45,243,7,1,686.94,0.19,556.42,PayPal,Mobile
9134,1096,20261020,27,1762,91,3,788.63,0.12,2081.98,PayPal,Desktop
9135,2341,20260813,13,215,56,3,535.69,0.06,1510.65,Credit Card,Mobile
9136,1501,20261223,24,905,40,1,847.18,0.16,711.63,PayPal,Mobile
9137,3637,20261005,32,171,63,1,374.54,0.09,340.83,Debit Card,Mobile
9138,2357,20260613,45,771,33,2,367.64,0.09,669.1,Credit Card,Mobile
9139,2406,20260319,25,477,14,1,727.67,0.23,560.31,PayPal,Mobile
9140,1723,20260616,1,1202,79,4,924.34,0.18,3031.84,Credit Card,Mobile
9141,2454,20260718,10,883,21,4,242.09,0.06,910.26,Credit Card,Desktop
9142,3301,20260920,23,298,9,1,178.26,0.01,176.48,Debit Card,Mobile
9143,2138,20261004,40,1998,57,4,154.79,0.02,606.78,Credit Card,Mobile
9144,1955,20261222,7,701,85,1,644.04,0.09,586.08,Credit Card,Desktop
9145,2398,20261013,40,1877,78,2,951.15,0.3,1331.61,PayPal,Desktop
9146,248,20260901,13,212,97,4,885.71,0.07,3294.84,Debit Card,Desktop
9147,2210,20260401,50,1589,66,4,846.96,0.03,3286.2,Debit Card,Desktop
9148,1185,20260120,15,170,74,1,484.19,0.24,367.98,Credit Card,Desktop
9149,1616,20261118,40,1985,97,4,475.6,0.06,1788.26,PayPal,Desktop
9150,3342,20261229,39,971,8,3,488.22,0.21,1157.08,Credit Card,Desktop
9151,3644,20261221,43,273,85,2,743.02,0.28,1069.95,PayPal,Desktop
9152,3507,20260121,24,767,61,2,639.41,0.27,933.54,Debit Card,Mobile
9153,2951,20260118,21,1423,30,4,892.32,0.26,2641.27,Debit Card,Mobile
9154,1284,20261011,46,1541,32,4,597.44,0.08,2198.58,PayPal,Mobile
9155,1692,20260117,29,1426,11,3,147.22,0.14,379.83,Credit Card,Desktop
9156,3652,20261130,5,759,29,3,980.87,0.22,2295.24,PayPal,Mobile
9157,2970,20261112,4,1649,57,4,152.3,0.21,481.27,Credit Card,Desktop
9158,1678,20260724,42,1646,99,4,219.69,0.29,623.92,Credit Card,Desktop
9159,1861,20260306,1,1691,73,3,295.59,0.27,647.34,PayPal,Desktop
9160,266,20260829,28,298,30,1,296.97,0.0,296.97,PayPal,Mobile
9161,2762,20260702,24,682,89,3,176.43,0.2,423.43,PayPal,Desktop
9162,2723,20260623,33,252,15,1,935.76,0.12,823.47,Credit Card,Mobile
9163,1314,20260119,44,649,45,2,876.62,0.13,1525.32,Credit Card,Mobile
9164,2947,20261207,18,408,81,2,289.44,0.14,497.84,PayPal,Mobile
9165,1841,20260929,1,974,84,3,485.71,0.27,1063.7,Debit Card,Mobile
9166,722,20260427,19,343,25,1,384.39,0.2,307.51,PayPal,Desktop
9167,1012,20260509,45,309,70,3,576.44,0.3,1210.52,PayPal,Mobile
9168,1625,20260219,13,997,68,3,756.7,0.02,2224.7,Credit Card,Mobile
9169,3317,20261007,16,1114,28,1,459.62,0.24,349.31,PayPal,Desktop
9170,3856,20260514,50,1023,89,3,231.4,0.19,562.3,PayPal,Mobile
9171,3314,20260310,14,1553,65,2,842.85,0.09,1533.99,Debit Card,Mobile
9172,3208,20260708,1,516,79,4,575.04,0.16,1932.13,PayPal,Mobile
9173,2670,20261018,30,449,17,4,238.59,0.03,925.73,Credit Card,Mobile
9174,213,20260617,40,849,18,3,146.77,0.27,321.43,Credit Card,Mobile
9175,3963,20260606,48,1492,73,1,309.69,0.2,247.75,PayPal,Mobile
9176,996,20261011,13,431,58,1,745.24,0.16,626.0,PayPal,Desktop
9177,3054,20260415,34,121,42,2,685.13,0.07,1274.34,PayPal,Mobile
9178,3827,20261110,34,1234,89,1,647.56,0.24,492.15,Debit Card,Mobile
9179,1325,20260525,40,685,9,1,956.43,0.16,803.4,Debit Card,Desktop
9180,547,20260730,12,948,26,2,513.74,0.12,904.18,Credit Card,Mobile
9181,157,20260801,18,1649,68,3,277.68,0.09,758.07,Debit Card,Mobile
9182,2565,20260531,3,1984,35,4,842.97,0.16,2832.38,PayPal,Mobile
9183,2579,20261106,18,908,55,2,183.86,0.09,334.63,Credit Card,Mobile
9184,2468,20261122,37,1809,31,3,675.7,0.15,1723.04,PayPal,Mobile
9185,465,20260511,16,1721,2,2,790.81,0.24,1202.03,Credit Card,Desktop
9186,2426,20260809,7,1201,13,3,867.9,0.27,1900.7,PayPal,Desktop
9187,1359,20261101,30,1187,87,2,586.8,0.01,1161.86,Debit Card,Mobile
9188,710,20260221,32,1523,9,3,69.43,0.02,204.12,Credit Card,Desktop
9189,1301,20260327,24,996,67,2,829.46,0.05,1575.97,Debit Card,Mobile
9190,549,20261016,5,240,29,3,58.79,0.04,169.32,PayPal,Desktop
9191,2273,20261112,26,888,4,2,658.64,0.22,1027.48,Debit Card,Mobile
9192,3087,20261112,38,660,64,4,805.03,0.02,3155.72,Credit Card,Desktop
9193,3040,20260215,33,1958,85,4,927.81,0.17,3080.33,PayPal,Desktop
9194,1598,20260629,37,1978,66,1,712.87,0.06,670.1,PayPal,Mobile
9195,818,20261117,47,1787,40,3,86.84,0.28,187.57,Credit Card,Desktop
9196,2335,20260424,12,1838,82,2,329.21,0.25,493.81,Credit Card,Mobile
9197,1930,20261218,47,1275,75,3,562.74,0.23,1299.93,Credit Card,Desktop
9198,920,20260701,38,1365,4,4,435.83,0.02,1708.45,Debit Card,Mobile
9199,2720,20260718,21,1732,32,3,481.99,0.09,1315.83,PayPal,Mobile
9200,2351,20261111,38,1158,11,2,406.66,0.1,731.99,Debit Card,Mobile
9201,404,20261201,21,381,18,3,728.52,0.05,2076.28,Debit Card,Mobile
9202,2993,20260904,9,1866,53,2,862.64,0.21,1362.97,Credit Card,Desktop
9203,1558,20260227,36,130,25,4,938.19,0.14,3227.37,PayPal,Mobile
9204,2077,20260623,7,60,100,4,549.25,0.24,1669.72,Debit Card,Mobile
9205,770,20260602,21,930,83,4,661.65,0.1,2381.94,PayPal,Mobile
9206,478,20260707,46,1792,26,1,345.14,0.02,338.24,PayPal,Desktop
9207,1270,20260831,17,608,3,4,637.38,0.12,2243.58,Credit Card,Desktop
9208,2248,20260823,20,452,11,3,605.09,0.15,1542.98,Debit Card,Mobile
9209,346,20260325,8,27,87,1,511.01,0.29,362.82,Debit Card,Desktop
9210,1663,20260811,24,1564,31,4,383.45,0.28,1104.34,Credit Card,Mobile
9211,1735,20261201,35,1534,52,3,948.72,0.0,2846.16,Debit Card,Mobile
9212,3415,20260407,2,1315,37,3,198.65,0.09,542.31,Credit Card,Mobile
9213,1072,20260523,11,1069,38,3,491.68,0.25,1106.28,PayPal,Desktop
9214,1977,20260125,9,606,44,2,992.55,0.06,1865.99,Credit Card,Mobile
9215,2163,20260314,21,1833,95,1,736.1,0.25,552.08,PayPal,Desktop
9216,927,20260615,11,785,78,3,187.58,0.26,416.43,Debit Card,Desktop
9217,81,20261205,9,1206,15,2,406.25,0.07,755.62,PayPal,Mobile
9218,1399,20260114,34,439,81,4,585.88,0.13,2038.86,Debit Card,Desktop
9219,3635,20260228,31,1823,67,3,661.73,0.27,1449.19,Debit Card,Mobile
9220,1873,20260107,38,1182,64,2,544.85,0.18,893.55,PayPal,Mobile
9221,1034,20260509,34,34,64,3,578.5,0.05,1648.72,Debit Card,Mobile
9222,1833,20260725,23,125,13,1,527.65,0.0,527.65,Debit Card,Desktop
9223,133,20260628,15,1321,10,1,313.84,0.25,235.38,Debit Card,Mobile
9224,1275,20260703,47,29,86,4,484.83,0.13,1687.21,PayPal,Desktop
9225,78,20261014,14,1160,3,3,56.35,0.05,160.6,PayPal,Mobile
9226,2749,20261226,20,908,52,2,615.9,0.22,960.8,Debit Card,Desktop
9227,155,20260601,36,1107,72,4,880.38,0.09,3204.58,PayPal,Desktop
9228,277,20260106,37,420,4,3,237.31,0.15,605.14,Debit Card,Mobile
9229,1223,20261012,36,272,76,4,798.56,0.16,2683.16,Debit Card,Mobile
9230,3327,20261231,36,1023,30,2,320.75,0.05,609.42,PayPal,Desktop
9231,3132,20260423,26,473,38,4,181.89,0.03,705.73,Credit Card,Desktop
9232,1436,20260804,9,1685,32,4,857.45,0.04,3292.61,PayPal,Mobile
9233,3748,20260625,14,1442,22,4,778.21,0.14,2677.04,PayPal,Desktop
9234,975,20260616,34,470,47,3,817.21,0.11,2181.95,Credit Card,Desktop
9235,774,20260626,37,1669,4,2,709.98,0.08,1306.36,Debit Card,Desktop
9236,2330,20260509,9,1414,99,1,285.94,0.17,237.33,Credit Card,Mobile
9237,592,20260312,16,1390,96,3,939.02,0.04,2704.38,Debit Card,Mobile
9238,2665,20261203,45,283,68,1,268.24,0.19,217.27,PayPal,Desktop
9239,3020,20260131,28,63,8,1,694.2,0.3,485.94,PayPal,Desktop
9240,470,20260313,2,1546,68,3,108.07,0.25,243.16,Debit Card,Mobile
9241,2390,20260113,43,1416,64,3,819.02,0.12,2162.21,Debit Card,Desktop
9242,2251,20260622,26,393,86,2,228.72,0.04,439.14,PayPal,Desktop
9243,1211,20260829,10,239,57,2,245.27,0.12,431.68,PayPal,Desktop
9244,1931,20261231,11,1759,22,4,989.7,0.26,2929.51,PayPal,Mobile
9245,2466,20260517,6,900,95,1,718.98,0.07,668.65,Debit Card,Mobile
9246,3903,20260419,42,1097,56,2,576.64,0.02,1130.21,PayPal,Mobile
9247,2349,20261025,35,213,61,4,989.85,0.16,3325.9,Debit Card,Desktop
9248,3163,20260618,21,1307,26,2,716.69,0.21,1132.37,Debit Card,Mobile
9249,139,20260113,12,1505,26,3,288.79,0.03,840.38,Credit Card,Desktop
9250,323,20260323,5,804,78,2,583.42,0.09,1061.82,Credit Card,Desktop
9251,2261,20260830,39,477,87,1,669.35,0.07,622.5,PayPal,Mobile
9252,3719,20261210,28,1344,34,2,262.77,0.21,415.18,PayPal,Mobile
9253,309,20260505,28,1081,67,1,460.23,0.1,414.21,PayPal,Desktop
9254,2461,20260317,2,155,5,3,610.39,0.07,1702.99,Credit Card,Desktop
9255,1987,20260630,49,532,37,1,307.97,0.11,274.09,PayPal,Desktop
9256,352,20260112,45,1837,64,2,886.76,0.27,1294.67,Credit Card,Desktop
9257,3724,20260518,2,1631,99,4,509.39,0.18,1670.8,Debit Card,Mobile
9258,962,20260505,31,509,51,3,185.43,0.11,495.1,Credit Card,Mobile
9259,1644,20260113,10,1898,89,2,708.21,0.23,1090.64,Credit Card,Desktop
9260,3729,20260327,39,497,16,3,416.58,0.12,1099.77,PayPal,Desktop
9261,2881,20260914,42,208,67,3,785.2,0.05,2237.82,Debit Card,Mobile
9262,1598,20260709,14,1190,34,2,260.62,0.11,463.9,PayPal,Desktop
9263,2985,20260525,19,1200,8,2,226.59,0.08,416.93,PayPal,Mobile
9264,2396,20260511,50,321,53,4,185.42,0.23,571.09,Credit Card,Desktop
9265,1029,20260511,8,1858,3,3,334.54,0.06,943.4,Debit Card,Desktop
9266,2171,20260622,40,799,2,3,672.89,0.29,1433.26,Credit Card,Mobile
9267,693,20261123,36,798,64,2,480.8,0.24,730.82,Debit Card,Desktop
9268,3234,20260726,32,399,40,1,752.54,0.3,526.78,Debit Card,Desktop
9269,2101,20260305,2,837,46,2,72.15,0.03,139.97,Debit Card,Mobile
9270,547,20260330,13,158,34,3,456.03,0.14,1176.56,Debit Card,Desktop
9271,1827,20260320,26,734,63,2,93.82,0.0,187.64,PayPal,Desktop
9272,331,20260722,45,424,39,4,768.12,0.1,2765.23,Credit Card,Desktop
9273,1810,20261221,48,779,96,1,307.46,0.28,221.37,Credit Card,Mobile
9274,1671,20260723,44,508,58,2,720.81,0.17,1196.54,PayPal,Desktop
9275,3439,20260303,17,1964,46,4,222.7,0.29,632.47,PayPal,Desktop
9276,2956,20260912,42,1986,33,3,785.0,0.14,2025.3,Credit Card,Desktop
9277,1622,20261114,42,1226,22,2,381.19,0.24,579.41,Debit Card,Mobile
9278,356,20261106,23,1353,48,3,940.93,0.28,2032.41,Debit Card,Desktop
9279,2739,20260401,36,255,81,4,635.57,0.04,2440.59,Credit Card,Desktop
9280,3163,20260315,46,546,56,3,295.48,0.16,744.61,Debit Card,Desktop
9281,970,20261108,38,696,94,4,257.83,0.06,969.44,Credit Card,Mobile
9282,3937,20261117,43,1953,21,4,951.63,0.17,3159.41,PayPal,Desktop
9283,1083,20260414,6,468,41,4,853.77,0.26,2527.16,PayPal,Mobile
9284,2146,20260409,21,167,39,2,704.78,0.18,1155.84,Credit Card,Mobile
9285,3137,20260109,38,50,50,3,850.46,0.02,2500.35,Debit Card,Desktop
9286,717,20260428,44,483,59,3,881.24,0.16,2220.72,PayPal,Desktop
9287,1402,20260826,35,1504,37,1,444.87,0.03,431.52,PayPal,Desktop
9288,14,20260408,34,228,10,1,531.89,0.09,484.02,Credit Card,Desktop
9289,2732,20260314,31,867,93,1,136.52,0.08,125.6,Debit Card,Desktop
9290,2515,20260925,35,797,98,1,409.27,0.24,311.05,Debit Card,Desktop
9291,1867,20260630,15,418,16,3,241.55,0.16,608.71,Credit Card,Desktop
9292,103,20261119,13,177,6,4,835.79,0.13,2908.55,Debit Card,Desktop
9293,966,20260823,37,839,34,4,231.1,0.11,822.72,Credit Card,Desktop
9294,3123,20260608,24,983,73,2,135.97,0.14,233.87,PayPal,Mobile
9295,2516,20260331,39,1735,88,4,484.7,0.04,1861.25,Credit Card,Desktop
9296,4,20260325,40,1087,59,3,907.07,0.02,2666.79,Debit Card,Desktop
9297,3565,20260609,46,116,2,3,936.57,0.12,2472.54,Debit Card,Desktop
9298,3359,20260701,7,272,96,3,699.34,0.14,1804.3,PayPal,Mobile
9299,409,20261015,8,803,26,2,485.9,0.06,913.49,PayPal,Desktop
9300,820,20260207,4,212,48,1,83.43,0.0,83.43,Credit Card,Desktop
9301,1839,20261212,36,45,6,4,652.98,0.26,1932.82,PayPal,Desktop
9302,1671,20260729,13,1611,72,3,898.45,0.15,2291.05,PayPal,Desktop
9303,3560,20260213,35,639,14,3,621.07,0.12,1639.62,PayPal,Desktop
9304,119,20260515,47,737,64,1,466.63,0.12,410.63,PayPal,Mobile
9305,3157,20260508,35,406,74,3,209.61,0.22,490.49,Debit Card,Desktop
9306,1411,20260801,13,1084,78,4,719.08,0.27,2099.71,Credit Card,Mobile
9307,462,20260617,39,711,11,2,406.41,0.21,642.13,Debit Card,Desktop
9308,3780,20260501,12,949,67,3,144.21,0.2,346.1,Debit Card,Desktop
9309,2330,20260731,25,1816,89,4,536.92,0.22,1675.19,Debit Card,Mobile
9310,2511,20260827,24,785,69,3,703.76,0.22,1646.8,PayPal,Mobile
9311,2698,20260923,27,894,45,1,356.24,0.21,281.43,Credit Card,Mobile
9312,2819,20260715,41,1292,39,3,861.48,0.07,2403.53,PayPal,Desktop
9313,1102,20261010,34,49,16,3,991.02,0.11,2646.02,Credit Card,Desktop
9314,3278,20260301,9,1355,96,2,667.33,0.15,1134.46,Debit Card,Desktop
9315,3323,20260305,4,749,69,1,753.9,0.05,716.2,Credit Card,Desktop
9316,1952,20261024,50,1133,67,1,846.7,0.1,762.03,Credit Card,Mobile
9317,2976,20260627,29,501,86,2,177.36,0.26,262.49,PayPal,Mobile
9318,1788,20260815,46,1423,59,3,426.63,0.25,959.92,Credit Card,Desktop
9319,2535,20260316,6,1792,86,4,397.85,0.0,1591.4,Debit Card,Mobile
9320,3901,20260726,46,1104,91,1,973.16,0.03,943.97,Credit Card,Desktop
9321,2655,20260812,37,1249,31,1,717.86,0.24,545.57,PayPal,Mobile
9322,2009,20260506,45,1890,31,3,181.56,0.06,512.0,Debit Card,Desktop
9323,196,20261218,6,1539,73,3,292.8,0.29,623.66,PayPal,Desktop
9324,697,20260420,2,1730,94,1,163.36,0.03,158.46,Credit Card,Desktop
9325,3910,20260328,5,1001,38,3,218.96,0.12,578.05,PayPal,Mobile
9326,2244,20261113,37,263,85,4,614.43,0.07,2285.68,Debit Card,Mobile
9327,65,20260425,39,1458,43,1,987.07,0.27,720.56,PayPal,Desktop
9328,759,20260506,16,1602,18,4,354.21,0.13,1232.65,Debit Card,Desktop
9329,2429,20260313,48,870,49,4,294.89,0.17,979.03,Credit Card,Mobile
9330,1734,20260818,14,432,65,3,313.36,0.2,752.06,PayPal,Mobile
9331,111,20260331,1,380,29,4,190.71,0.26,564.5,PayPal,Desktop
9332,2780,20260129,47,1775,53,3,650.73,0.25,1464.14,Credit Card,Mobile
9333,1005,20260206,45,1769,32,2,321.53,0.14,553.03,Debit Card,Mobile
9334,2243,20260323,6,1123,76,3,272.52,0.07,760.33,Debit Card,Desktop
9335,2389,20261120,29,720,11,4,315.7,0.2,1010.24,PayPal,Desktop
9336,1399,20260322,36,1178,57,2,279.15,0.16,468.97,Credit Card,Desktop
9337,1567,20260111,30,1458,10,3,962.9,0.23,2224.3,Credit Card,Mobile
9338,1846,20260310,46,1522,3,4,873.7,0.23,2691.0,PayPal,Mobile
9339,1604,20260502,20,598,30,1,149.37,0.09,135.93,PayPal,Mobile
9340,930,20261226,15,1184,43,1,129.39,0.2,103.51,PayPal,Mobile
9341,1736,20260407,24,81,79,3,707.58,0.24,1613.28,Credit Card,Mobile
9342,1263,20260331,42,1611,69,3,999.67,0.02,2939.03,PayPal,Mobile
9343,3559,20261122,4,506,87,1,418.12,0.1,376.31,Credit Card,Mobile
9344,3201,20260718,37,1214,9,4,492.46,0.27,1437.98,PayPal,Mobile
9345,1564,20260526,41,1637,4,4,437.93,0.22,1366.34,Debit Card,Desktop
9346,3730,20260722,32,1724,40,4,111.35,0.03,432.04,Debit Card,Mobile
9347,3478,20260731,3,890,70,3,510.76,0.06,1440.34,PayPal,Desktop
9348,1387,20260912,41,407,71,2,191.68,0.23,295.19,Debit Card,Desktop
9349,227,20261009,29,427,94,2,615.44,0.15,1046.25,Debit Card,Mobile
9350,2979,20260222,49,1046,79,2,560.54,0.3,784.76,PayPal,Mobile
9351,2069,20260225,9,1811,26,2,427.54,0.28,615.66,PayPal,Desktop
9352,1523,20261023,16,1985,92,2,948.93,0.18,1556.25,Debit Card,Mobile
9353,1683,20261215,26,1030,3,3,653.23,0.01,1940.09,Debit Card,Mobile
9354,1846,20260703,21,1969,50,3,821.27,0.05,2340.62,Debit Card,Mobile
9355,2777,20261115,46,1105,1,2,906.18,0.25,1359.27,Debit Card,Mobile
9356,797,20261129,26,243,2,3,978.37,0.01,2905.76,Credit Card,Desktop
9357,83,20261117,47,681,14,3,463.09,0.19,1125.31,Credit Card,Mobile
9358,1400,20260219,1,96,80,2,903.9,0.22,1410.08,PayPal,Desktop
9359,588,20260328,29,209,54,4,425.51,0.26,1259.51,Debit Card,Desktop
9360,1003,20260308,49,1497,43,3,855.47,0.11,2284.1,Debit Card,Mobile
9361,963,20260709,38,1016,34,4,850.47,0.22,2653.47,Credit Card,Desktop
9362,1333,20260826,35,1205,13,3,993.31,0.04,2860.73,PayPal,Desktop
9363,1268,20261111,28,668,12,3,896.02,0.15,2284.85,PayPal,Desktop
9364,866,20260805,48,226,51,2,697.21,0.11,1241.03,Credit Card,Mobile
9365,2095,20260405,38,1846,34,3,660.8,0.2,1585.92,PayPal,Desktop
9366,431,20261013,45,1789,64,1,836.79,0.18,686.17,Credit Card,Desktop
9367,2127,20260426,36,282,65,1,707.17,0.11,629.38,Credit Card,Mobile
9368,2713,20260420,46,79,85,2,142.54,0.06,267.98,Credit Card,Desktop
9369,3177,20260318,37,1545,89,4,87.67,0.2,280.54,PayPal,Mobile
9370,2847,20260529,36,93,70,4,203.62,0.12,716.74,Debit Card,Mobile
9371,2691,20260611,1,1202,75,4,274.67,0.11,977.83,Debit Card,Desktop
9372,1570,20261129,5,511,16,1,85.13,0.13,74.06,PayPal,Mobile
9373,2713,20260304,47,1684,69,4,486.36,0.16,1634.17,PayPal,Mobile
9374,3839,20260811,26,1253,66,4,663.32,0.12,2334.89,Debit Card,Desktop
9375,3772,20260313,15,1885,68,2,202.2,0.07,376.09,Debit Card,Desktop
9376,2327,20260609,47,1553,41,4,429.76,0.03,1667.47,Debit Card,Desktop
9377,3373,20260823,6,904,100,1,825.79,0.2,660.63,Credit Card,Desktop
9378,1268,20261112,42,1300,10,1,950.01,0.19,769.51,Debit Card,Mobile
9379,3502,20260717,5,1408,86,1,998.0,0.08,918.16,PayPal,Mobile
9380,388,20260207,44,1079,15,2,918.72,0.07,1708.82,PayPal,Desktop
9381,2389,20260831,7,1874,47,2,817.58,0.09,1488.0,Debit Card,Mobile
9382,524,20260106,28,127,60,3,989.86,0.28,2138.1,Debit Card,Desktop
9383,3047,20260206,4,1313,55,4,449.88,0.28,1295.65,Debit Card,Mobile
9384,3048,20260127,46,590,38,2,369.69,0.23,569.32,Debit Card,Mobile
9385,1976,20260310,9,1274,34,1,527.49,0.05,501.12,Credit Card,Mobile
9386,1772,20260226,49,582,77,1,852.43,0.28,613.75,Debit Card,Mobile
9387,3258,20261210,10,647,77,2,306.32,0.22,477.86,Debit Card,Desktop
9388,445,20260603,49,1976,29,2,714.24,0.11,1271.35,Credit Card,Desktop
9389,916,20260630,17,752,71,2,601.95,0.23,927.0,Credit Card,Mobile
9390,458,20261008,26,1211,33,3,556.47,0.15,1419.0,Debit Card,Desktop
9391,2512,20260626,43,1541,18,1,460.76,0.27,336.35,PayPal,Mobile
9392,2127,20260608,3,968,18,3,664.29,0.14,1713.87,Debit Card,Desktop
9393,2591,20261206,5,389,12,3,592.02,0.11,1580.69,Debit Card,Desktop
9394,1730,20260803,10,213,28,4,228.25,0.15,776.05,PayPal,Desktop
9395,3364,20260107,46,1209,36,1,461.65,0.18,378.55,Debit Card,Desktop
9396,554,20261118,20,727,42,1,953.05,0.24,724.32,PayPal,Desktop
9397,3161,20260719,32,641,9,2,619.53,0.18,1016.03,Credit Card,Desktop
9398,829,20260928,46,456,51,2,612.52,0.07,1139.29,Credit Card,Desktop
9399,1113,20260116,32,233,47,4,983.6,0.09,3580.3,PayPal,Desktop
9400,1060,20260911,41,560,43,3,675.4,0.02,1985.68,PayPal,Desktop
9401,159,20261223,40,1829,59,2,636.24,0.02,1247.03,Debit Card,Desktop
9402,3398,20260213,10,1882,49,2,922.3,0.08,1697.03,Debit Card,Mobile
9403,1483,20260616,9,1225,29,1,857.09,0.07,797.09,Credit Card,Mobile
9404,781,20260825,45,1347,8,1,435.41,0.21,343.97,Debit Card,Desktop
9405,1382,20260403,44,454,17,2,163.24,0.13,284.04,PayPal,Desktop
9406,1920,20260217,17,1173,73,1,835.59,0.19,676.83,Credit Card,Desktop
9407,2906,20260626,38,1629,13,4,660.49,0.05,2509.86,PayPal,Mobile
9408,2013,20260701,4,114,91,2,348.37,0.08,641.0,Debit Card,Desktop
9409,576,20260502,37,855,84,1,812.49,0.0,812.49,Credit Card,Mobile
9410,953,20260626,26,1756,34,4,749.54,0.19,2428.51,Credit Card,Desktop
9411,660,20260728,29,175,85,1,189.29,0.16,159.0,Credit Card,Mobile
9412,2328,20260730,26,1544,70,1,282.48,0.01,279.66,Debit Card,Mobile
9413,1803,20260711,32,1577,95,1,957.51,0.09,871.33,Debit Card,Mobile
9414,44,20260801,18,443,21,2,870.76,0.05,1654.44,PayPal,Mobile
9415,464,20260311,49,933,97,3,999.25,0.15,2548.09,Debit Card,Desktop
9416,690,20261214,44,986,69,1,882.72,0.24,670.87,PayPal,Desktop
9417,1927,20260407,11,553,18,4,504.28,0.2,1613.7,Debit Card,Desktop
9418,2841,20260914,25,672,8,2,792.32,0.08,1457.87,PayPal,Desktop
9419,2342,20261007,41,758,28,2,57.64,0.22,89.92,Credit Card,Desktop
9420,3676,20260602,41,540,71,4,469.14,0.11,1670.14,PayPal,Desktop
9421,1979,20260623,42,1294,81,1,231.39,0.08,212.88,Credit Card,Mobile
9422,3377,20261003,35,1048,87,3,653.9,0.1,1765.53,PayPal,Mobile
9423,268,20260315,41,1862,62,1,181.63,0.3,127.14,Credit Card,Mobile
9424,3417,20261008,35,246,73,4,227.45,0.28,655.06,Debit Card,Mobile
9425,1967,20260420,30,735,82,2,242.75,0.17,402.96,PayPal,Mobile
9426,949,20260419,23,1053,71,3,414.8,0.23,958.19,Debit Card,Desktop
9427,1680,20260521,32,1298,68,2,602.1,0.2,963.36,Credit Card,Mobile
9428,3075,20260915,15,1414,89,4,691.97,0.27,2020.55,Credit Card,Mobile
9429,3183,20261110,46,814,86,1,437.05,0.21,345.27,Debit Card,Desktop
9430,1022,20260611,16,730,49,3,683.11,0.22,1598.48,Debit Card,Mobile
9431,3134,20260923,11,1854,66,2,539.88,0.27,788.22,Credit Card,Mobile
9432,2780,20260817,41,1189,61,2,58.37,0.12,102.73,Debit Card,Desktop
9433,1280,20260906,12,1186,65,2,274.37,0.16,460.94,Debit Card,Mobile
9434,574,20260819,14,886,70,1,839.24,0.01,830.85,Credit Card,Mobile
9435,948,20261207,25,1368,32,3,296.28,0.13,773.29,Credit Card,Mobile
9436,1226,20260214,25,146,17,1,892.05,0.1,802.85,Credit Card,Desktop
9437,3006,20261028,12,1311,24,1,854.23,0.26,632.13,PayPal,Desktop
9438,2417,20261213,17,1495,16,1,474.15,0.03,459.93,PayPal,Desktop
9439,3773,20261021,47,1380,41,4,960.21,0.19,3111.08,PayPal,Mobile
9440,3920,20260302,33,114,23,4,554.99,0.21,1753.77,Credit Card,Mobile
9441,3197,20261129,42,341,13,4,251.92,0.1,906.91,PayPal,Mobile
9442,1272,20261019,40,317,8,3,939.33,0.02,2761.63,Credit Card,Desktop
9443,1944,20260429,15,25,99,1,358.32,0.22,279.49,PayPal,Mobile
9444,3610,20260729,13,1065,7,1,353.41,0.04,339.27,Credit Card,Desktop
9445,1481,20261224,27,398,24,4,371.38,0.09,1351.82,PayPal,Desktop
9446,1473,20260627,15,885,1,1,323.77,0.0,323.77,Debit Card,Desktop
9447,1069,20260805,41,18,77,1,531.26,0.23,409.07,PayPal,Desktop
9448,1936,20261217,12,1297,73,2,199.77,0.14,343.6,Debit Card,Mobile
9449,2773,20260318,19,1530,53,1,599.4,0.07,557.44,Debit Card,Mobile
9450,2694,20261004,29,389,18,2,335.8,0.13,584.29,Debit Card,Desktop
9451,2974,20260505,43,1291,85,1,74.07,0.13,64.44,PayPal,Desktop
9452,22,20260817,1,204,82,3,855.83,0.08,2362.09,PayPal,Desktop
9453,1748,20260826,25,1200,77,4,809.29,0.26,2395.5,PayPal,Desktop
9454,1818,20260408,6,299,36,2,377.18,0.11,671.38,Credit Card,Desktop
9455,634,20261210,2,1571,87,4,500.98,0.11,1783.49,Debit Card,Desktop
9456,1860,20260331,8,1091,8,2,225.2,0.09,409.86,Credit Card,Mobile
9457,981,20261118,30,212,8,2,848.24,0.19,1374.15,Debit Card,Desktop
9458,2424,20261126,26,1525,5,2,546.91,0.11,973.5,Credit Card,Desktop
9459,2368,20260611,30,689,100,3,102.23,0.21,242.29,Credit Card,Mobile
9460,1678,20260207,32,910,39,1,482.91,0.0,482.91,PayPal,Mobile
9461,2896,20260919,41,138,52,2,599.26,0.06,1126.61,Credit Card,Desktop
9462,3564,20260915,28,1801,31,3,956.89,0.08,2641.02,Credit Card,Desktop
9463,3993,20260211,16,649,44,2,569.76,0.18,934.41,PayPal,Desktop
9464,2253,20260706,32,1697,71,1,484.42,0.14,416.6,Credit Card,Desktop
9465,1901,20261212,25,379,87,2,158.69,0.09,288.82,Credit Card,Mobile
9466,238,20260322,39,593,53,3,423.38,0.23,978.01,Credit Card,Desktop
9467,3042,20260825,27,1805,98,1,694.37,0.03,673.54,Debit Card,Mobile
9468,213,20260923,17,1811,85,3,167.51,0.28,361.82,PayPal,Mobile
9469,1759,20260319,13,1577,19,1,606.72,0.27,442.91,Credit Card,Mobile
9470,3302,20261205,33,10,10,1,208.95,0.13,181.79,Credit Card,Desktop
9471,3846,20260906,37,889,63,4,193.34,0.25,580.02,Credit Card,Desktop
9472,1766,20260718,24,430,57,4,508.67,0.02,1993.99,Debit Card,Desktop
9473,2955,20260113,12,986,39,4,280.21,0.19,907.88,PayPal,Mobile
9474,2528,20260602,29,1381,41,1,270.13,0.16,226.91,Credit Card,Desktop
9475,787,20260423,14,1692,49,2,63.21,0.28,91.02,Credit Card,Mobile
9476,2007,20260531,8,718,10,3,457.95,0.25,1030.39,Credit Card,Mobile
9477,3412,20260907,11,608,93,3,99.82,0.05,284.49,PayPal,Mobile
9478,800,20260502,29,549,45,3,407.77,0.09,1113.21,Debit Card,Desktop
9479,3773,20261127,47,507,73,4,425.32,0.23,1309.99,Debit Card,Mobile
9480,2035,20261002,22,1039,36,1,130.86,0.29,92.91,PayPal,Mobile
9481,3702,20260908,29,1237,24,4,468.67,0.18,1537.24,Credit Card,Desktop
9482,3951,20261210,38,309,33,2,889.95,0.02,1744.3,PayPal,Desktop
9483,3420,20260826,40,1292,50,1,387.26,0.09,352.41,Credit Card,Mobile
9484,2823,20260831,5,1231,26,3,163.9,0.28,354.02,Debit Card,Mobile
9485,3726,20260826,8,853,41,4,79.16,0.17,262.81,Credit Card,Mobile
9486,1800,20260828,26,140,28,4,97.04,0.24,295.0,Debit Card,Mobile
9487,1754,20260528,38,1812,36,2,195.04,0.29,276.96,Debit Card,Mobile
9488,1407,20261226,20,333,82,2,724.09,0.08,1332.33,PayPal,Desktop
9489,1794,20260310,23,1556,26,4,314.41,0.19,1018.69,PayPal,Desktop
9490,545,20261119,43,70,12,2,665.3,0.21,1051.17,Debit Card,Mobile
9491,2501,20261110,12,752,87,3,209.52,0.29,446.28,PayPal,Desktop
9492,35,20261001,25,855,4,2,439.92,0.2,703.87,Credit Card,Mobile
9493,3855,20260725,26,725,13,2,378.11,0.16,635.22,Credit Card,Desktop
9494,2264,20260115,7,1642,70,4,275.96,0.11,982.42,PayPal,Mobile
9495,210,20261211,27,819,84,4,960.17,0.2,3072.54,Credit Card,Desktop
9496,1981,20260805,31,1349,24,1,856.34,0.3,599.44,PayPal,Mobile
9497,2202,20260407,18,1502,93,1,965.45,0.01,955.8,Credit Card,Mobile
9498,1007,20260113,47,1248,78,4,909.16,0.13,3163.88,Credit Card,Desktop
9499,999,20260929,28,1199,90,2,181.04,0.28,260.7,Credit Card,Mobile
9500,2046,20261105,43,1080,58,2,695.31,0.22,1084.68,Credit Card,Mobile
9501,2744,20261023,1,1410,85,1,144.57,0.12,127.22,PayPal,Mobile
9502,172,20260810,2,553,62,1,363.95,0.13,316.64,Credit Card,Mobile
9503,2728,20260617,3,42,79,1,239.13,0.14,205.65,Credit Card,Desktop
9504,3712,20260918,4,1843,24,3,477.45,0.02,1403.7,Credit Card,Mobile
9505,3855,20261205,43,748,2,3,740.7,0.28,1599.91,PayPal,Mobile
9506,49,20261006,4,1337,42,1,478.56,0.16,401.99,Credit Card,Desktop
9507,2720,20260315,17,1802,26,2,263.64,0.11,469.28,PayPal,Mobile
9508,863,20260512,12,1321,11,1,628.7,0.21,496.67,Credit Card,Desktop
9509,2111,20260412,43,1303,26,3,805.57,0.04,2320.04,Credit Card,Mobile
9510,554,20260422,9,1007,55,2,429.9,0.02,842.6,PayPal,Mobile
9511,1981,20260511,42,540,39,3,831.09,0.2,1994.62,Debit Card,Mobile
9512,418,20260107,8,1718,4,2,624.83,0.22,974.73,PayPal,Desktop
9513,2983,20261124,36,1000,54,3,735.1,0.0,2205.3,Debit Card,Desktop
9514,3799,20260928,13,595,82,2,339.69,0.06,638.62,PayPal,Mobile
9515,2099,20260505,20,449,59,2,383.11,0.23,589.99,Credit Card,Mobile
9516,2800,20261214,3,408,26,2,119.87,0.23,184.6,PayPal,Desktop
9517,2890,20260212,21,50,54,2,244.38,0.06,459.43,Credit Card,Desktop
9518,3807,20260131,24,200,15,4,259.66,0.29,737.43,Debit Card,Mobile
9519,3680,20261205,19,1777,46,3,783.62,0.17,1951.21,PayPal,Desktop
9520,3564,20261117,11,720,31,3,957.25,0.12,2527.14,Credit Card,Mobile
9521,1774,20260517,1,346,57,4,679.01,0.04,2607.4,Credit Card,Mobile
9522,535,20260307,29,277,82,2,431.38,0.19,698.84,PayPal,Desktop
9523,3052,20260114,1,34,76,2,173.55,0.18,284.62,PayPal,Desktop
9524,16,20260619,50,382,73,3,127.23,0.27,278.63,Credit Card,Desktop
9525,1692,20260106,23,857,60,4,596.03,0.24,1811.93,PayPal,Desktop
9526,1454,20261120,39,1992,87,2,410.84,0.27,599.83,PayPal,Mobile
9527,155,20260815,15,330,76,2,110.85,0.26,164.06,Credit Card,Desktop
9528,869,20260602,35,599,95,2,215.02,0.05,408.54,Credit Card,Mobile
9529,3394,20260307,15,1568,5,1,138.68,0.07,128.97,Credit Card,Mobile
9530,1356,20260529,25,3,25,4,745.39,0.05,2832.48,Credit Card,Mobile
9531,1386,20261102,33,1005,83,2,238.82,0.0,477.64,Credit Card,Mobile
9532,628,20260328,4,41,89,1,72.72,0.14,62.54,Credit Card,Desktop
9533,2095,20260702,28,15,56,4,423.2,0.06,1591.23,PayPal,Mobile
9534,1089,20260425,16,1079,62,2,825.22,0.24,1254.33,Debit Card,Desktop
9535,1436,20260429,15,1997,46,3,518.77,0.07,1447.37,PayPal,Desktop
9536,59,20260309,3,1507,76,1,946.61,0.12,833.02,Debit Card,Desktop
9537,1333,20260428,9,938,85,1,933.76,0.19,756.35,Credit Card,Desktop
9538,2251,20260717,36,182,30,2,511.49,0.23,787.69,PayPal,Mobile
9539,3982,20260521,32,743,100,2,188.96,0.0,377.92,Debit Card,Desktop
9540,3425,20260202,20,60,14,1,805.46,0.07,749.08,Credit Card,Desktop
9541,2508,20261224,24,494,91,3,582.97,0.05,1661.46,Credit Card,Desktop
9542,3637,20260222,49,384,69,3,538.71,0.18,1325.23,Debit Card,Mobile
9543,3182,20261002,33,752,53,4,713.08,0.16,2395.95,PayPal,Mobile
9544,3187,20260914,22,305,9,2,57.7,0.2,92.32,Credit Card,Mobile
9545,1656,20260126,18,1912,71,3,833.3,0.19,2024.92,PayPal,Desktop
9546,1442,20261230,37,1754,52,4,138.31,0.27,403.87,Debit Card,Desktop
9547,3815,20260117,8,1061,60,3,228.88,0.25,514.98,Credit Card,Mobile
9548,2732,20261111,36,1601,71,2,398.75,0.01,789.52,PayPal,Desktop
9549,1486,20260326,40,543,2,4,800.26,0.2,2560.83,Credit Card,Mobile
9550,3709,20260730,28,1131,9,4,596.49,0.21,1884.91,Credit Card,Desktop
9551,3978,20261118,25,1763,19,4,420.08,0.21,1327.45,Credit Card,Desktop
9552,3918,20261217,28,684,47,3,322.79,0.23,745.64,Debit Card,Mobile
9553,526,20260706,15,693,85,2,682.24,0.2,1091.58,Debit Card,Mobile
9554,2821,20260903,36,608,59,4,175.49,0.08,645.8,PayPal,Mobile
9555,2453,20260828,17,1893,36,1,90.75,0.11,80.77,Debit Card,Mobile
9556,230,20260819,27,1447,65,2,262.52,0.07,488.29,Debit Card,Desktop
9557,2964,20260913,45,1003,40,1,747.11,0.0,747.11,Credit Card,Mobile
9558,2605,20261217,33,933,82,1,199.03,0.01,197.04,Credit Card,Mobile
9559,1757,20260818,19,1042,7,4,768.98,0.03,2983.64,Credit Card,Mobile
9560,2083,20260316,26,1154,80,4,949.54,0.2,3038.53,PayPal,Mobile
9561,3457,20260201,7,583,68,3,784.84,0.16,1977.8,Debit Card,Desktop
9562,1074,20260718,5,1433,9,3,702.26,0.25,1580.08,Credit Card,Desktop
9563,3905,20260331,4,870,99,3,965.72,0.18,2375.67,PayPal,Mobile
9564,2994,20260508,8,971,92,2,797.24,0.05,1514.76,Credit Card,Desktop
9565,1764,20260315,29,1060,19,3,703.18,0.17,1750.92,Credit Card,Desktop
9566,1688,20260905,46,760,75,1,356.96,0.22,278.43,Debit Card,Desktop
9567,2628,20260425,43,1085,45,3,477.4,0.14,1231.69,Debit Card,Desktop
9568,3155,20260226,34,1271,62,4,897.77,0.27,2621.49,PayPal,Mobile
9569,2172,20260525,47,909,3,3,730.04,0.27,1598.79,Debit Card,Mobile
9570,1867,20260422,17,1948,57,2,504.39,0.16,847.38,Credit Card,Desktop
9571,1579,20260815,48,1063,15,2,735.28,0.05,1397.03,Credit Card,Desktop
9572,2522,20260203,15,818,40,1,369.9,0.2,295.92,Credit Card,Desktop
9573,3995,20261221,41,1690,23,2,422.22,0.01,836.0,PayPal,Mobile
9574,2406,20261231,21,1455,79,3,77.44,0.09,211.41,Debit Card,Mobile
9575,3199,20260523,10,573,44,4,134.65,0.07,500.9,PayPal,Mobile
9576,1170,20260308,43,1400,11,2,278.13,0.25,417.19,Debit Card,Mobile
9577,1404,20260211,17,1962,100,1,820.99,0.16,689.63,Debit Card,Mobile
9578,3824,20260509,10,708,8,3,258.16,0.07,720.27,Credit Card,Desktop
9579,520,20261211,3,715,9,1,623.94,0.23,480.43,Credit Card,Mobile
9580,2426,20260509,20,1540,80,2,708.55,0.02,1388.76,PayPal,Mobile
9581,624,20261006,34,506,46,2,228.34,0.17,379.04,Credit Card,Desktop
9582,2651,20260201,47,1330,10,1,448.34,0.13,390.06,Debit Card,Desktop
9583,2512,20260722,7,1010,83,3,326.89,0.07,912.02,Credit Card,Mobile
9584,1158,20260309,5,942,84,2,346.86,0.05,659.03,Debit Card,Mobile
9585,432,20261220,30,122,5,4,760.13,0.29,2158.77,Debit Card,Mobile
9586,55,20260528,40,50,13,2,348.51,0.19,564.59,Credit Card,Desktop
9587,2307,20260303,44,1102,37,3,507.33,0.25,1141.49,Credit Card,Mobile
9588,2356,20260816,18,403,12,2,786.42,0.19,1274.0,Debit Card,Mobile
9589,3341,20260301,49,1266,63,1,137.89,0.24,104.8,Credit Card,Desktop
9590,1414,20260925,42,1991,52,2,823.87,0.22,1285.24,PayPal,Mobile
9591,2224,20260708,26,559,86,2,437.18,0.13,760.69,Debit Card,Desktop
9592,1539,20261128,37,793,1,3,66.92,0.23,154.59,PayPal,Desktop
9593,3352,20260323,49,1294,85,1,541.93,0.07,503.99,PayPal,Desktop
9594,3291,20260608,5,1083,61,3,624.49,0.17,1554.98,Credit Card,Mobile
9595,957,20261222,23,1578,37,2,241.6,0.21,381.73,Credit Card,Mobile
9596,2846,20260430,10,1407,63,4,281.45,0.04,1080.77,PayPal,Mobile
9597,1269,20260812,31,1810,68,2,734.69,0.09,1337.14,Credit Card,Mobile
9598,2923,20260523,6,38,31,3,856.08,0.14,2208.69,Credit Card,Mobile
9599,474,20260426,26,146,66,4,837.33,0.18,2746.44,Debit Card,Mobile
9600,215,20260324,50,878,33,3,635.28,0.12,1677.14,Debit Card,Mobile
9601,3090,20261102,21,986,57,3,249.29,0.01,740.39,Debit Card,Mobile
9602,3035,20260529,10,803,3,1,964.14,0.11,858.08,Credit Card,Desktop
9603,1424,20260526,32,576,5,4,196.91,0.12,693.12,PayPal,Desktop
9604,1189,20260224,5,499,98,2,471.05,0.08,866.73,PayPal,Mobile
9605,1006,20260611,50,1354,45,3,563.92,0.05,1607.17,Debit Card,Mobile
9606,2193,20260720,50,121,50,2,266.66,0.06,501.32,Credit Card,Desktop
9607,184,20260903,19,1744,98,1,636.8,0.15,541.28,Credit Card,Mobile
9608,11,20260128,21,1932,77,1,59.8,0.06,56.21,PayPal,Desktop
9609,1046,20260115,1,1375,34,4,488.49,0.12,1719.48,PayPal,Desktop
9610,1777,20260917,39,122,62,1,494.14,0.26,365.66,Credit Card,Mobile
9611,2459,20261012,12,110,6,1,188.93,0.03,183.26,PayPal,Mobile
9612,2465,20260301,9,240,88,2,314.9,0.22,491.24,Debit Card,Desktop
9613,2096,20260112,39,573,60,1,595.27,0.27,434.55,PayPal,Mobile
9614,2752,20261111,25,1878,33,1,544.87,0.19,441.34,Debit Card,Mobile
9615,58,20261118,40,876,5,3,998.02,0.19,2425.19,Credit Card,Mobile
9616,3121,20260924,10,1400,27,1,740.54,0.28,533.19,PayPal,Mobile
9617,1298,20260404,21,1391,64,3,277.71,0.06,783.14,Credit Card,Desktop
9618,3091,20261221,41,650,4,1,85.28,0.18,69.93,PayPal,Mobile
9619,2193,20261006,29,311,6,1,860.74,0.19,697.2,Debit Card,Desktop
9620,1808,20260704,32,832,63,4,872.21,0.25,2616.63,PayPal,Desktop
9621,504,20261007,13,1749,2,4,917.82,0.15,3120.59,PayPal,Desktop
9622,7,20260915,3,803,91,3,250.36,0.15,638.42,Debit Card,Mobile
9623,2308,20260308,35,770,46,1,636.38,0.13,553.65,Debit Card,Desktop
9624,3200,20260914,16,821,60,2,944.87,0.18,1549.59,PayPal,Mobile
9625,3478,20260809,48,1013,46,4,761.82,0.17,2529.24,Credit Card,Mobile
9626,3611,20260422,20,1328,8,2,547.79,0.24,832.64,Debit Card,Mobile
9627,3484,20261013,14,144,46,4,563.84,0.03,2187.7,Credit Card,Mobile
9628,2746,20260704,13,620,89,4,708.93,0.06,2665.58,PayPal,Desktop
9629,754,20261201,22,673,51,1,897.29,0.09,816.53,Credit Card,Desktop
9630,2133,20260202,20,448,58,4,998.01,0.13,3473.07,Debit Card,Mobile
9631,812,20260220,12,1596,46,2,785.36,0.22,1225.16,Debit Card,Mobile
9632,2733,20261225,49,474,83,4,415.18,0.11,1478.04,Debit Card,Mobile
9633,3387,20260514,38,390,97,3,690.52,0.12,1822.97,PayPal,Desktop
9634,1344,20260127,37,1911,75,1,297.25,0.21,234.83,Credit Card,Desktop
9635,2517,20261215,16,1887,74,1,691.43,0.0,691.43,Debit Card,Mobile
9636,967,20261228,46,382,36,3,758.66,0.22,1775.26,Debit Card,Desktop
9637,1278,20260912,42,375,41,3,726.16,0.25,1633.86,PayPal,Desktop
9638,2282,20261119,26,1554,75,3,121.69,0.28,262.85,Debit Card,Mobile
9639,3024,20261027,47,1837,81,4,775.82,0.07,2886.05,PayPal,Mobile
9640,2207,20260222,25,1132,45,1,975.35,0.13,848.55,Credit Card,Mobile
9641,918,20261216,22,1222,5,3,90.78,0.21,215.15,Credit Card,Mobile
9642,3477,20260404,30,47,83,4,746.06,0.19,2417.23,Debit Card,Desktop
9643,609,20260213,18,1548,27,3,805.21,0.15,2053.29,Credit Card,Mobile
9644,2286,20260623,24,1803,42,2,633.75,0.15,1077.38,Debit Card,Mobile
9645,1096,20261101,11,1311,52,2,854.02,0.18,1400.59,Credit Card,Desktop
9646,1611,20260701,11,1559,48,1,92.22,0.29,65.48,PayPal,Mobile
9647,3402,20260517,16,1726,99,4,771.09,0.29,2189.9,Debit Card,Mobile
9648,3289,20261020,21,835,78,2,827.54,0.28,1191.66,Credit Card,Desktop
9649,1013,20260324,28,1439,63,2,950.8,0.14,1635.38,PayPal,Mobile
9650,3349,20260831,4,198,45,4,234.1,0.07,870.85,PayPal,Mobile
9651,1918,20260830,19,1470,70,3,921.35,0.29,1962.48,Credit Card,Mobile
9652,2187,20260930,38,1745,3,4,335.8,0.16,1128.29,Debit Card,Mobile
9653,1186,20261022,4,1166,3,3,145.76,0.25,327.96,Credit Card,Mobile
9654,1872,20260625,33,313,42,2,814.5,0.28,1172.88,Debit Card,Mobile
9655,642,20260226,2,1959,30,2,985.78,0.01,1951.84,Debit Card,Mobile
9656,3202,20261119,24,1311,30,2,378.86,0.01,750.14,Credit Card,Desktop
9657,1139,20260101,44,943,70,1,812.25,0.03,787.88,PayPal,Desktop
9658,3829,20261207,3,1279,93,1,107.75,0.21,85.12,Credit Card,Mobile
9659,1447,20260913,33,1886,41,1,115.61,0.16,97.11,Credit Card,Mobile
9660,3903,20260308,48,143,94,4,724.53,0.21,2289.51,Debit Card,Desktop
9661,2310,20260615,50,1367,27,2,297.16,0.27,433.85,Credit Card,Mobile
9662,3910,20260112,5,723,22,2,800.97,0.12,1409.71,PayPal,Desktop
9663,1793,20260116,31,1233,66,4,125.61,0.24,381.85,PayPal,Desktop
9664,1225,20261016,30,1311,90,1,348.02,0.25,261.01,Credit Card,Mobile
9665,3436,20260724,3,156,58,4,224.27,0.1,807.37,Debit Card,Desktop
9666,3290,20261109,35,1321,76,1,123.79,0.21,97.79,Credit Card,Mobile
9667,906,20260412,27,1805,3,2,854.76,0.24,1299.24,PayPal,Desktop
9668,3984,20261125,47,1542,81,3,316.5,0.01,940.0,Credit Card,Desktop
9669,2527,20260810,25,1835,42,1,98.62,0.11,87.77,Credit Card,Desktop
9670,3521,20260416,36,505,10,2,598.75,0.24,910.1,PayPal,Mobile
9671,2063,20260323,11,286,11,2,744.98,0.1,1340.96,PayPal,Desktop
9672,2800,20260105,19,1402,33,3,154.43,0.29,328.94,Debit Card,Desktop
9673,338,20260206,14,1001,2,2,426.0,0.28,613.44,Credit Card,Desktop
9674,2481,20260116,31,1067,42,2,834.13,0.2,1334.61,Credit Card,Mobile
9675,569,20260612,41,933,82,1,728.07,0.24,553.33,Debit Card,Mobile
9676,3596,20261016,8,1756,73,1,281.64,0.18,230.94,Credit Card,Desktop
9677,3760,20260630,35,49,53,3,313.54,0.18,771.31,Credit Card,Mobile
9678,3021,20261023,49,1014,79,3,687.93,0.24,1568.48,Debit Card,Desktop
9679,3445,20260131,39,390,25,2,476.76,0.11,848.63,PayPal,Mobile
9680,3156,20260112,36,381,19,1,191.01,0.24,145.17,Credit Card,Desktop
9681,1158,20260420,22,1617,21,3,796.43,0.29,1696.4,PayPal,Mobile
9682,1298,20260416,29,1904,41,3,287.75,0.14,742.39,Credit Card,Mobile
9683,133,20260316,14,1127,20,4,408.35,0.03,1584.4,Credit Card,Mobile
9684,1309,20260926,49,89,87,3,442.23,0.0,1326.69,Credit Card,Desktop
9685,2310,20260613,49,1290,76,2,112.53,0.01,222.81,PayPal,Desktop
9686,3231,20260330,43,835,38,1,628.51,0.05,597.08,PayPal,Desktop
9687,1195,20260909,22,774,23,3,65.72,0.01,195.19,Credit Card,Desktop
9688,1049,20260703,10,1959,15,4,363.99,0.15,1237.57,Debit Card,Mobile
9689,1456,20261027,37,1609,39,1,887.33,0.23,683.24,Credit Card,Mobile
9690,202,20260509,28,660,39,3,356.61,0.25,802.37,PayPal,Desktop
9691,602,20260927,20,115,84,4,755.71,0.04,2901.93,PayPal,Desktop
9692,2703,20260807,7,1775,68,3,433.02,0.28,935.32,Debit Card,Mobile
9693,3120,20260107,36,1244,2,1,466.4,0.18,382.45,Credit Card,Desktop
9694,133,20260216,13,236,48,1,572.88,0.05,544.24,Debit Card,Desktop
9695,761,20260826,8,1802,53,1,488.78,0.24,371.47,Credit Card,Desktop
9696,1052,20261114,47,574,39,2,810.17,0.05,1539.32,Debit Card,Mobile
9697,1870,20260819,34,1834,66,3,462.74,0.1,1249.4,PayPal,Mobile
9698,2551,20260612,35,1198,60,2,803.39,0.19,1301.49,Debit Card,Desktop
9699,1260,20261215,9,654,92,1,900.84,0.04,864.81,PayPal,Mobile
9700,468,20260912,11,3,100,4,756.49,0.04,2904.92,Credit Card,Desktop
9701,435,20260420,20,660,24,3,808.19,0.0,2424.57,Credit Card,Mobile
9702,3108,20260506,19,274,82,2,174.5,0.19,282.69,Credit Card,Desktop
9703,2346,20260221,21,450,66,3,513.11,0.06,1446.97,Debit Card,Mobile
9704,2092,20260108,20,841,56,4,883.5,0.02,3463.32,Credit Card,Mobile
9705,1104,20260505,39,105,84,2,729.9,0.03,1416.01,Credit Card,Mobile
9706,800,20260430,25,1515,5,1,981.25,0.07,912.56,Debit Card,Desktop
9707,1846,20260317,13,182,10,2,744.64,0.02,1459.49,Debit Card,Desktop
9708,718,20260908,16,1030,55,3,869.0,0.12,2294.16,Debit Card,Mobile
9709,396,20260727,46,772,10,3,272.57,0.01,809.53,PayPal,Mobile
9710,882,20260407,34,897,75,3,82.69,0.24,188.53,Debit Card,Mobile
9711,32,20260723,47,726,38,3,250.62,0.28,541.34,Debit Card,Desktop
9712,2713,20260710,26,1274,67,1,119.11,0.25,89.33,Credit Card,Mobile
9713,2877,20260406,36,1829,9,2,628.58,0.17,1043.44,Credit Card,Mobile
9714,2309,20261108,6,960,61,1,971.09,0.24,738.03,PayPal,Mobile
9715,766,20260211,32,949,83,1,596.61,0.21,471.32,Credit Card,Desktop
9716,1350,20261030,41,1149,57,1,369.25,0.15,313.86,Debit Card,Desktop
9717,2005,20260304,46,1508,95,3,196.85,0.21,466.53,Debit Card,Desktop
9718,1475,20260609,29,586,28,3,152.94,0.25,344.12,Debit Card,Desktop
9719,2183,20261104,5,442,19,3,551.52,0.09,1505.65,PayPal,Mobile
9720,3935,20260916,12,1262,88,2,965.27,0.24,1467.21,Debit Card,Desktop
9721,1833,20260915,13,666,22,4,309.12,0.08,1137.56,Debit Card,Desktop
9722,2949,20260118,20,1743,81,3,812.16,0.03,2363.39,PayPal,Mobile
9723,3779,20260412,47,762,19,2,152.24,0.08,280.12,Debit Card,Desktop
9724,1769,20260129,17,658,36,3,973.55,0.08,2687.0,Credit Card,Mobile
9725,2164,20261121,12,865,41,3,218.91,0.02,643.6,Credit Card,Mobile
9726,2385,20261028,9,831,99,1,292.5,0.06,274.95,Credit Card,Mobile
9727,3809,20260819,3,1227,45,1,80.91,0.2,64.73,Credit Card,Mobile
9728,3349,20260422,6,1391,24,1,835.41,0.18,685.04,Credit Card,Mobile
9729,405,20260814,23,1133,33,2,733.84,0.3,1027.38,Credit Card,Desktop
9730,2218,20261224,49,1783,61,4,130.16,0.27,380.07,PayPal,Desktop
9731,1345,20260403,33,443,12,4,199.49,0.04,766.04,PayPal,Mobile
9732,108,20260329,13,597,4,2,641.95,0.11,1142.67,PayPal,Desktop
9733,383,20260302,18,1694,69,3,742.85,0.26,1649.13,Debit Card,Desktop
9734,3173,20260428,29,1958,84,2,951.76,0.04,1827.38,Debit Card,Mobile
9735,2969,20261015,36,1791,99,3,491.37,0.03,1429.89,Debit Card,Mobile
9736,3344,20261031,33,519,84,2,505.12,0.09,919.32,Debit Card,Desktop
9737,1997,20260305,45,1903,86,2,611.2,0.12,1075.71,Debit Card,Desktop
9738,1161,20261104,11,1347,79,2,191.22,0.21,302.13,Credit Card,Mobile
9739,498,20260425,3,283,66,4,638.95,0.04,2453.57,Credit Card,Mobile
9740,1229,20260224,2,594,92,1,948.33,0.15,806.08,Debit Card,Desktop
9741,1531,20260428,9,242,93,2,502.26,0.15,853.84,PayPal,Desktop
9742,992,20260102,37,1741,62,4,171.98,0.15,584.73,Credit Card,Mobile
9743,1733,20260802,9,1186,41,1,694.96,0.29,493.42,PayPal,Mobile
9744,459,20260127,38,811,85,1,839.08,0.14,721.61,Debit Card,Desktop
9745,272,20260908,44,825,50,2,875.26,0.28,1260.37,Credit Card,Desktop
9746,2785,20260517,48,1562,68,3,570.75,0.26,1267.07,PayPal,Desktop
9747,558,20261120,19,699,8,3,811.12,0.08,2238.69,Debit Card,Desktop
9748,1733,20260530,36,1532,38,3,859.56,0.07,2398.17,Debit Card,Mobile
9749,2022,20260330,27,864,57,2,446.03,0.27,651.2,Credit Card,Mobile
9750,1106,20260625,6,1424,60,3,400.41,0.09,1093.12,PayPal,Mobile
9751,3901,20260404,35,1951,14,4,134.19,0.05,509.92,PayPal,Desktop
9752,1601,20260922,14,611,42,4,401.7,0.25,1205.1,PayPal,Desktop
9753,3763,20260802,32,130,1,4,759.32,0.18,2490.57,Debit Card,Desktop
9754,3429,20261201,48,1808,71,4,972.32,0.15,3305.89,Credit Card,Desktop
9755,1245,20261224,12,422,47,1,274.44,0.05,260.72,PayPal,Mobile
9756,48,20260929,2,680,18,4,881.04,0.19,2854.57,Debit Card,Mobile
9757,3944,20260418,12,671,69,3,424.62,0.14,1095.52,Debit Card,Mobile
9758,1053,20260917,1,1453,71,2,224.7,0.02,440.41,Debit Card,Desktop
9759,2590,20260513,20,958,15,3,197.21,0.03,573.88,Credit Card,Mobile
9760,1863,20260712,41,393,31,4,942.05,0.14,3240.65,PayPal,Mobile
9761,3545,20260117,42,1385,79,1,73.3,0.03,71.1,Credit Card,Desktop
9762,2514,20261011,45,1368,61,4,629.25,0.28,1812.24,Debit Card,Mobile
9763,2601,20260328,23,328,31,2,871.63,0.06,1638.66,Debit Card,Desktop
9764,3285,20261215,36,440,86,3,404.98,0.13,1057.0,PayPal,Desktop
9765,3977,20260720,5,806,96,2,109.22,0.09,198.78,PayPal,Mobile
9766,793,20260612,39,878,97,2,360.55,0.13,627.36,PayPal,Mobile
9767,3733,20261210,49,239,82,2,345.3,0.19,559.39,Credit Card,Desktop
9768,3937,20260405,36,533,51,3,305.32,0.04,879.32,Debit Card,Mobile
9769,1954,20260413,6,918,56,4,282.03,0.24,857.37,PayPal,Desktop
9770,1111,20260409,38,1262,35,2,532.4,0.26,787.95,Credit Card,Desktop
9771,2518,20260820,29,316,66,3,491.39,0.04,1415.2,Credit Card,Mobile
9772,302,20260912,20,1,4,1,977.67,0.22,762.58,PayPal,Desktop
9773,2037,20260712,39,1110,13,3,926.87,0.02,2725.0,Debit Card,Mobile
9774,2151,20260810,22,922,96,1,154.42,0.29,109.64,Debit Card,Mobile
9775,469,20260519,25,599,22,3,891.65,0.05,2541.2,PayPal,Mobile
9776,3012,20261221,34,104,68,4,972.73,0.03,3774.19,Credit Card,Desktop
9777,1306,20260510,9,172,94,2,648.89,0.28,934.4,Credit Card,Mobile
9778,2362,20260227,20,1611,55,4,964.19,0.21,3046.84,Credit Card,Mobile
9779,3051,20260507,31,1984,73,3,583.94,0.23,1348.9,PayPal,Desktop
9780,2430,20260317,3,208,60,2,465.92,0.13,810.7,Debit Card,Mobile
9781,3272,20260712,22,1920,30,1,640.57,0.02,627.76,Credit Card,Desktop
9782,968,20260201,25,466,78,3,701.19,0.18,1724.93,PayPal,Desktop
9783,2624,20260623,14,836,33,2,923.31,0.27,1348.03,Debit Card,Mobile
9784,228,20261019,23,640,92,1,411.98,0.21,325.46,Debit Card,Mobile
9785,682,20260208,26,972,16,1,609.61,0.23,469.4,Credit Card,Desktop
9786,47,20261002,19,1638,64,4,794.4,0.27,2319.65,Debit Card,Mobile
9787,3018,20260917,2,897,32,3,973.54,0.07,2716.18,Debit Card,Desktop
9788,2381,20260804,30,1445,33,1,95.51,0.22,74.5,Credit Card,Desktop
9789,1105,20260812,17,1714,97,2,540.28,0.23,832.03,PayPal,Mobile
9790,946,20260610,16,519,69,1,804.66,0.29,571.31,PayPal,Desktop
9791,248,20261018,1,257,23,1,353.23,0.12,310.84,Credit Card,Desktop
9792,283,20260805,46,1489,64,4,310.73,0.11,1106.2,PayPal,Desktop
9793,1716,20261219,9,1406,86,4,894.65,0.1,3220.74,PayPal,Desktop
9794,1231,20260516,43,251,20,2,171.28,0.06,322.01,PayPal,Mobile
9795,3561,20260528,31,48,31,4,830.41,0.07,3089.13,Debit Card,Desktop
9796,1708,20260406,33,767,62,1,422.83,0.18,346.72,Debit Card,Mobile
9797,425,20261102,13,1274,34,1,111.59,0.19,90.39,Debit Card,Mobile
9798,3830,20260501,6,771,28,4,171.17,0.12,602.52,PayPal,Desktop
9799,622,20260926,50,1597,20,1,148.88,0.04,142.92,Debit Card,Mobile
9800,2123,20260331,8,1764,45,1,810.31,0.14,696.87,Credit Card,Mobile
9801,1545,20260607,15,1240,66,2,461.31,0.02,904.17,Credit Card,Mobile
9802,144,20260927,50,802,1,4,364.29,0.08,1340.59,PayPal,Mobile
9803,218,20261109,4,1445,63,1,809.62,0.26,599.12,PayPal,Desktop
9804,3148,20261023,1,822,13,4,779.14,0.06,2929.57,Debit Card,Desktop
9805,549,20260403,3,934,45,2,942.82,0.27,1376.52,Credit Card,Mobile
9806,1391,20260503,29,1211,54,4,334.95,0.23,1031.65,PayPal,Mobile
9807,669,20260107,17,7,13,1,281.43,0.02,275.8,Debit Card,Mobile
9808,2510,20261214,45,1792,81,4,202.15,0.02,792.43,Debit Card,Desktop
9809,2598,20260418,27,1001,33,1,942.15,0.04,904.46,Credit Card,Mobile
9810,1000,20261113,29,1124,13,1,324.18,0.3,226.93,Debit Card,Mobile
9811,2941,20260301,15,859,7,1,604.65,0.16,507.91,Debit Card,Mobile
9812,3692,20260516,6,1820,26,2,88.0,0.29,124.96,Credit Card,Mobile
9813,1531,20260628,14,384,58,4,489.7,0.07,1821.68,PayPal,Mobile
9814,506,20260917,27,996,16,2,211.94,0.07,394.21,Debit Card,Mobile
9815,3881,20261103,48,1856,90,4,884.93,0.12,3114.95,PayPal,Mobile
9816,2277,20261204,6,589,38,2,494.4,0.1,889.92,Credit Card,Mobile
9817,638,20260423,43,202,41,3,376.87,0.27,825.35,Debit Card,Mobile
9818,689,20260314,20,1808,64,1,256.3,0.19,207.6,Debit Card,Desktop
9819,2326,20260927,9,1952,64,1,946.96,0.14,814.39,Credit Card,Desktop
9820,223,20260701,14,1440,45,2,749.87,0.07,1394.76,PayPal,Desktop
9821,3001,20261103,2,1145,64,3,484.29,0.25,1089.65,PayPal,Desktop
9822,3662,20260221,31,1265,84,1,485.05,0.3,339.53,Credit Card,Mobile
9823,3024,20260811,48,1808,77,4,616.29,0.17,2046.08,PayPal,Desktop
9824,844,20260909,21,335,16,2,225.92,0.04,433.77,Credit Card,Desktop
9825,3404,20261004,17,1909,54,1,963.59,0.03,934.68,PayPal,Mobile
9826,3262,20260505,38,1488,30,1,889.59,0.25,667.19,Credit Card,Mobile
9827,3899,20260419,43,592,74,2,547.42,0.06,1029.15,Credit Card,Mobile
9828,551,20260615,48,571,78,2,710.53,0.21,1122.64,Credit Card,Desktop
9829,1904,20260227,26,382,72,4,92.18,0.08,339.22,Debit Card,Mobile
9830,3219,20260104,5,844,36,4,287.48,0.0,1149.92,Credit Card,Desktop
9831,1918,20260114,49,1992,85,1,266.42,0.18,218.46,Debit Card,Mobile
9832,84,20260301,28,1256,5,1,155.03,0.27,113.17,Debit Card,Mobile
9833,2650,20260915,33,302,9,2,608.66,0.03,1180.8,PayPal,Mobile
9834,3935,20260328,17,1909,37,1,50.08,0.04,48.08,Credit Card,Desktop
9835,3196,20260111,27,1499,38,1,115.71,0.27,84.47,PayPal,Mobile
9836,2509,20260624,24,1932,64,2,830.72,0.01,1644.83,PayPal,Desktop
9837,2652,20260717,15,518,29,1,550.53,0.03,534.01,Credit Card,Desktop
9838,3455,20260425,7,531,75,1,841.69,0.18,690.19,Credit Card,Mobile
9839,852,20260922,24,1443,79,3,663.88,0.23,1533.56,Debit Card,Mobile
9840,3942,20260522,11,1583,55,4,896.6,0.14,3084.3,Credit Card,Desktop
9841,3053,20260816,15,1171,13,2,148.95,0.18,244.28,Debit Card,Desktop
9842,1812,20260327,48,1905,26,3,471.64,0.27,1032.89,Credit Card,Desktop
9843,42,20261226,15,812,37,4,178.46,0.08,656.73,PayPal,Mobile
9844,3914,20260107,23,1687,85,4,890.74,0.05,3384.81,Debit Card,Mobile
9845,3044,20260809,41,1956,86,4,723.97,0.27,2113.99,Debit Card,Desktop
9846,598,20260805,31,1523,64,3,397.53,0.02,1168.74,PayPal,Desktop
9847,540,20260423,14,1303,50,3,199.19,0.03,579.64,Debit Card,Desktop
9848,2403,20260811,13,10,4,4,328.05,0.03,1272.83,Credit Card,Desktop
9849,748,20261112,17,1944,2,1,51.1,0.28,36.79,Credit Card,Mobile
9850,2078,20261027,15,1602,40,1,205.96,0.29,146.23,Credit Card,Desktop
9851,1740,20260520,13,48,76,3,965.45,0.11,2577.75,PayPal,Mobile
9852,218,20260713,48,588,99,3,455.08,0.09,1242.37,PayPal,Desktop
9853,3434,20260110,20,638,53,3,927.22,0.29,1974.98,Debit Card,Mobile
9854,2366,20260619,10,1423,30,4,489.92,0.15,1665.73,Credit Card,Mobile
9855,3239,20260312,18,1184,85,1,549.45,0.06,516.48,Credit Card,Desktop
9856,3587,20260601,3,974,40,3,365.1,0.23,843.38,PayPal,Mobile
9857,2232,20261113,2,402,92,3,694.25,0.04,1999.44,Debit Card,Desktop
9858,266,20260518,1,1811,43,2,78.62,0.02,154.1,Debit Card,Desktop
9859,3927,20260831,47,886,33,4,617.32,0.07,2296.43,PayPal,Desktop
9860,627,20260605,8,1687,52,2,336.4,0.29,477.69,PayPal,Desktop
9861,2848,20261216,33,886,73,1,547.26,0.24,415.92,Debit Card,Desktop
9862,3561,20261025,21,1270,56,2,272.26,0.09,495.51,Credit Card,Desktop
9863,2728,20260831,13,1485,11,2,168.98,0.24,256.85,Debit Card,Mobile
9864,1875,20261211,38,586,71,2,432.54,0.11,769.92,Credit Card,Desktop
9865,98,20260823,3,159,96,4,353.03,0.04,1355.64,Debit Card,Desktop
9866,1070,20260607,24,1005,31,1,486.48,0.02,476.75,Debit Card,Desktop
9867,601,20260919,1,1656,88,2,828.42,0.21,1308.9,Credit Card,Mobile
9868,212,20260923,29,1941,67,4,519.47,0.19,1683.08,PayPal,Desktop
9869,3115,20260204,16,1633,20,1,504.71,0.22,393.67,PayPal,Mobile
9870,427,20260711,24,1475,47,3,682.12,0.18,1678.02,Debit Card,Mobile
9871,994,20260323,45,277,52,2,218.85,0.04,420.19,Credit Card,Mobile
9872,1612,20260821,40,1964,94,1,906.73,0.09,825.12,PayPal,Mobile
9873,2354,20260327,41,164,18,2,107.34,0.27,156.72,Debit Card,Mobile
9874,2544,20260417,42,1552,5,3,345.33,0.06,973.83,PayPal,Desktop
9875,1360,20260210,26,1425,91,1,718.48,0.08,661.0,Debit Card,Mobile
9876,95,20260813,9,1449,92,4,535.46,0.14,1841.98,Credit Card,Desktop
9877,326,20261013,18,807,61,1,326.7,0.21,258.09,Credit Card,Mobile
9878,2551,20261127,10,251,32,4,609.63,0.22,1902.05,PayPal,Desktop
9879,641,20260121,32,538,2,1,156.92,0.06,147.5,Credit Card,Mobile
9880,3019,20260812,31,1635,35,4,610.8,0.19,1978.99,Credit Card,Desktop
9881,3119,20260213,49,739,81,3,561.27,0.03,1633.3,Debit Card,Desktop
9882,1521,20261212,6,766,8,3,775.08,0.29,1650.92,Credit Card,Mobile
9883,1396,20260919,39,1148,18,3,431.19,0.08,1190.08,Credit Card,Desktop
9884,3111,20260301,16,1048,53,1,396.7,0.14,341.16,Credit Card,Mobile
9885,2584,20261008,15,1816,8,3,382.56,0.28,826.33,Credit Card,Mobile
9886,2417,20260703,39,1483,47,2,260.83,0.1,469.49,Credit Card,Desktop
9887,2894,20260403,49,1430,42,3,60.5,0.27,132.5,Debit Card,Mobile
9888,3935,20260102,19,1741,18,4,654.13,0.21,2067.05,Credit Card,Mobile
9889,3314,20260314,16,1266,54,4,855.49,0.17,2840.23,Debit Card,Mobile
9890,355,20260817,3,797,91,4,813.02,0.26,2406.54,Credit Card,Mobile
9891,18,20260213,15,279,21,1,718.08,0.19,581.64,Credit Card,Mobile
9892,815,20260508,45,1012,93,2,387.07,0.09,704.47,Debit Card,Desktop
9893,1373,20260417,26,78,18,3,827.45,0.21,1961.06,Debit Card,Desktop
9894,706,20261227,6,1738,51,2,346.26,0.03,671.74,Credit Card,Mobile
9895,3768,20260509,12,344,30,2,348.54,0.27,508.87,PayPal,Desktop
9896,3346,20260315,17,447,74,4,314.44,0.28,905.59,Debit Card,Mobile
9897,223,20261102,30,1193,25,4,907.7,0.11,3231.41,PayPal,Mobile
9898,2581,20260103,2,1519,59,4,382.37,0.03,1483.6,Credit Card,Mobile
9899,3388,20260929,24,410,89,1,836.4,0.12,736.03,Debit Card,Desktop
9900,3845,20261205,13,1281,20,2,109.88,0.11,195.59,Credit Card,Mobile
9901,1115,20261013,10,1333,36,2,267.0,0.11,475.26,PayPal,Desktop
9902,3957,20260105,11,1468,94,1,719.19,0.1,647.27,PayPal,Mobile
9903,3427,20260128,34,1888,53,1,740.89,0.13,644.57,Credit Card,Desktop
9904,2384,20260817,14,1854,87,1,675.13,0.24,513.1,Credit Card,Desktop
9905,2819,20260726,18,1240,22,2,723.33,0.2,1157.33,PayPal,Desktop
9906,2305,20260413,37,844,66,2,779.36,0.19,1262.56,Credit Card,Mobile
9907,2957,20260405,40,395,7,4,724.92,0.11,2580.72,Credit Card,Desktop
9908,3703,20260609,11,1515,37,4,473.76,0.08,1743.44,PayPal,Desktop
9909,3443,20260607,35,186,66,2,184.84,0.17,306.83,Credit Card,Mobile
9910,1538,20260622,26,1620,94,4,395.33,0.25,1185.99,PayPal,Mobile
9911,1798,20260905,11,1241,59,1,665.88,0.05,632.59,Credit Card,Mobile
9912,2282,20260503,26,877,3,3,462.06,0.21,1095.08,Credit Card,Mobile
9913,1457,20261028,4,240,92,4,432.2,0.02,1694.22,Credit Card,Desktop
9914,3071,20260131,44,428,40,2,331.05,0.2,529.68,Credit Card,Desktop
9915,2000,20260802,8,411,64,4,53.84,0.2,172.29,Debit Card,Desktop
9916,91,20261116,17,954,4,4,255.73,0.11,910.4,Debit Card,Mobile
9917,1736,20260123,26,1477,39,4,677.28,0.28,1950.57,Debit Card,Desktop
9918,1099,20260407,16,29,90,3,395.61,0.18,973.2,PayPal,Mobile
9919,483,20260318,21,500,85,1,172.98,0.18,141.84,Debit Card,Desktop
9920,3795,20260412,1,1324,83,2,165.63,0.14,284.88,Debit Card,Mobile
9921,601,20261114,5,1545,53,3,572.14,0.05,1630.6,Credit Card,Desktop
9922,741,20261114,18,18,91,2,872.74,0.05,1658.21,PayPal,Desktop
9923,1207,20261121,37,408,68,2,65.61,0.19,106.29,Credit Card,Desktop
9924,3472,20260210,49,299,42,2,436.73,0.26,646.36,PayPal,Mobile
9925,3643,20260919,2,288,73,3,524.7,0.09,1432.43,Credit Card,Mobile
9926,3511,20260418,2,1765,27,1,179.2,0.14,154.11,PayPal,Mobile
9927,3793,20260305,27,1639,42,2,584.57,0.3,818.4,PayPal,Mobile
9928,2563,20260718,33,761,43,1,295.09,0.06,277.38,PayPal,Mobile
9929,1653,20260313,45,484,15,1,632.68,0.15,537.78,PayPal,Mobile
9930,3479,20260615,1,1258,58,4,533.07,0.07,1983.02,Debit Card,Mobile
9931,3427,20261204,21,48,64,3,331.38,0.11,884.78,Debit Card,Mobile
9932,3639,20260225,40,484,60,3,570.17,0.16,1436.83,Debit Card,Desktop
9933,2843,20260503,17,1305,6,4,257.16,0.18,843.48,PayPal,Desktop
9934,3726,20261202,13,1864,22,4,908.76,0.07,3380.59,PayPal,Desktop
9935,808,20261214,47,671,3,1,645.9,0.07,600.69,Debit Card,Desktop
9936,2537,20260605,2,329,42,2,281.08,0.22,438.48,Debit Card,Desktop
9937,3994,20260215,35,10,51,3,680.73,0.05,1940.08,Debit Card,Desktop
9938,3966,20260608,27,1661,62,2,574.3,0.3,804.02,PayPal,Desktop
9939,3878,20260921,33,731,92,2,617.68,0.12,1087.12,Debit Card,Mobile
9940,3031,20260317,7,212,68,4,506.22,0.26,1498.41,PayPal,Mobile
9941,3951,20260804,15,1637,93,2,103.19,0.3,144.47,Debit Card,Mobile
9942,1380,20261224,20,732,53,1,671.93,0.22,524.11,PayPal,Desktop
9943,3429,20260223,18,361,29,4,367.59,0.19,1190.99,PayPal,Desktop
9944,2490,20260208,20,256,29,2,973.99,0.09,1772.66,PayPal,Mobile
9945,264,20260321,18,1457,5,4,810.64,0.23,2496.77,Credit Card,Mobile
9946,1411,20260225,3,1360,39,1,687.73,0.17,570.82,PayPal,Desktop
9947,1250,20260329,21,1033,89,1,685.04,0.03,664.49,PayPal,Mobile
9948,2593,20261129,47,813,90,2,760.26,0.03,1474.9,Credit Card,Desktop
9949,587,20260702,26,390,38,4,146.0,0.15,496.4,PayPal,Desktop
9950,2260,20260702,11,595,64,2,352.5,0.11,627.45,Debit Card,Mobile
9951,2190,20261220,17,732,76,2,732.98,0.09,1334.02,Debit Card,Mobile
9952,2815,20260318,6,786,3,4,95.55,0.01,378.38,Credit Card,Mobile
9953,1788,20260808,31,939,64,2,542.47,0.2,867.95,Debit Card,Mobile
9954,3345,20261027,30,823,32,1,217.93,0.04,209.21,Debit Card,Desktop
9955,3189,20260624,29,1276,39,4,379.81,0.11,1352.12,PayPal,Mobile
9956,3488,20260223,25,783,57,4,696.03,0.18,2282.98,Credit Card,Mobile
9957,1374,20260724,12,277,78,4,206.04,0.11,733.5,Credit Card,Desktop
9958,334,20260327,35,976,82,4,869.22,0.17,2885.81,PayPal,Mobile
9959,1913,20261204,22,1242,99,2,754.82,0.21,1192.62,Credit Card,Desktop
9960,405,20261121,14,160,100,2,174.56,0.11,310.72,Debit Card,Desktop
9961,3995,20260315,14,1749,68,1,869.72,0.14,747.96,PayPal,Desktop
9962,2269,20260901,22,614,82,3,682.81,0.29,1454.39,PayPal,Mobile
9963,1009,20260816,40,435,36,3,606.09,0.27,1327.34,Credit Card,Mobile
9964,1228,20260405,27,1420,24,1,952.27,0.26,704.68,PayPal,Desktop
9965,2823,20260126,10,1475,1,3,406.51,0.12,1073.19,Debit Card,Desktop
9966,1518,20260824,46,34,29,1,342.23,0.21,270.36,Debit Card,Desktop
9967,1677,20260107,1,662,47,2,167.85,0.27,245.06,Debit Card,Mobile
9968,1827,20260523,43,130,17,4,858.74,0.15,2919.72,Credit Card,Desktop
9969,1482,20260401,32,821,67,4,578.1,0.21,1826.8,Debit Card,Desktop
9970,869,20260510,49,1610,80,2,193.96,0.12,341.37,PayPal,Mobile
9971,2035,20261114,45,899,33,4,347.1,0.14,1194.02,PayPal,Mobile
9972,2822,20260805,18,1077,73,4,549.85,0.15,1869.49,PayPal,Desktop
9973,3467,20260302,7,1347,84,3,705.06,0.28,1522.93,Debit Card,Mobile
9974,3885,20260109,14,745,95,2,578.72,0.08,1064.84,PayPal,Mobile
9975,8,20260625,4,854,86,3,734.16,0.23,1695.91,Debit Card,Mobile
9976,3700,20260817,46,1405,34,3,645.97,0.01,1918.53,Debit Card,Mobile
9977,1877,20260110,41,388,36,4,79.94,0.24,243.02,Credit Card,Desktop
9978,631,20260321,48,175,19,4,505.88,0.23,1558.11,PayPal,Mobile
9979,3936,20260506,19,494,68,2,240.77,0.02,471.91,Credit Card,Mobile
9980,2014,20261008,46,721,99,4,872.59,0.16,2931.9,Credit Card,Desktop
9981,2971,20260602,27,37,4,4,151.48,0.29,430.2,Credit Card,Desktop
9982,1403,20261120,44,1541,66,2,880.04,0.13,1531.27,Debit Card,Mobile
9983,1056,20260925,9,1550,4,4,591.31,0.2,1892.19,Debit Card,Mobile
9984,532,20260531,43,1899,4,3,559.22,0.14,1442.79,Credit Card,Mobile
9985,1760,20260628,23,1629,41,2,976.9,0.23,1504.43,Credit Card,Mobile
9986,1176,20260112,34,128,30,4,347.95,0.24,1057.77,Credit Card,Mobile
9987,474,20260630,26,1697,9,1,147.28,0.14,126.66,PayPal,Desktop
9988,2448,20260602,1,1559,85,2,439.61,0.05,835.26,Debit Card,Desktop
9989,1820,20260224,5,1698,97,2,569.16,0.21,899.27,Credit Card,Mobile
9990,2745,20260915,23,137,34,1,973.4,0.25,730.05,Debit Card,Mobile
9991,1506,20260704,35,568,69,4,326.08,0.14,1121.72,PayPal,Desktop
9992,1676,20260603,12,4,55,4,782.14,0.22,2440.28,PayPal,Mobile
9993,2091,20261228,25,1914,63,2,664.66,0.09,1209.68,Credit Card,Desktop
9994,2896,20260109,39,978,51,2,918.49,0.06,1726.76,Credit Card,Desktop
9995,1243,20260513,47,1880,11,4,240.39,0.24,730.79,Debit Card,Mobile
9996,1200,20261211,23,1134,66,4,226.02,0.11,804.63,Debit Card,Mobile
9997,2336,20260305,1,1253,12,3,565.48,0.18,1391.08,Credit Card,Mobile
9998,3933,20260129,38,1394,6,2,212.11,0.07,394.52,Credit Card,Mobile
9999,955,20261105,37,1945,35,2,603.41,0.13,1049.93,PayPal,Mobile
10000,150,20260606,28,1387,1,1,50.36,0.06,47.34,Debit Card,Desktop
